method,seed,step,training_seconds,wall_seconds,d_loss,g_loss,coverage,valid_fraction,mode_tv,mode_0_mass,mode_1_mass,mode_2_mass,mode_3_mass,mode_4_mass,mode_5_mass,mode_6_mass,mode_7_mass,mode_8_mass,mode_9_mass,mode_10_mass,mode_11_mass,mode_12_mass,mode_13_mass,mode_14_mass,mode_15_mass,mode_16_mass,mode_17_mass,mode_18_mass,mode_19_mass,mode_20_mass,mode_21_mass,mode_22_mass,mode_23_mass,mode_24_mass,reference_weight_0,reference_weight_1,reference_weight_2,reference_weight_3,reference_weight_4,reference_weight_5,reference_weight_6,reference_weight_7,reference_weight_8,reference_weight_9,reference_weight_10,reference_weight_11,reference_weight_12,reference_weight_13,reference_weight_14,reference_weight_15,reference_weight_16,reference_weight_17,reference_weight_18,reference_weight_19,reference_weight_20,reference_weight_21,reference_weight_22,reference_weight_23,reference_weight_24,ema_mass_0,ema_mass_1,ema_mass_2,ema_mass_3,ema_mass_4,ema_mass_5,ema_mass_6,ema_mass_7,ema_mass_8,ema_mass_9,ema_mass_10,ema_mass_11,ema_mass_12,ema_mass_13,ema_mass_14,ema_mass_15,ema_mass_16,ema_mass_17,ema_mass_18,ema_mass_19,ema_mass_20,ema_mass_21,ema_mass_22,ema_mass_23,ema_mass_24
dual_slot,0,0,0.0,0.007001957972534001,nan,nan,1,0.9789,0.96,0.0,0.0,0.0,0.0,0.0,0.0,0.0,0.0,0.0,0.0,0.0,0.0,0.9789,0.0,0.0,0.0,0.0,0.0,0.0,0.0,0.0,0.0,0.0,0.0,0.0,0.04,0.04,0.04,0.04,0.04,0.04,0.04,0.04,0.04,0.04,0.04,0.04,0.04,0.04,0.04,0.04,0.04,0.04,0.04,0.04,0.04,0.04,0.04,0.04,0.04,0.04,0.04,0.04,0.04,0.04,0.04,0.04,0.04,0.04,0.04,0.04,0.04,0.04,0.04,0.04,0.04,0.04,0.04,0.04,0.04,0.04,0.04,0.04,0.04,0.04
dual_slot,0,1000,1.9165625254390761,1.9289523749612272,0.6878420114517212,0.7029388546943665,0,0.11429999999999996,0.8857,0.0018,0.0034,0.0044,0.0042,0.0017,0.0033,0.0058,0.007,0.0066,0.0033,0.0034,0.007,0.0074,0.0089,0.0036,0.0042,0.0058,0.0084,0.0054,0.003,0.0021,0.003,0.0043,0.0042,0.0021,0.04150569775878473,0.04071108875073306,0.039818261011424015,0.040387824967327596,0.04150330018100215,0.04050870685916823,0.039248600373941844,0.038250774410968,0.038148363019752385,0.04023615098717727,0.04037289434168549,0.03899341007029556,0.03819556152043872,0.03851938464897674,0.04047728077296307,0.040866750443495435,0.0392906411676152,0.03908045650320072,0.039315310603496426,0.04055284260654156,0.041307814795763426,0.04064647898247093,0.04015237462431581,0.04044762704865158,0.04146240354981015,0.001654877802543593,0.0030959657679765413,0.004671290505139349,0.00370540193829011,0.0016591081410779903,0.0034139902917092626,0.005676412159074618,0.007476060552241989,0.007656757444650439,0.003894893817106684,0.0036536208598326085,0.006126675496915349,0.00757347938056865,0.006963056289503037,0.003508501663660191,0.0028603753820491983,0.005602234465743928,0.00593402637208289,0.005519644674997327,0.003375178716376225,0.0020040268186256732,0.003170902152335186,0.004081773159028868,0.0036389483416280574,0.001731267049170639
dual_slot,0,2000,3.723083014250733,3.7413241249741986,0.6849415302276611,0.7028107047080994,0,0.1109,0.8891,0.0037,0.0037,0.0045,0.0056,0.0031,0.0047,0.0056,0.0071,0.0052,0.0038,0.0027,0.0076,0.0048,0.0059,0.0029,0.0048,0.0059,0.0051,0.0066,0.0032,0.0023,0.0033,0.0026,0.0024,0.0038,0.04109717222751014,0.040544422126507274,0.04087249499514016,0.04056097309924353,0.041094742778703314,0.040293149474567184,0.038650950247551656,0.038723650528570214,0.03804540169150835,0.040726227150208016,0.04079479962778989,0.03898529171933868,0.039172215127908,0.03869264987524078,0.04075838166963097,0.04036642409861517,0.0386647973660318,0.0390946935385829,0.038220988635703154,0.040601752152296916,0.040909513202153476,0.04056814987329649,0.040783806381303474,0.040751325267946795,0.041026027144651735,0.00258919302283047,0.0035979460137746345,0.003022407193477902,0.003529848112697177,0.0025934550092180466,0.00403875407654759,0.00691966711805343,0.006753066385016902,0.00809916953312049,0.003357130135485087,0.003119645815401324,0.006411256276030179,0.006044273706009947,0.00680745088660646,0.0032616589045436563,0.0038711457725071614,0.006934437593334087,0.006219332468832962,0.0076739495428310486,0.0034973718469803834,0.0029574660866965785,0.0035563203851383075,0.003138931287377067,0.0031959129626406417,0.0027140029689527037
dual_slot,0,3000,5.678344399202615,5.703116666991264,0.6906856894493103,0.6982157230377197,0,0.11219999999999997,0.8877999999999999,0.0069,0.0029,0.0024,0.0018,0.0043,0.0035,0.006,0.0048,0.0056,0.0061,0.0023,0.0057,0.0037,0.0056,0.0039,0.0031,0.0044,0.0055,0.0058,0.0046,0.0072,0.0029,0.003,0.0031,0.0071,0.039129671239711956,0.04055286821243272,0.04090844404212115,0.04081113450787048,0.03957707334195032,0.04094773951573549,0.038891147403845375,0.039275503360796646,0.038679288608777375,0.04010993098871571,0.04112533854181627,0.039800812880365195,0.04025530995422739,0.039299737913740904,0.040981235058033166,0.04044475699247689,0.039297944509472715,0.0398471512622744,0.038786170101258656,0.040579815625469015,0.03928938124159392,0.04065750081609912,0.04096353713747834,0.04078898728401591,0.038999519459720924,0.006296168777419677,0.0036476710363428596,0.002985937834178318,0.003156342543835499,0.005356445442365469,0.002917125113783982,0.006518550034872676,0.005962668181970699,0.007045798999566978,0.0044233256480423165,0.0026451830374314414,0.005003703877368039,0.004168743601184873,0.005842104565961086,0.002897531509795844,0.003876053742108121,0.005884307606463834,0.004883495387141826,0.006741444745206785,0.0035614192641937204,0.005977428271460494,0.003425379949486011,0.0028894609268459407,0.003195125909511974,0.006445960563287806
dual_slot,0,4000,8.092797311139293,8.124915833002888,0.6944043636322021,0.6959041357040405,0,0.12290000000000001,0.8771,0.0019,0.0016,0.0018,0.0017,0.0004,0.0063,0.0044,0.0042,0.006,0.0078,0.0076,0.0025,0.0038,0.004,0.0061,0.0094,0.0029,0.0031,0.0042,0.006,0.0097,0.0077,0.0074,0.008,0.0044,0.040066895507374384,0.03970760157639866,0.039736356601659834,0.03918458869497899,0.04058254010888188,0.039523004192854316,0.0405254683630434,0.040594291284347286,0.03978031121645062,0.03908686470331958,0.039204556180466144,0.040910605108668924,0.04071126329682585,0.040684768978531585,0.039431971117751256,0.03946267051497017,0.04033077509729298,0.04093620932313684,0.04049003753451054,0.039462774713241375,0.03996065144167653,0.03992543908409468,0.04010436531017897,0.03949700617970406,0.04009898386964118,0.004390642213070933,0.0050210590387202965,0.004970605495858082,0.005938736995547775,0.003524955133909365,0.005384015950855701,0.0035860306706083263,0.0034652740314341434,0.005049732766137049,0.006110203428182474,0.006020889562497758,0.0029102700643581446,0.0032600350378438536,0.0033065219461850567,0.005504680006992409,0.005489877370747172,0.003966701809074265,0.002943469931433487,0.0036872600722121463,0.005489694544549143,0.004616120460365733,0.004677904033024723,0.004363960228944446,0.005507757042613421,0.0044515274999342115
dual_slot,0,5000,9.890340060694143,9.928620583028533,0.6932703256607056,0.6972894668579102,0,0.135,0.865,0.0006,0.0068,0.0068,0.0069,0.0056,0.0028,0.0043,0.004,0.0048,0.0083,0.0046,0.0038,0.0042,0.0039,0.0081,0.0039,0.0036,0.0036,0.0038,0.0085,0.0011,0.0095,0.0093,0.0078,0.0084,0.04001650400356196,0.03913817635382433,0.0385123283682839,0.03896267510201465,0.0412177091327568,0.03892793223596763,0.041024081998213634,0.04094761023249426,0.040688196959101836,0.03923880955889247,0.037999783087471734,0.04125997897283737,0.041244325358262224,0.041054445130428774,0.03937258998366701,0.03905033893405313,0.040900976806044195,0.041631509219562976,0.04066773571113032,0.03833645562333933,0.041228217720179566,0.039242018299682296,0.03900132525758998,0.03974729243551446,0.04058898351512518,0.005460347637115749,0.007114651473960378,0.008103957262801385,0.0072577320526152345,0.003411601986030636,0.00731698862252996,0.0037418476203406404,0.003872275965708577,0.004353787305443997,0.006825826477393641,0.008900016770947795,0.003378570096044816,0.0033662060124977104,0.003768186015732324,0.006597653905702358,0.007147277296751795,0.004029937780289786,0.0027058348296490732,0.00434962300207884,0.00852110895092563,0.003393678800174889,0.006859416228752435,0.007269936306670873,0.006114820704993787,0.004483940792735517
dual_slot,0,6000,11.858976941439323,11.902721208054572,0.6900871992111206,0.6991937756538391,2,0.15739999999999998,0.8426,0.0051,0.0035,0.0035,0.0032,0.0066,0.0058,0.0047,0.0052,0.005,0.0086,0.0071,0.0045,0.0037,0.0049,0.0087,0.0081,0.0035,0.0035,0.004,0.0087,0.0112,0.0082,0.0096,0.0088,0.0117,0.0397575708652769,0.03980045368503581,0.03961643524026853,0.03979913958309701,0.039784430169132065,0.03996983476976595,0.04055832691546465,0.04015809710570811,0.040327525742829634,0.0400768121519393,0.03971263353804371,0.04066130817483964,0.0406275354844705,0.04028344072290593,0.039810466052274604,0.03920583009922757,0.04062452095271633,0.040691433064577384,0.040525455935092006,0.03955929975394899,0.03943095004227677,0.039487344274136645,0.03946717053042572,0.04012228317095766,0.039941701975588606,0.005856405758487637,0.005743934907832568,0.0060589442891283716,0.005746184434716809,0.005771364537712362,0.0054930447850314755,0.0044075177990597755,0.0051317080584372815,0.0048026115337451505,0.005270854560994426,0.00597239358880826,0.004348418281517565,0.004445294085566155,0.0048780778538096495,0.005726795378079523,0.006879020413145173,0.004333266969265618,0.004218724413571253,0.004502850023558677,0.006117688366171844,0.006571777011260478,0.00635805184021725,0.006431648479079447,0.005193015637912681,0.005502141012267392
dual_slot,0,7000,13.985596985556185,14.034946125000715,0.6911699771881104,0.7012687921524048,3,0.1844,0.8155999999999999,0.0118,0.0092,0.0094,0.0089,0.0146,0.0078,0.0049,0.0051,0.0048,0.009,0.0073,0.0048,0.0056,0.0059,0.0089,0.008,0.004,0.0053,0.0046,0.009,0.01,0.0056,0.007,0.0058,0.0071,0.03857196072101032,0.04002641589839426,0.039376673409732714,0.03995015727822673,0.038829626362630515,0.03975880755624736,0.04141725906319127,0.04115234348879289,0.04136595105891752,0.03922932659931623,0.03875061666224486,0.04172502921031805,0.041009404028139476,0.041176041193617924,0.04007010640886866,0.03943170383057974,0.040919303489418496,0.04124449747839519,0.041668218218545744,0.03913320955644077,0.038117660542918,0.03983964036628633,0.039037495929428914,0.03970811814950572,0.038490433498832355,0.009266564366247322,0.006881836811802855,0.007869030867417526,0.006928745594627653,0.008844095276130379,0.00724248297315605,0.004601407637651263,0.004918576231735643,0.004646469841841338,0.008110620986056798,0.009012702235463238,0.0040577246022774705,0.005192002551080514,0.004918783928540547,0.006693014265349627,0.007817865381731078,0.005378794070646927,0.004767480370086709,0.004150872015536651,0.00826821467760603,0.009972373327074626,0.00707088683966876,0.008425146927716027,0.0073255934236222215,0.009361174059236334
dual_slot,0,8000,15.65196902002208,15.707486624945886,0.6904729604721069,0.6931383013725281,5,0.18799999999999994,0.812,0.0062,0.0087,0.0109,0.0085,0.011,0.0063,0.0051,0.0059,0.0053,0.007,0.0079,0.0054,0.0045,0.0056,0.0072,0.0077,0.0043,0.0048,0.0044,0.0069,0.0141,0.0094,0.0105,0.0097,0.0107,0.03686775916041204,0.0394349615899338,0.03893214226851693,0.0398005264203915,0.03710389388246652,0.039921306832459355,0.0421379141089311,0.04173367489083933,0.042005012918879966,0.04019483180801707,0.03963472310719822,0.04170179504522489,0.041276376843895436,0.04191479838179304,0.03935526458094252,0.03989758610175784,0.041795063257088566,0.04148943480746889,0.041877923081237646,0.039278123507222124,0.03737625385989219,0.03965885577709731,0.03897962544744392,0.03981441778928088,0.03781773453160889,0.012678992434514775,0.008485767177160767,0.009408949520095924,0.00789978458747605,0.012339542494544217,0.00770617947902485,0.004231191148744594,0.004840104395133982,0.004366100273008775,0.007345857286716772,0.008204621710055747,0.004852143732442861,0.005495005855776924,0.004627897274976508,0.008730705094673219,0.007900452653158654,0.004663576838777,0.005231609333885965,0.004569819082859864,0.008854358472633939,0.011902962737409097,0.00816593821748407,0.009293773800672537,0.00791657990081623,0.011078103257628116
dual_slot,0,9000,17.27501467242837,17.336075832950883,0.6915868520736694,0.698355495929718,8,0.22019999999999995,0.7798,0.0135,0.0096,0.0132,0.0108,0.0107,0.0065,0.0058,0.0065,0.0041,0.0079,0.0076,0.006,0.0055,0.0038,0.0097,0.0066,0.0039,0.0065,0.0031,0.0094,0.0181,0.0098,0.0119,0.0103,0.0194,0.034578411857559846,0.04005393506761682,0.03884594088238627,0.04038278850107872,0.03487024830530705,0.03941039743591134,0.04324419632698447,0.04281396641778111,0.04301269955173811,0.03966474975670478,0.03866956204585455,0.042692026990815216,0.04178012119387138,0.042925499639942105,0.03908330024405802,0.04023155976952763,0.042801843607552806,0.04253916111130307,0.04290049596463768,0.04024917085931265,0.03430755285378298,0.04032662673961402,0.038568504714509774,0.040404474913296,0.035642765248853625,0.01757002957651633,0.009198017914483346,0.010919221696446864,0.008736613365459637,0.01720402199056744,0.010060200999381487,0.004303842237520424,0.00495858952355017,0.004656146626580343,0.009790301297463704,0.011382957107225113,0.005144163578626391,0.00657101394016611,0.004710727197181383,0.01063612030436246,0.008849573977979627,0.0048989136757970125,0.005298678191996039,0.004944091650790682,0.008822772463268302,0.017943175046780415,0.008743958390000129,0.011497689152922597,0.008703609803319396,0.016106488670727028
dual_slot,0,10000,19.157686126767658,19.22476837504655,0.6891622543334961,0.696645200252533,13,0.2551,0.7449,0.0186,0.0086,0.0116,0.009,0.0187,0.0107,0.0047,0.0053,0.0056,0.0096,0.0133,0.0052,0.0052,0.0052,0.0108,0.0105,0.0042,0.0064,0.0043,0.0112,0.0254,0.0109,0.0119,0.0103,0.0179,0.03390182268671392,0.039476044591592915,0.03827467506357628,0.0398946839617048,0.034007736829603986,0.040126392679934834,0.04360492174145862,0.04251644265287376,0.043413825025073426,0.040417400119201606,0.03938446360898313,0.04236753386226222,0.041729732844114534,0.04303357381406292,0.039698825136187735,0.04023251248358289,0.043338030269748064,0.04236593579153208,0.04350762258560653,0.04017920034231186,0.03405111362472481,0.040026087409849725,0.038622651681511015,0.04032210491638187,0.035506666277406534,0.018701258750947847,0.010102576699237899,0.011922109682020277,0.009468526871898466,0.01865803409478991,0.009273842671067014,0.003888252559375435,0.005536807443249279,0.004216740394591236,0.008754972653291273,0.010397530582238185,0.005762337098884239,0.006728317974799897,0.004753586975054424,0.009804227154601056,0.009034994031619628,0.004409660263297534,0.005881944955264604,0.003996554395777434,0.009037612880338294,0.018553275314362336,0.009386697414688183,0.01155133205329841,0.008899301904689632,0.016231582041602213
dual_slot,0,11000,20.975751917692833,21.0529365419643,0.6914286017417908,0.6936289072036743,11,0.2682,0.7318,0.0194,0.0094,0.0132,0.0093,0.021,0.0104,0.0043,0.0057,0.0056,0.0097,0.0124,0.0058,0.0076,0.005,0.011,0.0094,0.0039,0.0048,0.0051,0.0109,0.0241,0.0094,0.0145,0.0109,0.0254,0.032665368586166664,0.03988534472466951,0.03798002078229713,0.040466595581022086,0.03215800830563194,0.040277785718985465,0.044385659072610856,0.04353926377147303,0.044169897142422684,0.04079508950849507,0.03781912998781849,0.04338318153416665,0.04258926254418503,0.04360553146604046,0.03905858077152141,0.039738006207495694,0.04419026678109564,0.043400837582439414,0.04432219800308888,0.04013903788114959,0.03285950102004373,0.04076507121408944,0.0387045004446481,0.040609442410451564,0.03249241895799144,0.021236767592102457,0.010623758442716888,0.013560123863445388,0.009775637851188821,0.022133322223987492,0.01016832349476436,0.004057214539815439,0.005292215358519016,0.0043720392559607624,0.009413509990124184,0.013716759456558175,0.005480897141361011,0.006678390697504069,0.005234584673981785,0.011986364571631922,0.01083874450075811,0.004342317304050153,0.005494197170748732,0.004149812493407666,0.010292649634427236,0.021031628124007246,0.009379185585563693,0.012463951316952064,0.009762518249713945,0.02160631109183893
dual_slot,0,12000,22.642949641449377,22.726137457997538,0.6877026557922363,0.7035263776779175,12,0.2814,0.7185999999999999,0.0202,0.0092,0.0142,0.0084,0.0221,0.0092,0.0043,0.0056,0.0053,0.0114,0.0144,0.0059,0.008,0.006,0.0151,0.0094,0.0022,0.0041,0.0037,0.0112,0.0271,0.01,0.0167,0.0107,0.027,0.03077314218339482,0.040335962698994005,0.03723612443046355,0.0407211042523711,0.030965993483964623,0.04103828885571299,0.044998070397864534,0.044355509372795726,0.045504871683128126,0.04112391465053335,0.036965311908099596,0.04403111429100192,0.041528530549209824,0.044136057706284065,0.03811345537598833,0.04051683830750517,0.04520138063665678,0.04422298286764228,0.045604433126319927,0.040568141862913965,0.030695350991579128,0.04095607690039074,0.03754879096251701,0.041085300403854566,0.03177325210081393,0.024553467269315635,0.010724651117694425,0.015261210107989209,0.010097438244948888,0.0243566483961927,0.009762422606675427,0.003999861335779901,0.004994071508284694,0.0033163883493074167,0.009640347787384203,0.015451989086599626,0.005339366967678264,0.008946308267301695,0.005228813940216587,0.013854168604584854,0.010466780726306902,0.003710006383628002,0.005104886642526346,0.003135383281515639,0.010354575871614995,0.024547184966788822,0.00980150538980432,0.014620135784943679,0.009578211772690335,0.023322944976231923
dual_slot,0,13000,24.651303761056624,24.742340125027113,0.6898137331008911,0.6987937688827515,13,0.2925,0.7075,0.0243,0.01,0.0162,0.011,0.0268,0.0104,0.004,0.0048,0.0039,0.0097,0.0179,0.0061,0.0095,0.0058,0.0155,0.0094,0.0027,0.0057,0.0034,0.0113,0.0278,0.009,0.0176,0.0106,0.0191,0.030353695905286793,0.04178013857730098,0.03757357802610603,0.04140100767368182,0.029097542913033653,0.04130710161509375,0.04600038767690991,0.0444042300139981,0.045852989547372595,0.041275997602045214,0.035834804481368596,0.04417181282425302,0.041783843173203286,0.04419708904413564,0.03699178917954224,0.04130027803135032,0.04603474546699814,0.044398618437488845,0.04604041632258332,0.04057838779300739,0.028883523718872036,0.041513404985092095,0.036746321605124616,0.0414959495745661,0.03098234581158554,0.02539791255183412,0.009504750263734773,0.015291956251701412,0.009877133623561615,0.027032216081482187,0.010008069600517411,0.0033859579304711647,0.005611527463589518,0.003591479473837022,0.010012376339914645,0.017638254299672983,0.006130906080921566,0.00930427233680719,0.00593941270478757,0.015985974036559276,0.009978521423844573,0.0033380518541339635,0.005619351849614746,0.0033692073135512283,0.010985074196194562,0.027369691832939882,0.009798539749423088,0.016562611688730938,0.009744753341253586,0.024482305014357147
dual_slot,0,14000,26.668554552830756,26.765893999952823,0.6867270469665527,0.7091570496559143,11,0.2914,0.7086000000000001,0.0193,0.0084,0.0149,0.0094,0.0259,0.011,0.0037,0.0057,0.0048,0.0112,0.0153,0.0054,0.0092,0.0068,0.0177,0.0099,0.0025,0.0045,0.0042,0.0129,0.028,0.0077,0.0185,0.0098,0.0247,0.030958390617081118,0.04182502092659794,0.03722225794037877,0.04103854237738911,0.030636789096547302,0.0410907168375786,0.045519443603692214,0.04410595371201375,0.04552234167199909,0.04175810068980231,0.03637173915917814,0.04354423346662177,0.041058137802161235,0.043511134380401,0.037309816865241714,0.040663804413127363,0.0456407701749169,0.04411714785145442,0.04576481517655617,0.04073761739047212,0.03160319437274074,0.04176701374543429,0.03597535721839967,0.04060259439021324,0.03165506612000103,0.024192098502991533,0.00883541747438521,0.015596916645053107,0.010217476327516371,0.02487980349301084,0.009870493629478422,0.003627753678037766,0.005620211168361142,0.003662731056566786,0.009203185841441742,0.01667862170611105,0.006451075376308639,0.01003360458710412,0.00649773189833379,0.015395368452064673,0.010589457529025167,0.003612981559637736,0.005604431892465638,0.00328187753761155,0.010563535644459911,0.023673807153241713,0.00911249698473491,0.017198299789671318,0.01071480176995313,0.02332725115980686
dual_slot,0,15000,29.02299589163158,29.12861045799218,0.6828527450561523,0.7105386257171631,12,0.25849999999999995,0.7415,0.0255,0.011,0.0154,0.0094,0.0195,0.0112,0.0049,0.0065,0.0044,0.0082,0.0169,0.007,0.0099,0.0054,0.0118,0.0101,0.0035,0.0064,0.0029,0.0109,0.0161,0.0052,0.0117,0.0085,0.0162,0.03116364947325683,0.04237649528431116,0.03727589501466332,0.041730068848982935,0.03046523971788738,0.04104003576507197,0.0458187057161224,0.044014686383045454,0.045509788761173786,0.040997843844621684,0.036896444895020364,0.04448288826351533,0.041572372505327554,0.04439762429252883,0.037166135143339996,0.04022474724185767,0.0459498011010256,0.04368648045675365,0.0453287345662924,0.040428840942985975,0.030023328019268856,0.04185132163878126,0.03563744552491514,0.04077881637660025,0.03118261022265012,0.02403020785737596,0.008352395458650751,0.015540891536648137,0.009297544030508306,0.025126345655824667,0.010108502876376702,0.003449376614259512,0.005978042989471718,0.0038433182968583613,0.010206705147548827,0.015994635980073037,0.00532177155698324,0.009401397089433543,0.005402222264240782,0.015577552773673335,0.011290342860491659,0.0033046847133657927,0.006477146728910061,0.004097099199475863,0.0110823928334821,0.025706704041521963,0.009049460845004414,0.01779841868856907,0.010513712607767681,0.024120818364235953
dual_slot,0,16000,31.059297646628693,31.17315199994482,0.6799066662788391,0.7205739617347717,8,0.24780000000000002,0.7522,0.0235,0.0091,0.0141,0.0097,0.0179,0.0135,0.004,0.0048,0.0046,0.0059,0.0164,0.0045,0.0071,0.0055,0.0065,0.0126,0.0036,0.0059,0.0042,0.0032,0.0301,0.0082,0.0153,0.0086,0.009,0.033291214505136106,0.04105039384111158,0.03731271264873182,0.04106012899509399,0.03241366170492043,0.03998394494562184,0.04472694423433693,0.042966640174046576,0.04469960441863263,0.04138160460862421,0.03792941777412556,0.04400804268894189,0.04172451507767744,0.04320848515429236,0.03780483530002008,0.04047376198059066,0.04501397147564658,0.04291827173159859,0.044920069736816726,0.040190086085935633,0.03277776853870896,0.0410481844416926,0.03558291459204185,0.040306561540615106,0.0332062638050399,0.020619485254754183,0.009229659081526603,0.01470030323883778,0.00925467624120798,0.021846507271636725,0.010807334909743685,0.003925336051325996,0.006465005134703481,0.003964780421338969,0.008751806552915832,0.013927742782303177,0.005001589835501596,0.008374261843710283,0.006155147108326382,0.013912170967423322,0.010217841553700684,0.0035112290641950207,0.00653478844127383,0.0036467052858099565,0.010548988403721853,0.021516506622801142,0.009389096680489649,0.017313147451881634,0.010302819076667927,0.020624859914049554
dual_slot,0,17000,33.44234703690745,33.567628292017616,0.6747668981552124,0.7093058824539185,11,0.28190000000000004,0.7181,0.0213,0.0082,0.0152,0.0086,0.0189,0.0109,0.0055,0.0065,0.0044,0.0093,0.017,0.0062,0.0099,0.0045,0.0123,0.0118,0.0037,0.0068,0.0036,0.0092,0.0258,0.0098,0.0185,0.0116,0.0224,0.03220986252207286,0.04169890445930311,0.03775631717984251,0.04117872317970678,0.03166793626876882,0.039680475436485146,0.045132742500360985,0.04307495296460546,0.04456752115048882,0.040675997415108106,0.037862180132671584,0.044326010043682196,0.04257622608718443,0.04389255193039208,0.037883458677666446,0.040674488144749325,0.044785324565530485,0.042918410330587506,0.04510625736242531,0.03971638612373377,0.03220632741186509,0.041058448032999115,0.03557320006835028,0.040826264731951195,0.03295103327946863,0.022605526084581287,0.00878198675935735,0.014434729979527949,0.009600775545160242,0.023181839104649268,0.011695003667280112,0.0038926922324617353,0.006783627884492512,0.004658424140168606,0.010199397672752474,0.014323058767081594,0.00496323893390677,0.007493743668357258,0.005619483827370786,0.014214636160630813,0.010240609158003549,0.004309240710651993,0.007123709718639392,0.00393040328301352,0.011565746981824242,0.022454309576197422,0.009693905161565564,0.017621301684691365,0.009985438493249111,0.0215502048713205
dual_slot,0,18000,35.949035290279426,36.08400829194579,0.6665863394737244,0.7346839904785156,13,0.29180000000000006,0.7081999999999999,0.0235,0.0116,0.0144,0.0086,0.0197,0.0128,0.0048,0.0059,0.005,0.0101,0.0177,0.0058,0.0083,0.0057,0.0129,0.0124,0.0041,0.0075,0.004,0.0123,0.0273,0.0086,0.0179,0.0098,0.0211,0.03329516640001939,0.04102746206269342,0.037668472701158404,0.041789965380270494,0.03142588407996493,0.03956907276905738,0.045004276616771165,0.043512171158835156,0.04442402055557371,0.039867056213936686,0.037314084059665575,0.044025841939821786,0.04200206337552491,0.04379690370811862,0.037478919409969294,0.04063875915641226,0.04495810013815844,0.043201885421486806,0.04500015807192659,0.040667662322519366,0.031888651783684135,0.04085536330479637,0.03687920961880002,0.040808628980969305,0.03290022076986577,0.020993335222145425,0.00989572607404298,0.014548547522250963,0.008773853461712413,0.023686914433479096,0.011849557333517585,0.004092110462963528,0.006367258625466856,0.004994241229656094,0.01146546169114032,0.015012742642064182,0.005481558794575013,0.008472658898000487,0.0058847927176089235,0.01501303946815463,0.010369587443034713,0.004157684417648161,0.0066516369170005136,0.00409795909588484,0.010367605347138941,0.022912563170783076,0.010061993814474075,0.015747483444861102,0.010089297449894532,0.021476061712615013
dual_slot,0,19000,38.242119817761704,38.385895875049755,0.6705518960952759,0.7308862805366516,13,0.27249999999999996,0.7275,0.0248,0.0111,0.0165,0.0104,0.02,0.0116,0.0048,0.0063,0.0053,0.0096,0.0132,0.0072,0.007,0.0057,0.0132,0.0089,0.0045,0.0053,0.0027,0.0105,0.0176,0.012,0.0152,0.0097,0.0194,0.0336155021669891,0.04068649793450384,0.03876777639123052,0.040860649143256246,0.03278485745499787,0.040033802856912264,0.04466870896883263,0.04303710356557213,0.04459684172772075,0.04021574120366085,0.03855272456789348,0.043667904964146825,0.04229642174153822,0.043797138689981474,0.037675629578754276,0.040334291624517016,0.04475895214606217,0.043185172067153624,0.04443415924004769,0.03981828238586155,0.032372055540009215,0.04033640170901703,0.03693316367250854,0.04006571053253029,0.032504510126302406,0.02034027943962069,0.010199063618434819,0.01320313054961488,0.01002934524701803,0.021561474336772926,0.011206071912994268,0.004570840685782977,0.006853798152585874,0.004594993582440683,0.010869021272620013,0.01335293164915653,0.00599513535721078,0.007986024825096787,0.005811216321901926,0.014523044779217953,0.01081749368761796,0.004481473567337264,0.006643074397663418,0.004904640238271881,0.011512789968741364,0.022070828568591265,0.010853553219908437,0.015579685469134666,0.011121599990022721,0.021882325764265666
dual_slot,0,20000,40.12750234466512,40.27969137497712,0.6588681936264038,0.7449163198471069,15,0.3116,0.6884000000000001,0.0237,0.011,0.0168,0.0097,0.0244,0.0105,0.0042,0.0054,0.0055,0.0112,0.016,0.0067,0.008,0.0058,0.0149,0.0122,0.0044,0.0071,0.0034,0.0126,0.0262,0.0134,0.0195,0.0135,0.0255,0.033710868279719114,0.040156738687882,0.03856447147404356,0.04128436651549745,0.03106201509716962,0.04041529381834218,0.04464991609760477,0.04397270534157,0.044218569007333036,0.03989491140698136,0.038488438298949226,0.04429683534912367,0.042803159840814016,0.04383735626529346,0.03756589304199859,0.04029121762734273,0.04496523028815555,0.043446387521833656,0.045185867125718766,0.03993302518221507,0.031886867727298956,0.040071294369156484,0.03657280611268699,0.040029869103722374,0.032695896419547385,0.020440146605600056,0.011260272124502153,0.013655198739999827,0.009909238578293606,0.024281536693031958,0.010974876906697266,0.004982071347956824,0.005973270442946936,0.005549469017306422,0.011784642880840896,0.013801161444693098,0.005478491551888273,0.0075785513926818655,0.006124504401579066,0.015020105476526616,0.011227449050315115,0.0044996872127528054,0.006752318910831734,0.004189478898170087,0.0116529311357252,0.023160882860086322,0.011614779095188675,0.01645541633640262,0.01159489668927849,0.021828101976097483
dual_slot,0,21000,41.92540281242691,42.084365708054975,0.6607548594474792,0.7534569501876831,14,0.2891,0.7109000000000001,0.0211,0.0112,0.0163,0.0094,0.0189,0.0101,0.0037,0.0061,0.0052,0.0117,0.0147,0.0077,0.0076,0.0056,0.0147,0.0097,0.0049,0.0064,0.0043,0.0112,0.0216,0.011,0.0175,0.0121,0.0264,0.03366726963462434,0.03951896222142897,0.03755691080668952,0.04126264795947457,0.031342979411433505,0.040663696807358596,0.04445616910268828,0.04324870490743425,0.0448031462296762,0.03989984563521805,0.03868768405927754,0.043737044603059966,0.04278831486731561,0.044016744175488134,0.038356242642339465,0.04054612884437589,0.04494046705993191,0.04331247039399988,0.04522092768102216,0.03953795368713728,0.032570226711489556,0.03980005702598582,0.03638312770359759,0.04080963218673208,0.03287264564222085,0.02071268473371672,0.012447536563052558,0.015231678398000648,0.009851719663737494,0.023886442437794732,0.01088501653966438,0.005461832852171445,0.007112117015149544,0.004937319393119655,0.01191464778125898,0.013688691485394602,0.0064679501171701825,0.007951554931869793,0.006076626265767263,0.014269594144715965,0.010932316770827438,0.004745195695156861,0.006983841093860342,0.0043528070709658905,0.012342840862782112,0.022208480003103066,0.01201519816143571,0.016795777304980556,0.010602715343695952,0.02190255730781911
dual_slot,0,22000,43.69853726297151,43.8647596250521,0.649482011795044,0.7234692573547363,12,0.26049999999999995,0.7395,0.009,0.0124,0.0166,0.0111,0.0205,0.0048,0.0049,0.0059,0.0067,0.0105,0.0071,0.0076,0.0077,0.0066,0.0147,0.0066,0.0047,0.0069,0.0039,0.0121,0.0148,0.0117,0.017,0.0134,0.0233,0.03503159959132541,0.04010988923323641,0.03680538249365296,0.04014587997241194,0.03221830289907052,0.040760514628750216,0.04452237636139947,0.04381759743308891,0.044499334172356894,0.04068212041994298,0.03903103447592942,0.044474332838259883,0.04214649194372172,0.044087014608809004,0.03828922922272837,0.04137092800325109,0.04466907146402302,0.043295124581868044,0.0448938205668582,0.03918945180939684,0.031951190197675755,0.03925734502352406,0.03723105281337132,0.03982833418576791,0.031692581059579644,0.01866197453307853,0.011600921135193575,0.016260118068399193,0.011472476354831354,0.022712520304984708,0.010652198879647048,0.005353559597497044,0.006299870604375057,0.005385775604121216,0.010800866779792154,0.012992114281828317,0.005420730752844029,0.008675358060166644,0.006079440007682332,0.014263630453911076,0.009798760810891228,0.005187523077212068,0.007069418771547552,0.00487329431308136,0.012848751043235183,0.0230078539439028,0.012831952412844988,0.015704037554234135,0.011955509570768932,0.02352567348447819
dual_slot,0,23000,45.441576445358805,45.61744345794432,0.6366652250289917,0.7699896097183228,16,0.2974,0.7026,0.0167,0.0108,0.0147,0.0112,0.022,0.0107,0.0054,0.0076,0.0058,0.0112,0.0128,0.0065,0.0076,0.0068,0.0133,0.0102,0.0045,0.0066,0.0049,0.0121,0.0234,0.0128,0.019,0.0146,0.0262,0.035753399456015036,0.0396496736862766,0.03728876957264232,0.041160469076130975,0.031806452740082494,0.04162162901966923,0.04432705319425993,0.04365225940298962,0.04406418030132541,0.040105034879448914,0.040368649881702946,0.04315921314006832,0.04287043252012971,0.0439753911786098,0.03817296102927578,0.041111857097473684,0.04441151054232828,0.04391402037420264,0.04486957766793377,0.039171285052180045,0.03361879778784353,0.03861112284520801,0.036470957689037395,0.03918752190324919,0.03065777996191637,0.017762484118027434,0.012361848128085582,0.015579848036873581,0.010135396517009341,0.02342917789628732,0.009452495595934363,0.005675376500242468,0.006734662669500874,0.006042380770023184,0.011530793006162575,0.011358065156602527,0.007305830981587644,0.007709005760714801,0.006205404271794591,0.014306340873273586,0.010125140073293532,0.005557463211392409,0.0063301482850380095,0.00491794276077953,0.012912552510615035,0.020664536791558483,0.013733673287653632,0.01672161830390213,0.012889883784282517,0.024993809902258513
dual_slot,0,24000,47.29348390328232,47.47634883294813,0.634961724281311,0.7817535996437073,14,0.3065,0.6935,0.018,0.0119,0.0155,0.0112,0.0232,0.0098,0.0056,0.0065,0.0058,0.0132,0.0145,0.0076,0.0079,0.0061,0.0152,0.0096,0.0044,0.0065,0.0051,0.0127,0.0233,0.0134,0.019,0.0153,0.0252,0.034619942570805896,0.03945373111239221,0.03657635487029667,0.04038412130189967,0.03101916985150527,0.04152097689608411,0.04455570796150995,0.04328218526999947,0.043853447170804846,0.03990932340331074,0.0396680016222503,0.04345670735354351,0.04215991664083328,0.04417574172071942,0.03823744087193603,0.04079978412941059,0.04464061158146792,0.0440559135167866,0.044486499282815714,0.03989553819880362,0.034310531853594325,0.039190617906051925,0.03657321133294897,0.03966365855882083,0.033510865021408154,0.01934089937822365,0.012655869242285251,0.01669753637296884,0.01128351513648259,0.024506042323629885,0.009741142647505528,0.005519647926847613,0.007252132625905652,0.006418410221495133,0.011943987771144655,0.01243593098506161,0.0069702993371814044,0.00881327626303392,0.005970078981715156,0.014425927635451682,0.010939677967403649,0.005362479349013989,0.006214892271182193,0.005615921390766705,0.012158476325561137,0.020005683426361276,0.013100000648637127,0.016819096723818372,0.01244197244934419,0.021118068424432094
dual_slot,0,25000,49.29010215459857,49.48051704198588,0.6436113119125366,0.7935463786125183,13,0.3107,0.6893,0.0119,0.0142,0.0179,0.0139,0.0228,0.0053,0.0065,0.0069,0.0065,0.0155,0.0083,0.0084,0.008,0.0084,0.0156,0.0091,0.0051,0.0067,0.0059,0.0146,0.0238,0.0154,0.0198,0.0132,0.027,0.035305869788678924,0.03914822721399347,0.03502065200462582,0.03936415767893749,0.03105333762397126,0.042083398544417436,0.04456560518962274,0.043562513453941715,0.04424454008694787,0.03984443533037879,0.040387632841259256,0.043865806339571024,0.04206827216054469,0.044031630238677864,0.03819794348515494,0.04210757587930574,0.04491749779172623,0.043980557348846344,0.045011351736066234,0.040704149957639754,0.034014796309001415,0.03928987626231645,0.03617059425329579,0.03919473480410106,0.031864843676977755,0.018759628222940028,0.013586412232361,0.019383809707566476,0.013330363066224815,0.025001241579488107,0.0095749203757527,0.006143431804930521,0.00755341745595977,0.0065041057368604265,0.012595843712785333,0.01181439443323331,0.006982657771888449,0.009595593569544321,0.006795089133186904,0.014885162802792784,0.009502814768178835,0.0055843760009576734,0.006982077833385665,0.005534231032684259,0.01142087372363439,0.020602260356246346,0.013392820806213538,0.017577811300682387,0.013561912916717309,0.023735908137073283
dual_slot,0,26000,51.4483346499037,51.646608417038806,0.6187455058097839,0.7944676876068115,14,0.32389999999999997,0.6760999999999999,0.016,0.0141,0.0204,0.0135,0.0249,0.0076,0.0065,0.0081,0.0074,0.0143,0.0119,0.0091,0.0082,0.0076,0.0153,0.0099,0.0051,0.0059,0.005,0.0123,0.0247,0.0167,0.0188,0.015,0.0256,0.03555427619819608,0.03963435694061971,0.03601550167306579,0.03948882509240788,0.03040679240911038,0.04244881685385288,0.044699945006810016,0.04353455602010564,0.044655745867778346,0.040089507069259955,0.04017154565168121,0.043503456989869835,0.04305522331845671,0.04371345949333563,0.03838595742537261,0.04187251298984346,0.045271571212271274,0.04410830126544966,0.04561635735589578,0.0411760192140839,0.031839135162841564,0.03842736227991845,0.03576259667186099,0.039007990264788045,0.031560187573124204,0.018989679641291373,0.013503286598416032,0.018412958343121365,0.013697586694853464,0.025940228848903013,0.009706628498004874,0.006662076666378125,0.008257054213744154,0.006760149596616083,0.012856551516950677,0.012864209009107726,0.008298574641390565,0.008975138035818876,0.008057262040154223,0.015130966802403983,0.01039792886935936,0.00593795895385435,0.007530107363415603,0.00543857122759172,0.01132782022620637,0.023871652862522824,0.015114749531480405,0.018789675224120318,0.014612988510739977,0.024517514297551682
dual_slot,0,27000,53.37394359812606,53.5795237920247,0.6081998348236084,0.7951960563659668,18,0.33699999999999997,0.663,0.0154,0.0144,0.0183,0.0142,0.0216,0.0057,0.0075,0.0075,0.0086,0.015,0.013,0.011,0.0102,0.0106,0.0163,0.0103,0.0049,0.0071,0.0053,0.0126,0.0266,0.0176,0.0213,0.016,0.026,0.03505651091723563,0.03912006721585298,0.03559729136304306,0.0386518703420094,0.03156296586469712,0.042587796575855576,0.04455775528660727,0.043685153974578936,0.04421603988975051,0.0402384513847681,0.03943143403467185,0.04305125188159799,0.04230494823323168,0.04234220435479807,0.03776840325902568,0.04249352524807962,0.045479755186563345,0.044896053206839814,0.04549533808126824,0.041260371975683274,0.03399985589823704,0.03900788790295494,0.03590543020734971,0.038690512939593,0.03259912477570727,0.02011046632513516,0.014542322669271836,0.01940064527687432,0.01523499650949088,0.02465698348239658,0.01002969083844832,0.00744394986364566,0.008589314461829175,0.00781435583972704,0.013074346840463241,0.01425081432340475,0.0093823032159433,0.010361891220855908,0.01027392684308017,0.016550873370649147,0.010231555099402838,0.006155620351709133,0.00696084212083851,0.006213291456343427,0.011732987790396849,0.021536479812454552,0.0147286302076082,0.018761811426390086,0.015184274762177406,0.023257872907285652
dual_slot,0,28000,55.492110147723,55.70717125001829,0.6146998405456543,0.8082189559936523,18,0.3589,0.6411,0.022,0.0181,0.0219,0.0176,0.0246,0.0115,0.0082,0.009,0.0091,0.0163,0.0175,0.0111,0.0121,0.0112,0.0194,0.0093,0.0043,0.0077,0.0064,0.0126,0.0223,0.015,0.0178,0.0146,0.0193,0.03478523382394415,0.03893731959162422,0.03508896940656928,0.037140151957268,0.03195571697261465,0.042801263057628776,0.04617341783328251,0.04432060793650912,0.044347346080400224,0.04101117913276886,0.038967669642349545,0.043563371839847445,0.041619646162086396,0.04307730709221161,0.037494711839012575,0.04388086245872934,0.046438784390010535,0.04548153838336602,0.045746180486371094,0.042125941903206475,0.032180931490777415,0.03884718609253064,0.0338732275563856,0.03719114299449152,0.03295029187601398,0.021166246198867276,0.01580655304576935,0.020899931141826165,0.018153817463845815,0.024777912666756614,0.010966924064620631,0.00663104971558359,0.008931381655255168,0.00893668404567515,0.013148994450912301,0.015807294971146878,0.00996560793533462,0.012497919439152294,0.010579322904107118,0.017745205641008732,0.009525675497326604,0.006217867649898957,0.007465567900183963,0.007209550544105661,0.011780535417669113,0.024532614859506096,0.015920357385315935,0.02227870085936365,0.018167560171220145,0.0234049552127526
dual_slot,0,29000,57.6040746064391,57.82683883304708,0.6199460029602051,0.8573716282844543,20,0.3984,0.6016000000000001,0.0209,0.0183,0.0216,0.019,0.023,0.0126,0.0093,0.0098,0.0116,0.0152,0.0187,0.0138,0.0146,0.0144,0.0181,0.01,0.005,0.0089,0.0087,0.0127,0.025,0.0194,0.0237,0.0191,0.025,0.03493820669658606,0.038448769297811644,0.034595918870159344,0.03725622795122614,0.03251186874584182,0.042546800763450646,0.045303074508804456,0.04495203249313189,0.044340141080623535,0.040686572580488335,0.038427991760999355,0.04304212616132386,0.04125409468721504,0.04112276154450627,0.03661315254825886,0.04358381291235365,0.04691537592524412,0.04595259394563382,0.04575411049364288,0.043308346464364864,0.033864726353489694,0.03817623988002523,0.03522638797245479,0.037356689100260534,0.033821977262103134,0.02155794546020701,0.017154874120525423,0.022053953868208298,0.018806105305381966,0.02467639946963571,0.012151776660603436,0.008747706768675312,0.009293465262251966,0.00992330774416825,0.014657218384978337,0.01749274045617233,0.011547056745514185,0.013886231840497443,0.013968445412370111,0.019474018881862416,0.010885736394298197,0.006857447389772037,0.007954738468695648,0.008197057753654476,0.011182978165698305,0.022907570561508106,0.017487592707318568,0.02132330574233788,0.018527206925600333,0.023076948453974195
dual_slot,0,30000,59.44505272945389,59.67577195796184,0.606124997138977,0.8378047347068787,21,0.40670000000000006,0.5932999999999999,0.0211,0.0212,0.0233,0.0204,0.0237,0.0136,0.0098,0.0106,0.0142,0.0173,0.0207,0.0152,0.0149,0.0169,0.0206,0.0105,0.0054,0.009,0.008,0.0126,0.0236,0.0169,0.0219,0.0196,0.0157,0.033754643678522336,0.03754664469627856,0.03451444937908016,0.037210863430392864,0.03245766272457695,0.04417326800352764,0.04664892614449092,0.045514468998541655,0.04327379298251589,0.04094584692383363,0.03804819168155523,0.04222875728514243,0.04052428165077661,0.04037393406627188,0.03667858033051301,0.04503224929137213,0.047012850776859696,0.04648945253916309,0.047396280000707044,0.04365325832119128,0.03332109604449812,0.03798931631243907,0.03587404868748458,0.03462837430213066,0.034708761748134545,0.0237759355044254,0.019342048594257803,0.022856279190193812,0.019926522304099626,0.02551347559568753,0.011701037768508504,0.0087536933832317,0.01022474787140587,0.01270444196621459,0.015402467129273232,0.018995144495592333,0.014071859466119689,0.015851987133295393,0.01622154832977442,0.020348111210380326,0.010627377188739611,0.008370977289210657,0.009094768885701338,0.007965655912559419,0.012225589622959245,0.024512780233747214,0.018789941921727043,0.021593041156199734,0.022958618352016465,0.02263107652312727
dual_slot,0,31000,61.28204476530664,61.51959741697647,0.6023069024085999,0.8182762861251831,24,0.4764999999999999,0.5235000000000001,0.0222,0.0228,0.0243,0.0207,0.0239,0.0158,0.0125,0.0129,0.0162,0.0194,0.0229,0.02,0.0177,0.0225,0.0241,0.0111,0.0087,0.0111,0.0111,0.0136,0.0267,0.0214,0.0263,0.0228,0.0258,0.03656405330409283,0.03818878923088523,0.036041401365501005,0.03808874632317486,0.032920693040574246,0.043278701823951646,0.04569427580225334,0.04502226873911261,0.04363072883448717,0.04040827748886497,0.036133192901693936,0.041110343777053984,0.03951990557365545,0.03773313587150479,0.03552584722047061,0.045741394895074665,0.04857826343440433,0.04818167669468276,0.04659266842694591,0.04375218346402028,0.036268170582560946,0.037377692654817024,0.03437816058738901,0.034740794877713914,0.03452863308511442,0.021734607872737486,0.020205106444641272,0.022341081617468766,0.020313716910993738,0.025885293785677322,0.014483987137559407,0.011783421203997555,0.01259110317300496,0.014101812941927113,0.0176392937851784,0.02224142916052513,0.01691616585393558,0.01852561984136592,0.02054353142950526,0.0229007872218261,0.011732266886689576,0.008613389714276852,0.00916112718264705,0.010925278776383301,0.013891832078716424,0.022016767147540847,0.020929414391224463,0.02414676040771503,0.02379213303714862,0.024139651619718882
dual_slot,0,32000,62.98387200490106,63.229729083017446,0.6286811828613281,0.882501482963562,24,0.4998,0.5002,0.0231,0.0254,0.0222,0.0239,0.0239,0.0156,0.015,0.0126,0.0193,0.0194,0.0225,0.0227,0.0187,0.025,0.026,0.0122,0.0092,0.0113,0.0127,0.0149,0.0249,0.0232,0.0255,0.0243,0.0263,0.035768789661322686,0.036040920872206186,0.03693664178356212,0.03727847999488558,0.036089694699009495,0.04324097165666985,0.045433127442493795,0.045294811931097356,0.04206490167514171,0.041626962943608806,0.03503774200161441,0.039163973768093,0.039869162857278276,0.03639981013110703,0.03486468101267402,0.04707567615488728,0.04817609065067152,0.04863471528263634,0.04787689103705747,0.04632172136298898,0.034501782812234254,0.03871135351666388,0.03409013234731914,0.03466078504518612,0.034840179359590696,0.02374286654730863,0.023583701738544485,0.022635024567526446,0.02236600901493659,0.02376854636824776,0.016115719096611532,0.013811435213121778,0.014186271172334074,0.01731003140503191,0.01787195061795613,0.024524316177109394,0.020295018858176857,0.019500766397901576,0.023297370655150355,0.024895374059990726,0.012182471001103663,0.011064987690313208,0.01063831171258365,0.01136882826683194,0.012948120581570506,0.02518577626865705,0.02075465981986497,0.02556474945083327,0.024907120210779236,0.024685880764577763
dual_slot,0,33000,64.6564420349896,64.90965412498917,0.6179845333099365,0.807924747467041,25,0.5216999999999999,0.47830000000000006,0.0207,0.0248,0.0241,0.0211,0.023,0.0166,0.0168,0.0156,0.02,0.0226,0.024,0.0242,0.0177,0.0244,0.0243,0.0142,0.0126,0.0126,0.0143,0.0164,0.0261,0.0258,0.0276,0.0254,0.0268,0.03596474125287314,0.035577636909371435,0.03759144033454692,0.03884219908292752,0.036250083260306896,0.04135576828327644,0.04371952728143468,0.04615586587111319,0.04004805986709543,0.03831205960945852,0.036331855146354924,0.038599710367493156,0.041326387328284246,0.038398623424865524,0.03596323868294698,0.0462881638204775,0.04796013734540039,0.04938842122312662,0.046429027442579,0.043919220721805395,0.037210337098402296,0.03717264536019854,0.037251639547020286,0.03456098483304899,0.035382225905591994,0.0250203181640499,0.02549670883904939,0.023706178536439228,0.022233070237620885,0.024716480140986097,0.02001785808232668,0.017785408317819478,0.015407485252648918,0.021114123809992957,0.022881249055417236,0.02479685209521568,0.022692456188667453,0.019966996357706768,0.02268373696630776,0.024982649933830633,0.015362847890884379,0.013811384548379288,0.012486046529593684,0.015193074741029416,0.017678233103518435,0.023825438143551633,0.023860413189069247,0.02378711263538339,0.026361959080932314,0.025443660280267958
dual_slot,0,34000,66.30263687227853,66.57052874995861,0.635805606842041,0.8385722041130066,25,0.5804,0.41960000000000003,0.0229,0.0296,0.026,0.0219,0.0257,0.024,0.0226,0.0209,0.0273,0.0279,0.023,0.0242,0.02,0.0234,0.0234,0.018,0.0163,0.018,0.0197,0.023,0.0237,0.024,0.0257,0.024,0.0252,0.04042308918293877,0.03298964956379702,0.03638006240376668,0.04075021796620984,0.03755657999865755,0.03803514109808745,0.04113312137865634,0.042553113506131904,0.039030152229314385,0.03545854023862663,0.03631703380624892,0.03987200146048301,0.04140847356107221,0.040109311725998825,0.03835941316763345,0.04698607581726272,0.04649416568464507,0.04643796851888858,0.04387009606291338,0.04284246730165969,0.04162064063310453,0.039108081852342116,0.03639861589512393,0.036291730486905774,0.0395742564595313,0.02227869153923804,0.02855128727963818,0.02594938906658364,0.021958429201222908,0.02470367977249576,0.024370433745176154,0.021629285502894842,0.02064303554829393,0.023397934871696596,0.026468091839211425,0.02576919343666257,0.022791468937502685,0.021548842820831773,0.02250935207975447,0.02413075203771945,0.016559024514065164,0.016981870367697886,0.017030177440373113,0.01923752010048204,0.020120869582342785,0.021405526547276413,0.023291884083008405,0.025738127989047586,0.025830006665013013,0.0230474104819924
dual_slot,0,35000,68.07995164871681,68.3555969579611,0.6368101835250854,0.828622579574585,25,0.6127,0.3873,0.0238,0.0311,0.0282,0.0254,0.0257,0.0265,0.0246,0.0217,0.0279,0.0271,0.0232,0.0246,0.0192,0.0242,0.0247,0.0226,0.0208,0.0206,0.0233,0.0252,0.022,0.0259,0.0258,0.0232,0.0254,0.03747989152212511,0.0327488142058721,0.03579133893797705,0.039985564816957864,0.03822029747998123,0.035551371314317855,0.04042449934014071,0.04319934795816527,0.0379758167550536,0.03592445531662943,0.03986297453495641,0.04273726562224714,0.04576641279003886,0.04179636009354189,0.039715532422271355,0.044097703124016244,0.04206885408884421,0.045007962473059965,0.04127398626310566,0.03822794360323804,0.040895415047200026,0.03995206301567456,0.04087039983642868,0.038633833867273995,0.04179189557088277,0.025938965574076083,0.029707217876514494,0.02738712542070286,0.024002974471119317,0.02543347839377706,0.027732525746357227,0.023696054430912588,0.02154789053871256,0.025782436093387207,0.027321261239394434,0.024451166638943037,0.02175586894163318,0.019446321119333865,0.022731896438127258,0.024293947832132887,0.020956965129217218,0.02239992026303709,0.02012228145337444,0.02310458606799232,0.025466513969469667,0.023285800776090264,0.02406844418608488,0.02322739358298255,0.025146577994559265,0.022657290520835108
dual_slot,0,36000,69.84852561785374,70.13231591694057,0.6392667293548584,0.7770611047744751,25,0.6474,0.3526,0.0234,0.0324,0.0292,0.0247,0.0252,0.0269,0.0265,0.0235,0.0282,0.0295,0.0231,0.0261,0.0209,0.0238,0.0257,0.0266,0.0243,0.0238,0.0263,0.0278,0.025,0.0266,0.0272,0.0243,0.0264,0.04255900477206431,0.033530576138233494,0.036466594366357186,0.04033855830386917,0.03831330224181814,0.033894950815036705,0.039119024255128546,0.04087681822642383,0.035429680432172386,0.036147612937951,0.04249599462627818,0.04280666355452235,0.04466082644131123,0.044689504771512664,0.041053670865313696,0.03832069973230692,0.0395467720020057,0.042729348311006526,0.03989481515875247,0.03784785056438503,0.04623093240072838,0.04083834885874983,0.0387008397422577,0.04049234526308301,0.043015265218731474,0.023286247437849267,0.03004965574252205,0.02794008994790074,0.02487214559461773,0.02627613757778001,0.02970487512951409,0.02588180894448762,0.024595425288329777,0.028542671278283985,0.028095401006290016,0.023371421838922456,0.02314406901015214,0.02174809843538951,0.02172711114344321,0.024505064006059857,0.0263879114678708,0.02556877583621291,0.02312252462611439,0.025353134408569605,0.026733950566522585,0.02059906807255243,0.024506390328756407,0.026226906014750126,0.024876789170760076,0.022952348248792765
dual_slot,0,37000,71.64771196909714,71.93911174999084,0.6594812870025635,0.8140157461166382,25,0.6727000000000001,0.3273,0.024,0.0329,0.0297,0.0276,0.0261,0.0273,0.027,0.0235,0.0292,0.0294,0.0249,0.0275,0.0226,0.0269,0.0264,0.029,0.025,0.0242,0.0271,0.0278,0.0268,0.0282,0.0274,0.0246,0.0276,0.03947006912678222,0.0333070988193737,0.03728650427841004,0.0391759101970163,0.038940118995293344,0.033793104625062215,0.04069876990560166,0.04433075587365927,0.03795805309512447,0.03552246639884048,0.03935183570148618,0.042059824804550866,0.044111339905177155,0.04160506898542153,0.038969796294549504,0.040126581122873976,0.040340793107205654,0.04265394056058678,0.04103939127350176,0.03951378556486093,0.04316236628504838,0.041060302756078956,0.04054104721432032,0.041266576629293034,0.04371449847988128,0.026616038593525338,0.030734352511232292,0.028063791062929097,0.026855397366148434,0.026781575366732202,0.030403425445954833,0.0257012767919077,0.02318915235834609,0.02760652558069681,0.029538382688438385,0.026657482622445272,0.024696393514292724,0.023260430270152725,0.025201354596430792,0.02687855524486174,0.02624713685918766,0.026023152401353167,0.02448716561317235,0.025703718699070913,0.02662533405702404,0.023906597561693707,0.02568947982480465,0.0256914845261672,0.02554902552012933,0.02372595676084291
dual_slot,0,38000,73.37083819671534,73.67028412502259,0.6515637636184692,0.8040049076080322,25,0.6856,0.3144,0.0241,0.0331,0.0311,0.0264,0.0283,0.0288,0.0276,0.0248,0.0284,0.0305,0.0261,0.0289,0.0238,0.0267,0.0274,0.0291,0.0256,0.0248,0.0273,0.0274,0.026,0.0293,0.0286,0.0263,0.0252,0.03959758357053368,0.03385202763804863,0.03670034137902896,0.039547916472841504,0.03833064875223384,0.0358247132546431,0.04181740400696966,0.04333284255240726,0.037796335740072184,0.03440489046131914,0.03991903191532002,0.039759932394221334,0.04564206214501158,0.04489078288640737,0.04289764449421085,0.03758317774723866,0.04201645395160439,0.04380535355811544,0.04075906396611689,0.037947869711072196,0.04165228653886986,0.0379198090033311,0.041299426552660015,0.03819320963006448,0.044509191677657864,0.027591578151098868,0.031298069088037735,0.029401512903768558,0.027583543159410362,0.028265856881893058,0.030104776121161282,0.026322022711771035,0.02518000133911784,0.02899027230243527,0.031069877924068786,0.027429828812819385,0.02745109479684342,0.023776472396657308,0.024245803694915625,0.025412811205236793,0.028928121627901555,0.026080486818196018,0.025080131719805273,0.02686599030115154,0.028583107589513733,0.02626892316452329,0.028678762380524664,0.0266065456539558,0.028664216408694147,0.02444512485233098
dual_slot,0,39000,75.13156016624998,75.43895500001963,0.6780210733413696,0.7744649052619934,25,0.7093,0.2907,0.0271,0.0337,0.0304,0.0266,0.0278,0.0294,0.0286,0.0255,0.0288,0.0315,0.026,0.0296,0.0246,0.0273,0.0294,0.0304,0.0259,0.0262,0.0279,0.0282,0.0258,0.03,0.0302,0.0277,0.0307,0.03708594400584923,0.03559812142006859,0.03821725152156826,0.04294148912118054,0.041129198078215246,0.033651467332358964,0.04222773506764066,0.04359329710454779,0.03925991022218188,0.03548386043291716,0.03989220123079084,0.04459744400807994,0.04351992320541942,0.040399104861688594,0.04122614731383445,0.03670035355105722,0.039570575118346656,0.041882718469276534,0.04028624238824032,0.037271837117799335,0.042568955983701105,0.040282485301806566,0.03857522416460301,0.042400753022189194,0.04163775995663854,0.029882603033526783,0.030642207901826722,0.029020596933454598,0.026353732414777713,0.027421738083462044,0.03175033288515702,0.027047794062419993,0.025969613857313067,0.02848427018351031,0.030475168323728673,0.02838509072219289,0.025377857588734145,0.026169104009333217,0.027773866103221283,0.02724741719221242,0.030266086287869105,0.02837931649344388,0.02697767913815825,0.027801314863591064,0.029655866408896538,0.02661233332950706,0.02799884146138985,0.028887764199331784,0.02671145742829987,0.0273564112385839
dual_slot,0,40000,76.90361274953466,77.21868404198904,0.6665159463882446,0.7837610244750977,25,0.7239,0.2761,0.0271,0.035,0.0314,0.0277,0.0289,0.0295,0.0275,0.0249,0.0293,0.0299,0.0266,0.0291,0.0263,0.0282,0.0297,0.0312,0.0269,0.0263,0.0289,0.0289,0.0303,0.0306,0.0303,0.0282,0.0312,0.04150721866867841,0.03540537656140954,0.03894403201378059,0.042016384035428844,0.041454955514149905,0.035551569739048494,0.04050066179148539,0.04358450664623267,0.039230180025361314,0.03765253026508899,0.03872994666697077,0.04241037022696206,0.04344213653322099,0.040558127210399225,0.04216117282005013,0.036215288409106886,0.03770274918505422,0.04328444823100338,0.03874437292038323,0.039138207042626674,0.04154963604994187,0.03967028708896095,0.040296490195136564,0.04049242913067132,0.039756923028847646,0.02765564224064087,0.03131728196407299,0.02942423427390179,0.027288271183307896,0.027880644331446373,0.03099985771720272,0.028344633376987116,0.026553703951404516,0.02887105465104591,0.029845409054713785,0.029311476623669126,0.027064455975152793,0.02675176889625803,0.028038550990002957,0.02763570724235656,0.030583750702730138,0.029699693250253154,0.02660697327985803,0.029186093874749762,0.02907955255393634,0.0275534208250281,0.02869916415261751,0.02834343143515691,0.02811493517717293,0.02857182311069484
dual_slot,0,41000,79.07629097113386,79.39983270794619,0.6750763654708862,0.7399764657020569,25,0.7368,0.2632,0.0287,0.0332,0.0323,0.029,0.0293,0.0304,0.0277,0.0256,0.0291,0.031,0.0269,0.0301,0.0274,0.0284,0.0298,0.0305,0.0279,0.0272,0.0293,0.0291,0.0301,0.0329,0.0309,0.0293,0.0307,0.03932548695942967,0.03612612206826771,0.0375377061179073,0.0410582520696883,0.03958609517425182,0.034719608533049694,0.04373812903300957,0.04420027587397596,0.04283910376658756,0.03679052324791961,0.03885553987661099,0.04409878246553638,0.042517878961150904,0.04265833756462145,0.04181982827764218,0.03783503028282201,0.042266985028526306,0.04241459306568131,0.04024454827945469,0.03963391774521921,0.03821233276567803,0.03705840819723322,0.037304166856559434,0.03752854160016965,0.04162980618900705,0.02971069746146671,0.031445151344265704,0.030658069310618107,0.028831541772455983,0.029494472264481788,0.03219048393636423,0.02733330982462788,0.02697122379056988,0.027848779280840015,0.030858700206337526,0.029998791960531047,0.027376569168088692,0.0278236886172373,0.027710194999167034,0.028154533631333894,0.030422387781668628,0.028230078570564313,0.028229983860485048,0.029340860600307214,0.02950819286773679,0.03026151204395469,0.030716743958738992,0.030625575263659964,0.030741050725853154,0.028489604182661412
dual_slot,0,42000,80.99416329327505,81.32634675002191,0.6667352318763733,0.7726272344589233,25,0.7513,0.24870000000000003,0.0298,0.0344,0.0321,0.0286,0.0287,0.0297,0.0275,0.0263,0.0292,0.0317,0.0289,0.033,0.0295,0.031,0.0316,0.0321,0.029,0.0285,0.0297,0.0294,0.0286,0.032,0.031,0.0276,0.0314,0.04439820533163847,0.03552573744083072,0.03667082775412568,0.04312650898993533,0.04181127710233912,0.03485678268456617,0.042115748507423834,0.04464486976531829,0.038721450732852804,0.037215695622364375,0.04133330673879501,0.04213952068155084,0.041192211632640155,0.038423926112085505,0.03672060759348129,0.03745478157305191,0.03894214650896188,0.04205998039159829,0.04006766128758325,0.0396150691499992,0.041730072579100635,0.03871693326420082,0.0399884408846294,0.040232329876603745,0.04229590779432332,0.027548147596653957,0.03212615304409559,0.03142316465242951,0.02792527961265536,0.02883249587552881,0.03242931184153757,0.028637673066918536,0.027304772455806516,0.03041317734783136,0.03122254824718962,0.028959826613001644,0.02846926178964743,0.02907107000391967,0.03037007134727906,0.0313976984739605,0.030943987577479574,0.03026121215279447,0.028549015204797613,0.029607300637753083,0.029760710980144458,0.0286396631727329,0.03022017587704336,0.029765015406344658,0.02944493511527409,0.028389257872887715
dual_slot,0,43000,82.98047963704448,83.3209441669751,0.6772818565368652,0.8256969451904297,25,0.7310000000000001,0.26899999999999996,0.0296,0.0333,0.0307,0.0259,0.0254,0.0316,0.0291,0.0281,0.0302,0.0311,0.0276,0.0315,0.0284,0.0297,0.0304,0.0296,0.0273,0.0276,0.0288,0.0286,0.0247,0.0287,0.0319,0.0287,0.0325,0.04395606073524837,0.036020960037161494,0.03638802679985774,0.04489512485277326,0.04139002701039684,0.033094659342544894,0.0373447294348318,0.04102268777427353,0.040541164399867165,0.03624225317601893,0.03937207017167188,0.04168208811224777,0.04222567081272034,0.04044004098149974,0.041293247375951844,0.03779362633520564,0.03670953733456425,0.0446323160216171,0.04042601693385059,0.04185033779694551,0.04174473407218192,0.04283942075881215,0.038799801337418414,0.03991920833412932,0.03937619005820944,0.028295979044673684,0.03200022766444383,0.03209327687062983,0.027678243039517603,0.029322634714122213,0.033399242492969036,0.03134968523642634,0.029425031910053245,0.029739792826916696,0.03193053967050638,0.030353385452125712,0.029179106590068317,0.02887291024453898,0.029828550594257028,0.02940925780774622,0.03109002050766002,0.031661838857663396,0.027651145666421996,0.02983544245776767,0.02921361083829572,0.029187382870842552,0.028922856480536475,0.030517429077100477,0.03000637933937866,0.03039042330871273
dual_slot,0,44000,84.62665595544968,84.97490799997468,0.6723489165306091,0.7408159375190735,25,0.7710999999999999,0.22890000000000008,0.0319,0.0348,0.0325,0.0297,0.0281,0.0311,0.03,0.0283,0.0315,0.0314,0.0281,0.0323,0.0309,0.032,0.0313,0.0332,0.0294,0.0288,0.0309,0.0296,0.0291,0.032,0.0335,0.0292,0.0315,0.03672723965704111,0.034961455301123934,0.03827014401818252,0.04546778494519454,0.04379540765398509,0.03510361143117421,0.04051954874056199,0.042717883755022654,0.04073222710755698,0.03810661302546157,0.04332134166844759,0.03776736269705373,0.038946590898312525,0.0406931444869066,0.041219956954828704,0.03754819351465127,0.03962522480759191,0.0429950151740107,0.04381778496956504,0.0423322581467141,0.04192402260948317,0.03611486827101028,0.03760187822979053,0.03924677661397762,0.040443665322351635,0.03199553669493814,0.03293609507851618,0.031315155440182735,0.028076141516213775,0.028777832445222695,0.03271355883126674,0.03057877631313429,0.029319335575525105,0.030401481120373334,0.031235158612048168,0.02919419805857614,0.03158866078097306,0.031077858761697566,0.030458767528513425,0.02997874415942498,0.03172992008816703,0.03072235478930772,0.028994798948833313,0.028884585584968328,0.029381962160285418,0.029494194071009772,0.03255451799166763,0.03182207484212942,0.030898822103971893,0.03037978513386609
dual_slot,0,45000,86.29139734013006,86.64787774998695,0.6684045195579529,0.7553988099098206,25,0.7673000000000001,0.23269999999999996,0.0288,0.0345,0.0317,0.031,0.0289,0.0306,0.0291,0.0277,0.0316,0.0307,0.0288,0.0326,0.0306,0.0324,0.0306,0.0336,0.029,0.029,0.0317,0.0297,0.0298,0.0317,0.0326,0.0304,0.0302,0.038318106720492226,0.03614124653158507,0.037635329198438795,0.042796422999628866,0.04181845158681223,0.0342124381490044,0.04136788270539975,0.04275112046757458,0.040230277935629166,0.03837418340807506,0.039410178474290895,0.04094196508169322,0.040799241433131295,0.04010619423520287,0.04225807344758082,0.037007960914859875,0.03982211368876007,0.04125325671691969,0.04051752510920602,0.043307209922278336,0.04002748747410363,0.039213006952939625,0.040246291088717495,0.03873794184391961,0.04270609391375644,0.03150264291354499,0.03238485362457423,0.031737981606596286,0.029368519415984534,0.02993469435458405,0.03354380855779858,0.03018061337955691,0.02958463034379394,0.03062476361687374,0.031515960562526854,0.03111845941938396,0.030180839992884997,0.03020730203128724,0.030564543040544748,0.029693801115329252,0.032065069375035796,0.030851214641045267,0.030076988260294854,0.03037570071538549,0.029329329241300002,0.03071786487596937,0.031130856018661907,0.03069553696579804,0.03134895878084039,0.029409989569779818
dual_slot,0,46000,87.96575509745162,88.33108875004109,0.6772830486297607,0.7251054644584656,25,0.7780999999999999,0.22190000000000007,0.0295,0.0357,0.0329,0.03,0.031,0.0307,0.0297,0.0282,0.03,0.0323,0.029,0.0331,0.0309,0.0314,0.0316,0.0335,0.0296,0.0294,0.0305,0.0306,0.0304,0.0324,0.034,0.0303,0.0314,0.04127904094792624,0.03684043529390913,0.04066127540466111,0.04241365257218549,0.039008379971510514,0.03299429483240557,0.042431430437042755,0.04371570933079737,0.04237987300418757,0.03674640761899384,0.03899089565313607,0.0410720886295101,0.04190623418182196,0.04271607895931208,0.03916570883842967,0.03862756839796114,0.04232140599127489,0.04121859859389124,0.038732491079610895,0.03810490662380794,0.042091479448650326,0.036171941966384624,0.038444291302861026,0.0406899811162892,0.041275829803439266,0.030335070329720867,0.03250369941330798,0.03072690421336401,0.029791581866117828,0.03146174894241073,0.034174555150496146,0.02982274067782512,0.029329900596324072,0.0301190995962143,0.03242831476417818,0.031469522125723334,0.0304270772512127,0.03025154508065435,0.029813379055584614,0.03135274112931729,0.031904487761762405,0.030027905377701013,0.030557254308934252,0.03162346620565159,0.03174622788426662,0.029895751186426674,0.032800898369927965,0.0316344066456347,0.030831329719797827,0.03053181044126431
dual_slot,0,47000,89.7955610579811,90.16917949996423,0.6727653741836548,0.7066903710365295,25,0.788,0.212,0.0313,0.0381,0.0326,0.0308,0.0322,0.0288,0.0297,0.0275,0.0317,0.0323,0.0283,0.0339,0.0306,0.0323,0.0316,0.0336,0.0318,0.029,0.0323,0.0311,0.0304,0.0326,0.0334,0.0295,0.0326,0.039563631534536126,0.0341401413311379,0.03843251380291661,0.04401437146593175,0.041598747439196754,0.03896141007900803,0.040234998545503345,0.04452598138184695,0.03991267491320345,0.03575568553098615,0.04256667109123961,0.041261523828637216,0.04222798349313425,0.041996502216419825,0.04264586233534968,0.03589289286598404,0.0344774200527036,0.041798629141013635,0.03777677678023937,0.03980122900592083,0.039510033146396076,0.038543369502061504,0.04010521446138683,0.04042470651885861,0.04383102953638784,0.031403078136590865,0.03362324072723833,0.031968678550647535,0.029524014671215727,0.0304869460437932,0.03174074124229012,0.030996553017255127,0.02938165222890574,0.03133077665066179,0.033083243063769835,0.03030417703670628,0.03071040358928502,0.030411078013811245,0.030354589009557613,0.03023098565389145,0.033024111109093514,0.03382944693067287,0.030635178449939574,0.03221221764702088,0.03145693125737632,0.03154336482045207,0.03203809080468456,0.031130610789215196,0.031266357473617355,0.029681154154429953
dual_slot,0,48000,91.6141367877135,91.99575920798816,0.6691672205924988,0.732039749622345,25,0.7974999999999999,0.20250000000000007,0.0307,0.0352,0.0335,0.0323,0.0326,0.0307,0.0303,0.0291,0.032,0.0322,0.0291,0.0326,0.0315,0.0321,0.0321,0.0335,0.0311,0.0289,0.0329,0.0311,0.0324,0.0328,0.0351,0.0302,0.0335,0.04140239139261792,0.037382944490166214,0.03873285912914556,0.04064015598178762,0.037591143006517,0.03877044885300912,0.04075567600585503,0.04661983441786996,0.04302933815940804,0.03790997746075378,0.04309912022774513,0.040726114359626225,0.04145582757124472,0.04010053187653245,0.04269118202553601,0.034188114456222496,0.042380656936039374,0.04060097466370126,0.04288956630928028,0.0385714107100986,0.036584213549874775,0.03412339963271783,0.03739638257979928,0.04020589534648787,0.04215184085796346,0.03122506004893922,0.03272235108957331,0.03216701616139113,0.03153863242967243,0.032636701297514815,0.032151552304640944,0.03149110919937574,0.02896149361203573,0.030399508198434996,0.03246647501601863,0.030370800887032194,0.031307957923657176,0.031242139694940035,0.031682500809908545,0.030538620633322116,0.03407571943990163,0.030822616064992345,0.031242251044759098,0.030378883271485004,0.03227249615447377,0.03312906219165381,0.03445390466168385,0.03271682285813867,0.03132665583584044,0.030682372617177964
dual_slot,0,49000,93.27448136848398,93.6637979169609,0.6748282313346863,0.7606012225151062,25,0.8049999999999999,0.19500000000000003,0.0316,0.0358,0.0336,0.0313,0.0322,0.0293,0.0309,0.0293,0.0325,0.0333,0.03,0.034,0.0315,0.0327,0.0319,0.0326,0.0308,0.0281,0.0324,0.0318,0.0337,0.0344,0.0354,0.0312,0.0347,0.039337550356662546,0.03840285290716608,0.03705659510837349,0.0440106641507299,0.03989427402863738,0.0338626384237006,0.04458725772724165,0.04465473165075766,0.041591729608293534,0.03738576233731068,0.04127974533041487,0.040510350556256125,0.041154928293481205,0.040507110255027734,0.041333301460241806,0.037396033234433926,0.04114024374808758,0.04527624979802588,0.04091937413940096,0.03720382635545595,0.03955102777072693,0.033836798693719555,0.04032089202274286,0.039388468262748666,0.03939759378036239,0.03221563192984539,0.03235895615632114,0.033059211630514757,0.030131974205191994,0.0317953545490929,0.03450609847760133,0.029938042651386998,0.029949839806078727,0.031265684565296596,0.032809011883805715,0.03127456590232064,0.031624530942186126,0.031403127862779066,0.031625840306267694,0.03137011205856865,0.03296111154628125,0.03136999919884474,0.029737754810608075,0.031263937269067094,0.03292159237580586,0.03212936845046434,0.03424310248039075,0.031896401200630566,0.03199974415840023,0.031956994154014984
dual_slot,0,50000,94.92920699587557,95.32628058304545,0.6831765174865723,0.753505527973175,25,0.7993,0.2007,0.0288,0.0349,0.0328,0.0321,0.0311,0.0304,0.0312,0.0303,0.0328,0.0328,0.0293,0.0334,0.0316,0.033,0.0325,0.0332,0.0314,0.0291,0.0326,0.032,0.0309,0.0328,0.0353,0.0305,0.0345,0.03634830018747527,0.035955688739853636,0.03941338612861336,0.0421433385955408,0.038862523105066896,0.038626921519325244,0.0390935940429281,0.040891191488953205,0.042201742470173984,0.03828618400215368,0.042256239194169966,0.041865878894696756,0.04127037784997719,0.04228821579503271,0.04177337463452972,0.03984418511881028,0.04016301212848157,0.04002403260877643,0.04196389918850079,0.036117596941693635,0.04195679629031476,0.040250581522651915,0.04044580690289365,0.0395617589988229,0.038395373650563544,0.033349946652966166,0.03342754798360194,0.03217326623566657,0.03120763895005594,0.03243082434464456,0.0324461489133257,0.03222198432282515,0.031821481031847475,0.03106728599946443,0.03277661234583291,0.03108473279031745,0.03127862872024186,0.03147576715922548,0.03111111201592816,0.031237194828183962,0.031807080608070915,0.03191499531093883,0.03216543297544515,0.03127881221970733,0.03340239083253186,0.031437879529997416,0.03180213657988551,0.03188095192458906,0.032231602770460124,0.03253799060614242
