method,step,seed,classifier,class_tv,covered_classes_1pct,acceptance_0.9,augmented_tv_0.9,confidence_covered_classes_1pct
vanilla,10000,0,cifar10_resnet56,0.42650000000000005,9,0.577,0.5985,8
vanilla,10000,0,cifar10_vgg16_bn,0.35230000000000006,9,0.6953,0.5035,9
vanilla,50000,0,cifar10_resnet56,0.24880000000000002,10,0.6358,0.4315,10
vanilla,50000,0,cifar10_vgg16_bn,0.2163,10,0.7502,0.3546,10
rsgan,10000,0,cifar10_resnet56,0.453,9,0.611,0.6074999999999999,7
rsgan,10000,0,cifar10_vgg16_bn,0.3281,9,0.6824,0.49470000000000003,9
rsgan,50000,0,cifar10_resnet56,0.22140000000000004,10,0.6376,0.4196000000000001,10
rsgan,50000,0,cifar10_vgg16_bn,0.18180000000000002,10,0.7557,0.3194,10
paired,10000,0,cifar10_resnet56,0.48739999999999994,9,0.5778,0.6162000000000001,5
paired,10000,0,cifar10_vgg16_bn,0.41500000000000004,9,0.6703,0.5577000000000001,8
paired,50000,0,cifar10_resnet56,0.2038,10,0.6059,0.42960000000000004,10
paired,50000,0,cifar10_vgg16_bn,0.13610000000000003,10,0.7336,0.28969999999999996,10
