method,seed,step,training_seconds,wall_seconds,d_loss,g_loss,coverage,valid_fraction,mode_tv,mode_0_mass,mode_1_mass,mode_2_mass,mode_3_mass,mode_4_mass,mode_5_mass,mode_6_mass,mode_7_mass
vanilla,4,0,0.0,0.0012387079768814147,nan,nan,0,0.0,1.0,0.0,0.0,0.0,0.0,0.0,0.0,0.0,0.0
vanilla,4,1000,0.9100510290300008,0.9136267499998212,0.503616988658905,1.0647382736206055,5,0.1089,0.8911,0.0074,0.0095,0.0165,0.0215,0.0222,0.0144,0.0103,0.0071
vanilla,4,2000,1.8197814179002307,1.8258487079874612,0.527481734752655,1.0877153873443604,7,0.36719999999999997,0.6328,0.0302,0.063,0.0581,0.0577,0.0422,0.061,0.0469,0.0081
vanilla,4,3000,2.725639672775287,2.7342908330028877,0.5347948670387268,1.2223619222640991,8,0.5691999999999999,0.43080000000000007,0.0775,0.1161,0.0587,0.0584,0.0387,0.0761,0.0868,0.0569
vanilla,4,4000,3.641541646706173,3.652846041979501,0.5914949178695679,1.1405606269836426,8,0.7,0.30240000000000006,0.0962,0.1274,0.0755,0.0702,0.0287,0.109,0.1088,0.0842
vanilla,4,5000,4.553235556290019,4.567075124999974,0.6285257339477539,1.191825270652771,8,0.7619,0.24069999999999997,0.1092,0.1276,0.081,0.0873,0.0243,0.1161,0.1157,0.1007
vanilla,4,6000,5.460332229820779,5.476771957997698,0.616194486618042,0.9163022041320801,8,0.7909,0.21199999999999997,0.1103,0.1279,0.0887,0.0922,0.0189,0.1192,0.1213,0.1124
vanilla,4,7000,6.37310563045321,6.392098749987781,0.6477713584899902,0.9888535141944885,8,0.8223,0.1837,0.1189,0.1293,0.0913,0.0962,0.0167,0.1235,0.1267,0.1197
vanilla,4,8000,7.282919970894,7.304521624988411,0.6412488222122192,1.1282819509506226,8,0.8355,0.17739999999999997,0.1209,0.1353,0.0917,0.0973,0.0161,0.1251,0.1275,0.1216
vanilla,4,9000,8.192528312822105,8.216720208001789,0.6413702964782715,0.9014678597450256,8,0.8485999999999999,0.17280000000000004,0.1238,0.1382,0.0921,0.0973,0.014,0.1281,0.1283,0.1268
vanilla,4,10000,9.097658911574399,9.124463374988409,0.6107484102249146,0.9739010334014893,8,0.8619,0.16379999999999997,0.126,0.1369,0.0951,0.1035,0.0126,0.1308,0.1271,0.1299
