modes,method,seed,step,mode_tv,valid_fraction,coverage_1pct,coverage_relative,spatial_tv,training_seconds
8,vanilla,0,10000,0.17610000000000003,0.8595999999999999,8,8,0.4498374690605585,9.286602491454687
8,vanilla,0,50000,0.09999999999999999,0.9373,8,8,0.5548339232167674,46.06527665944304
8,vanilla,1,10000,0.26180000000000003,0.8393999999999999,8,8,0.5027598068772914,9.167778609669767
8,vanilla,1,50000,0.2502,0.8991,6,6,0.5884583221785129,45.83675968335592
8,vanilla,2,10000,0.3351,0.8358,6,6,0.5134621020609644,9.090125319286017
8,vanilla,2,50000,0.27249999999999996,0.937,6,6,0.5379965705245565,45.8539663622505
8,vanilla,3,10000,0.19300000000000003,0.8494999999999999,8,8,0.49488604129872044,9.203390175447566
8,vanilla,3,50000,0.15109999999999996,0.9371,7,7,0.5764556540861926,45.9436219597701
8,vanilla,4,10000,0.16379999999999997,0.8619,8,8,0.4478665856463183,9.081127057026606
8,vanilla,4,50000,0.1421,0.9264,7,7,0.5845059046010211,45.76073587191058
8,rsgan,0,10000,0.19640000000000002,0.8533999999999999,8,8,0.45239485159664244,10.100568177120294
8,rsgan,0,50000,0.10330000000000002,0.9385,8,8,0.4232044000951539,50.49193360336358
8,rsgan,1,10000,0.1689,0.8428,8,8,0.39229012184845174,10.123009875416756
8,rsgan,1,50000,0.06340000000000001,0.9376,8,8,0.5075867349010272,50.90258881251793
8,rsgan,2,10000,0.2376,0.8385,8,8,0.4698894329165153,10.149707640055567
8,rsgan,2,50000,0.15460000000000002,0.9373,8,8,0.4783185539624977,50.797552491596434
8,rsgan,3,10000,0.219,0.8115,8,8,0.6070489397691705,10.07622948725475
8,rsgan,3,50000,0.0828,0.9386,8,8,0.48842842940981646,50.40872922388371
8,rsgan,4,10000,0.5809,0.8338000000000001,5,5,0.7155938881658253,10.130567494838033
8,rsgan,4,50000,0.5878,0.8995,5,5,0.8012147533653426,50.43061961629428
8,paired,0,10000,0.17020000000000002,0.8298,8,8,0.48262832603169936,8.807287725794595
8,paired,0,50000,0.06359999999999993,0.9364000000000001,8,8,0.5845639487903442,43.93505060573807
8,paired,1,10000,0.1667,0.8333,8,8,0.4451942246163977,8.750504670199007
8,paired,1,50000,0.06200000000000003,0.938,8,8,0.5542157616365526,43.88041327142855
8,paired,2,10000,0.16790000000000002,0.8321,8,8,0.4815759631060547,8.73619454499567
8,paired,2,50000,0.05469999999999998,0.9454,8,8,0.49360638591468453,43.788746646780055
8,paired,3,10000,0.16859999999999997,0.8314,8,8,0.4682648002176646,8.765720880270237
8,paired,3,50000,0.06079999999999998,0.9392,8,8,0.5384384766112846,43.83914880891098
8,paired,4,10000,0.1735,0.8265,8,8,0.4227739304390836,8.711250032210955
8,paired,4,50000,0.10519999999999999,0.8948,8,8,0.6052722831340995,43.581230399082415
16,vanilla,0,10000,0.1765,0.8235,16,16,0.40326793613552037,7.5657001450890675
16,vanilla,0,50000,0.09800000000000002,0.9045,16,16,0.5408293759646585,35.492594305076636
16,vanilla,1,10000,0.1926,0.8074,16,16,0.46330041676108624,7.142366593820043
16,vanilla,1,50000,0.10570000000000002,0.9076,16,16,0.5092225544417721,35.6671160304104
16,vanilla,2,10000,0.244,0.756,16,16,0.5358900126523969,7.058337290072814
16,vanilla,2,50000,0.2826,0.8089,16,16,0.6058212358553168,35.3715965388692
16,vanilla,3,10000,0.20120000000000002,0.7988,16,16,0.47520631795263324,6.9543582136393525
16,vanilla,3,50000,0.1157,0.9133,16,16,0.4974165133744116,34.95668997021858
16,vanilla,4,10000,0.26680000000000004,0.7332,16,16,0.5678487041732494,7.170230164134409
16,vanilla,4,50000,0.2535,0.7994,16,16,0.5431995665821253,36.11541225935798
16,rsgan,0,10000,0.19940000000000002,0.8006,16,16,0.4682996949043,8.33159985759994
16,rsgan,0,50000,0.09849999999999995,0.9064000000000001,16,16,0.47957997740612707,39.21482361265225
16,rsgan,1,10000,0.17880000000000004,0.8252999999999999,16,16,0.4511390847233989,7.7808292781119235
16,rsgan,1,50000,0.09949999999999995,0.9142000000000001,16,16,0.4896377897287757,38.93983546970412
16,rsgan,2,10000,0.16210000000000002,0.8379,16,16,0.43903138045473034,7.736834120063577
16,rsgan,2,50000,0.0742,0.9276,16,16,0.5345366842742392,38.859051369014196
16,rsgan,3,10000,0.25129999999999997,0.7487,16,16,0.5326752700688273,7.733700135082472
16,rsgan,3,50000,0.2708999999999999,0.8172000000000001,16,16,0.5811017772746903,38.60538498411188
16,rsgan,4,10000,0.2561,0.7439,16,16,0.5692171488396409,7.796129352529533
16,rsgan,4,50000,0.28049999999999997,0.7945,16,16,0.5842476202223073,39.22984657267807
16,paired,0,10000,0.23399999999999999,0.766,16,16,0.5718383158119951,7.212619086029008
16,paired,0,50000,0.08479999999999999,0.9152,16,16,0.5563195824248001,33.64529448427493
16,paired,1,10000,0.23570000000000002,0.7643,16,16,0.5210190523268279,7.292768103827257
16,paired,1,50000,0.10549999999999995,0.8945000000000001,16,16,0.5857301119599236,34.071539558062796
16,paired,2,10000,0.23610000000000003,0.7638999999999999,16,16,0.5255225523190425,6.703536391141824
16,paired,2,50000,0.08479999999999999,0.916,16,16,0.5990815990092072,33.29912799363956
16,paired,3,10000,0.2398,0.7602,16,16,0.532616328042481,6.630016757699195
16,paired,3,50000,0.08640000000000003,0.9138999999999999,16,16,0.5163914476291742,32.983150948479306
16,paired,4,10000,0.23679999999999995,0.7632000000000001,16,16,0.5125306577025056,6.816000211634673
16,paired,4,50000,0.07940000000000001,0.9206,16,16,0.5814889611371765,33.85463860188611
32,vanilla,0,10000,0.029649999999999996,0.9991,32,32,0.503512231109645,7.1675497980904765
32,vanilla,0,50000,0.05350000000000002,0.9962,32,32,0.733991338086021,35.670143959636334
32,vanilla,1,10000,0.040599999999999956,0.9922000000000001,32,32,0.3658498023812189,7.132692812185269
32,vanilla,1,50000,0.044000000000000004,0.9939,32,32,0.49155284945279687,35.39877785957651
32,vanilla,2,10000,0.038,0.9989,32,32,0.4878375187251064,7.1742931738263
32,vanilla,2,50000,0.027249999999999996,0.9997,32,32,0.5887517048131998,35.643212406372186
32,vanilla,3,10000,0.04315000000000004,0.9855999999999999,32,32,0.45247351704706684,7.0487037868006155
32,vanilla,3,50000,0.031599999999999996,0.9979,32,32,0.46011224502388665,35.52964747423539
32,vanilla,4,10000,0.03240000000000002,0.9994,32,32,0.5195286096783114,7.034737982496154
32,vanilla,4,50000,0.033950000000000015,0.9972,32,32,0.6309742850178104,35.151829522743355
32,rsgan,0,10000,0.051049999999999984,0.9795,32,32,0.45932331250427433,7.787449766125064
32,rsgan,0,50000,0.03664999999999999,0.9906,32,32,0.5588668391821623,39.186759249074385
32,rsgan,1,10000,0.06789999999999997,0.9703,32,32,0.4546453978294714,7.779139061109163
32,rsgan,1,50000,0.047399999999999984,0.9977,32,32,0.5387772924257355,39.00526297418401
32,rsgan,2,10000,0.036949999999999934,0.9939000000000001,32,32,0.3884204279885092,7.852646975428797
32,rsgan,2,50000,0.020900000000000002,0.999,32,32,0.48512809811469176,38.9268668013392
32,rsgan,3,10000,0.03849999999999996,0.9932000000000001,32,32,0.627378374759392,7.763826851325575
32,rsgan,3,50000,0.023799999999999995,0.9999,32,32,0.6706735055311674,39.163502422277816
32,rsgan,4,10000,0.036250000000000025,0.9912,32,32,0.44410099234074424,7.968571508303285
32,rsgan,4,50000,0.04485000000000003,0.9984999999999999,32,32,0.5187933698167326,35.95991262368625
32,paired,0,10000,0.039600000000000024,0.9922,32,32,0.3931558956555299,6.608722915989347
32,paired,0,50000,0.05520000000000003,0.9842,32,32,0.5565056490322371,33.281076099025086
32,paired,1,10000,0.037449999999999976,0.9906,32,32,0.3737974360301913,6.632273089373484
32,paired,1,50000,0.04170000000000001,0.9972,32,32,0.4673337195168447,33.40886211046018
32,paired,2,10000,0.04375000000000004,0.9864999999999999,32,32,0.4667814231827036,6.654913193953689
32,paired,2,50000,0.036349999999999966,0.9874,32,32,0.5369582346325537,33.229532738856506
32,paired,3,10000,0.041400000000000055,0.9938999999999999,32,32,0.4087224216283627,6.618968267808668
32,paired,3,50000,0.08515000000000006,0.9443999999999999,32,32,0.595098155975385,33.11110962589737
32,paired,4,10000,0.03409999999999999,0.9908,32,32,0.42046450529010154,6.1794756731251255
32,paired,4,50000,0.049149999999999985,0.9968,32,32,0.4737719562870291,30.11314766696887
