method,seed,step,mode_tv,spatial_tv,valid_fraction,coverage_1pct,coverage_relative
vanilla,0,50000,0.6416510204081632,0.7743403918598486,0.4165,14,39
vanilla,0,100000,0.5912693877551021,0.7506162880239009,0.6924,16,39
vanilla,0,150000,0.5287367346938775,0.6961265875402199,0.7616,20,32
vanilla,1,50000,0.6640673469387754,0.7869556465837577,0.3824000000000001,13,38
vanilla,1,100000,0.5292367346938776,0.7374729931676803,0.7266,20,40
vanilla,1,150000,0.5409367346938775,0.7489921229760856,0.7937000000000001,20,34
vanilla,2,50000,0.6745591836734693,0.8058327017945753,0.36060000000000003,10,39
vanilla,2,100000,0.5620530612244898,0.7110600828686567,0.6468,18,35
vanilla,2,150000,0.4847367346938775,0.7036225684530355,0.7417,24,33
vanilla,3,50000,0.6892673469387756,0.8608430423146687,0.34130000000000005,12,38
vanilla,3,100000,0.6055020408163264,0.7750389639535323,0.6020000000000001,17,40
vanilla,3,150000,0.5737775510204082,0.7523052297924615,0.7228,17,38
vanilla,4,50000,0.6648673469387755,0.8346775599146983,0.3607,10,35
vanilla,4,100000,0.5308612244897959,0.7229779672412118,0.6723,20,39
vanilla,4,150000,0.4723040816326531,0.7127008630118188,0.7976,24,35
rsgan,0,50000,0.6881673469387755,0.8190053369122128,0.3801,15,39
rsgan,0,100000,0.5888693877551021,0.7677460158098266,0.6896,16,38
rsgan,0,150000,0.5410448979591836,0.7453910377532,0.7544000000000001,20,32
rsgan,1,50000,0.6313510204081633,0.8003252180683057,0.4235,13,37
rsgan,1,100000,0.538369387755102,0.7964096236406106,0.6638,20,35
rsgan,1,150000,0.46112040816326527,0.7050819817240934,0.76,25,36
rsgan,2,50000,0.6561510204081632,0.8057936229035995,0.42369999999999997,14,39
rsgan,2,100000,0.587569387755102,0.7901939785707577,0.6784000000000001,16,35
rsgan,2,150000,0.47032040816326526,0.7416744851327535,0.7318000000000001,24,33
rsgan,3,50000,0.6786591836734693,0.8078858732307905,0.3508,11,39
rsgan,3,100000,0.5900020408163266,0.7766362924659521,0.5994999999999999,16,38
rsgan,3,150000,0.5241367346938776,0.7102028737367463,0.7502,20,38
rsgan,4,50000,0.6873673469387754,0.8086939735038955,0.36040000000000005,11,37
rsgan,4,100000,0.5841693877551021,0.767158374076458,0.6753,16,39
rsgan,4,150000,0.598469387755102,0.726859053432201,0.7425,16,36
paired,0,50000,0.7413000000000001,0.8478898344566717,0.25869999999999993,4,49
paired,0,100000,0.4469265306122449,0.6998061130971984,0.5719,26,45
paired,0,150000,0.30145102040816324,0.6861686485957974,0.7081999999999999,38,49
paired,1,50000,0.7164999999999999,0.8323714151500272,0.2835,5,47
paired,1,100000,0.35951020408163264,0.7600259261253242,0.6535,30,47
paired,1,150000,0.2146265306122449,0.619314287803391,0.8027,42,47
paired,2,50000,0.7313999999999999,0.8456358499737138,0.26859999999999995,6,48
paired,2,100000,0.29429183673469383,0.6183418015817295,0.7058,42,49
paired,2,150000,0.17979999999999996,0.6596471173730896,0.8202,49,49
paired,3,50000,0.6804,0.8173725604428586,0.3195999999999999,10,49
paired,3,100000,0.2983836734693877,0.5933456519164844,0.7024,36,48
paired,3,150000,0.24192857142857138,0.708306031698775,0.7817000000000001,36,45
paired,4,50000,0.6805836734693878,0.8041661653050878,0.32399999999999995,9,49
paired,4,100000,0.3599836734693877,0.6178958839900541,0.6437,34,49
paired,4,150000,0.2171265306122449,0.5608574465313387,0.7949999999999999,42,49
