method,step,seed,frechet_inception_distance,kernel_inception_distance_mean,kernel_inception_distance_std,precision,recall,f_score,cifar10_resnet56_class_tv,cifar10_resnet56_0.5_acceptance,cifar10_resnet56_0.5_augmented_tv,cifar10_resnet56_0.5_covered_classes_1pct,cifar10_resnet56_0.7_acceptance,cifar10_resnet56_0.7_augmented_tv,cifar10_resnet56_0.7_covered_classes_1pct,cifar10_resnet56_0.9_acceptance,cifar10_resnet56_0.9_augmented_tv,cifar10_resnet56_0.9_covered_classes_1pct,cifar10_resnet56_0.95_acceptance,cifar10_resnet56_0.95_augmented_tv,cifar10_resnet56_0.95_covered_classes_1pct,cifar10_vgg16_bn_class_tv,cifar10_vgg16_bn_0.5_acceptance,cifar10_vgg16_bn_0.5_augmented_tv,cifar10_vgg16_bn_0.5_covered_classes_1pct,cifar10_vgg16_bn_0.7_acceptance,cifar10_vgg16_bn_0.7_augmented_tv,cifar10_vgg16_bn_0.7_covered_classes_1pct,cifar10_vgg16_bn_0.9_acceptance,cifar10_vgg16_bn_0.9_augmented_tv,cifar10_vgg16_bn_0.9_covered_classes_1pct,cifar10_vgg16_bn_0.95_acceptance,cifar10_vgg16_bn_0.95_augmented_tv,cifar10_vgg16_bn_0.95_covered_classes_1pct
vanilla,10000,0,96.90354801619065,0.0859739089012146,0.0023953005716358926,0.7098000049591064,0.039900001138448715,0.07555294324555191,0.42650000000000005,0.9338,0.45460000000000006,8,0.7778,0.5122,8,0.577,0.5985,8,0.4911,0.6339,7,0.35230000000000006,0.9563,0.37409999999999993,9,0.8412,0.42750000000000005,9,0.6953,0.5035,9,0.62,0.5407000000000001,9
vanilla,20000,0,63.26797877105014,0.048381314277648926,0.0017311812853534345,0.5418000221252441,0.2093999981880188,0.3020578290292988,0.2725,0.9309,0.305,10,0.7799,0.3852,10,0.5861,0.4832,10,0.4995,0.5390999999999999,9,0.18170000000000003,0.9593,0.2027,10,0.8579,0.2498,10,0.7049,0.34720000000000006,10,0.6311,0.4043,10
vanilla,30000,0,53.35661942024598,0.03837088346481323,0.0015569949279215717,0.5489000082015991,0.32440000772476196,0.4077938020230963,0.22290000000000001,0.9432,0.25060000000000004,10,0.7968,0.3224,10,0.6022,0.4378,10,0.5134,0.5075000000000001,10,0.164,0.9618,0.187,10,0.863,0.2436,10,0.7278,0.3274,10,0.6556,0.37560000000000004,10
vanilla,40000,0,51.23784828009599,0.03744686126708984,0.0015261462221388027,0.574400007724762,0.335099995136261,0.42326869530367295,0.2378,0.9461,0.26870000000000005,10,0.8064,0.34240000000000004,10,0.6235,0.4438,10,0.5395,0.4989,10,0.201,0.966,0.22190000000000004,10,0.87,0.27670000000000006,10,0.736,0.3472,10,0.6716,0.385,10
vanilla,50000,0,49.85061523673875,0.037052183151245116,0.0015099254836995182,0.5852000117301941,0.3377000093460083,0.4282631810976053,0.24880000000000002,0.9473,0.2779,10,0.818,0.34440000000000004,10,0.6358,0.4315,10,0.5471,0.4987,9,0.2163,0.9707,0.23459999999999998,10,0.8773,0.2853,10,0.7502,0.3546,10,0.6821,0.3914,10
vanilla,60000,0,51.96920831644377,0.038471357822418215,0.0017130915458896969,0.605400025844574,0.34119999408721924,0.4364303420434214,0.2944,0.9501,0.31500000000000006,10,0.819,0.3769,10,0.6387,0.4624,9,0.559,0.5045999999999999,9,0.2516,0.9722,0.2676,10,0.8819,0.317,10,0.7523,0.381,10,0.6871,0.41379999999999995,10
vanilla,70000,0,53.374063202163825,0.03986820936203003,0.0018467024269877277,0.5953999757766724,0.3515999913215637,0.44211749438048564,0.3276,0.9516,0.3459,10,0.8213,0.39520000000000005,10,0.6508,0.4714999999999999,9,0.5661,0.517,9,0.28700000000000003,0.9695,0.3026,10,0.8812,0.3471,10,0.7612,0.4067,10,0.6989,0.4359,10
vanilla,80000,0,56.279704784275964,0.0433758807182312,0.0020215943011816315,0.6044999957084656,0.3544999957084656,0.44691396830524543,0.36979999999999996,0.9536,0.3837,10,0.83,0.42649999999999993,9,0.6602,0.4949,9,0.5787,0.5267000000000001,9,0.3281,0.9706,0.3393,10,0.8846,0.3743,10,0.7599,0.435,9,0.7007,0.4614,9
vanilla,90000,0,59.783462576647196,0.045042929649353025,0.0018050863929227915,0.6207000017166138,0.3253999948501587,0.42696496796324607,0.38860000000000006,0.9537,0.40490000000000004,9,0.8286,0.4417,9,0.6607,0.502,9,0.5816,0.5349999999999999,8,0.35290000000000005,0.9749,0.36190000000000005,10,0.8949,0.38539999999999996,9,0.7805,0.43589999999999995,9,0.7177,0.4625,9
vanilla,100000,0,62.22934955308756,0.047541728019714354,0.001819647627186027,0.6367999911308289,0.3393000066280365,0.44271333205104785,0.41379999999999995,0.96,0.4277,9,0.8361,0.459,9,0.6727,0.5131,8,0.5948,0.5479,8,0.3817,0.9734,0.39249999999999996,9,0.8943,0.4134,9,0.777,0.4585,9,0.7167,0.4804,9
paired,10000,0,122.54259176371085,0.10852542638778687,0.0021638194930042784,0.6269000172615051,0.006800000090152025,0.013454063617388011,0.48739999999999994,0.9284,0.5156000000000001,9,0.7709,0.5644,9,0.5778,0.6162000000000001,5,0.4831,0.649,4,0.41500000000000004,0.9531,0.4376,9,0.8368,0.4845,9,0.6703,0.5577000000000001,8,0.5831,0.5939000000000001,7
paired,20000,0,76.44836441273623,0.0617759370803833,0.0016101417790855795,0.5494999885559082,0.08449999988079071,0.1464755514647924,0.4159,0.9344,0.4456,10,0.7841,0.5016,9,0.5949,0.5843,8,0.5035,0.6297000000000001,6,0.3408,0.9522,0.35899999999999993,10,0.8411,0.40040000000000003,10,0.689,0.46690000000000004,9,0.6176,0.4968,9
paired,30000,0,66.8354625871965,0.0497040057182312,0.0015330902589254726,0.5117999911308289,0.19850000739097595,0.2860546310955744,0.2999,0.9391,0.33249999999999996,10,0.7891,0.4066,10,0.5984,0.5089999999999999,10,0.5123,0.5653999999999999,9,0.18819999999999998,0.9549,0.21140000000000003,10,0.8463,0.27459999999999996,10,0.6977,0.3768,10,0.6214,0.43820000000000003,10
paired,40000,0,59.0003288078114,0.04220858097076416,0.0015308965393051352,0.5360000133514404,0.25130000710487366,0.3421740217544004,0.2328,0.9406,0.2585,10,0.7949,0.3359,10,0.6021,0.45220000000000005,10,0.5127,0.5079,9,0.1488,0.9651,0.1669,10,0.868,0.22270000000000004,10,0.7252,0.3175,10,0.6509,0.3801,10
paired,50000,0,53.086109688614215,0.0359854793548584,0.0014076558195596786,0.5497000217437744,0.30230000615119934,0.3900805505019109,0.2038,0.9435,0.22870000000000001,10,0.7946,0.3018,10,0.6059,0.42960000000000004,10,0.5229,0.4864,10,0.13610000000000003,0.9648,0.15400000000000003,10,0.8662,0.2119,10,0.7336,0.28969999999999996,10,0.6636,0.34060000000000007,10
paired,60000,0,50.21951285733513,0.03451984882354736,0.0013211350352740016,0.5580999851226807,0.31290000677108765,0.40098620149041153,0.20110000000000003,0.9393,0.22629999999999997,10,0.7997,0.2882,10,0.6097,0.4202,10,0.5247,0.48619999999999997,10,0.1353,0.9672,0.15220000000000003,10,0.8695,0.20429999999999998,10,0.7351,0.2864,10,0.6647,0.3471,10
paired,70000,0,50.28388288373719,0.034936232566833494,0.001354826315347074,0.5627999901771545,0.3467999994754791,0.42915355874789224,0.2,0.9428,0.2229,10,0.8022,0.2935,10,0.625,0.40990000000000004,10,0.5383,0.4741,10,0.15139999999999998,0.9664,0.1673,10,0.8738,0.21839999999999998,10,0.7471,0.29410000000000003,10,0.6736,0.3466,10
paired,80000,0,48.37132364661596,0.03387456178665161,0.0014240125928672437,0.5706999897956848,0.34040001034736633,0.42644338140970556,0.20890000000000003,0.9437,0.23770000000000002,10,0.8053,0.3035,10,0.6215,0.42669999999999997,10,0.5349,0.4886,10,0.1673,0.9654,0.18819999999999998,10,0.8713,0.24450000000000005,10,0.7423,0.313,10,0.675,0.3625,10
paired,90000,0,48.83957040951253,0.034710643291473386,0.0014242744183249954,0.5687000155448914,0.32100000977516174,0.41036912521919916,0.22780000000000003,0.9491,0.2521,10,0.8155,0.3191,10,0.6361,0.4349,10,0.5512,0.48990000000000006,9,0.1915,0.9696,0.20739999999999997,10,0.8767,0.2602,10,0.7481,0.33030000000000004,10,0.6832,0.3621,10
paired,100000,0,48.78695094849962,0.033975048065185545,0.001438559927900683,0.5684999823570251,0.33160001039505005,0.4188747951942269,0.22299999999999998,0.9498,0.24570000000000003,10,0.8133,0.3073,10,0.6273,0.43150000000000005,10,0.5402,0.4885,9,0.1759,0.9717,0.19279999999999997,10,0.8849,0.24350000000000005,10,0.7581,0.3117,10,0.6914,0.3517,10
vanilla_deficit,10000,0,101.94230722399112,0.08910532951354981,0.0020478099148845018,0.6330999732017517,0.04390000179409981,0.08210662034240622,0.2894,0.9125,0.3294,10,0.743,0.4297,10,0.5296,0.5691,10,0.4353,0.637,7,0.3587,0.9578,0.381,10,0.8484,0.43029999999999996,10,0.6956,0.5142,10,0.6195,0.5583,9
vanilla_deficit,20000,0,62.96797511254488,0.048321216106414794,0.0014151676337722493,0.5791000127792358,0.20440000295639038,0.30215198965372336,0.20429999999999998,0.9281,0.23409999999999997,10,0.7719,0.317,10,0.5729,0.4549000000000001,10,0.4803,0.5338,10,0.1327,0.957,0.14950000000000002,10,0.8515,0.2141,10,0.7002,0.3267,10,0.6233,0.39230000000000004,10
vanilla_deficit,30000,0,54.8071172172493,0.04070091247558594,0.0013324824622005158,0.5583000183105469,0.27239999175071716,0.3661512424226461,0.1592,0.9367,0.19020000000000004,10,0.7842,0.26959999999999995,10,0.5892,0.41470000000000007,10,0.4956,0.5044,10,0.09570000000000001,0.9631,0.11530000000000003,10,0.859,0.1902,10,0.7182,0.2926000000000001,10,0.6443,0.35570000000000007,10
vanilla_deficit,40000,0,47.961474517835995,0.03517467737197876,0.0014838262404189664,0.5695000290870667,0.3391000032424927,0.42508794813685,0.1277,0.9383,0.15849999999999997,10,0.7904,0.24190000000000003,10,0.601,0.399,10,0.5145,0.48550000000000004,10,0.09479999999999998,0.9626,0.10729999999999998,10,0.8684,0.16690000000000005,10,0.7317,0.2705,10,0.6605,0.3395,10
vanilla_deficit,50000,0,47.21232736167087,0.03344088554382324,0.0014363589250736644,0.5741000175476074,0.34700000286102295,0.4325539101457316,0.1589,0.9418,0.187,10,0.804,0.2537,10,0.6167,0.38330000000000003,10,0.5244,0.4756,10,0.11550000000000002,0.9648,0.1375,10,0.8746,0.19090000000000001,10,0.7377,0.2785,10,0.6711,0.32889999999999997,10
vanilla_deficit,60000,0,48.413787529631804,0.035425922870635985,0.001401198936659867,0.579800009727478,0.35260000824928284,0.4385188422807139,0.1959,0.9414,0.2245,10,0.8022,0.29700000000000004,10,0.6145,0.4075,10,0.5257,0.4822000000000001,10,0.1652,0.9655,0.1823,10,0.8749,0.2333,10,0.7446,0.3124,10,0.6728,0.3602000000000001,10
vanilla_deficit,70000,0,49.51136251389255,0.03662344694137573,0.0015163920396029668,0.578000009059906,0.36079999804496765,0.4442743940361071,0.2419,0.9458,0.2665,10,0.8118,0.3335,10,0.6245,0.4324,10,0.5439,0.49770000000000003,9,0.20550000000000002,0.9694,0.2218,10,0.8776,0.27459999999999996,10,0.7485,0.3465,10,0.6777,0.38970000000000005,10
vanilla_deficit,80000,0,53.3730027229293,0.04019242763519287,0.00166856166575585,0.5893999934196472,0.3330000042915344,0.4255641821881883,0.29890000000000005,0.9491,0.3196,10,0.8141,0.379,10,0.6311,0.4746,9,0.5499,0.5226999999999999,9,0.2612,0.9701,0.276,10,0.8728,0.3241,10,0.7428,0.38380000000000003,10,0.6769,0.4197,10
vanilla_deficit,90000,0,55.07690968548445,0.04226633548736572,0.001806105458447284,0.6146000027656555,0.34380000829696655,0.4409421611251248,0.3398,0.9522,0.3567,10,0.8162,0.39629999999999993,10,0.643,0.4804,9,0.5551,0.5272,9,0.30720000000000003,0.97,0.3176,10,0.8816,0.3503,10,0.753,0.4097,10,0.6836,0.4395,10
vanilla_deficit,100000,0,60.2286600653145,0.04633687496185303,0.001885814118965903,0.6207000017166138,0.3142000138759613,0.41720814183227,0.3944,0.9589,0.4078,9,0.8332,0.4434,9,0.6644,0.5062,8,0.5774,0.5474000000000001,8,0.3622,0.9725,0.37160000000000004,10,0.8919,0.4017,10,0.762,0.4515,9,0.6996,0.47450000000000003,9
paired_deficit,10000,0,121.74955153266882,0.1092487359046936,0.002316246376295068,0.649399995803833,0.012600000016391277,0.024720362566270623,0.3947,0.9094,0.4363,9,0.7355,0.4997,8,0.5158,0.5897,8,0.4174,0.6459999999999999,7,0.3335,0.9421,0.35359999999999997,9,0.8089,0.3985,9,0.6311,0.4982,8,0.547,0.5575,8
paired_deficit,20000,0,80.66942497979846,0.06632577180862427,0.0016679617229859072,0.5665000081062317,0.08760000020265579,0.15173643233306813,0.3417,0.9289,0.378,10,0.7744,0.44780000000000003,10,0.5682,0.5582,9,0.4716,0.6087,9,0.2368,0.9489,0.2599,10,0.8355,0.3182,10,0.6769,0.4172,10,0.5979,0.468,10
paired_deficit,30000,0,61.86390288965583,0.045701365470886234,0.0013017574964095688,0.5393000245094299,0.22020000219345093,0.31271589836654884,0.182,0.93,0.21629999999999996,10,0.7776,0.3013,10,0.5803,0.4361,10,0.4892,0.5107999999999999,10,0.12140000000000001,0.9578,0.1471,10,0.854,0.20800000000000002,10,0.7091,0.3084,10,0.6324,0.37040000000000006,10
paired_deficit,40000,0,56.684170504476185,0.03997853755950928,0.0013358792618130152,0.5218999981880188,0.2757999897003174,0.3608875926045527,0.1598,0.9323,0.1924,10,0.7848,0.2662,10,0.5874,0.41259999999999997,10,0.4957,0.5043,10,0.12360000000000002,0.958,0.14080000000000004,10,0.8566,0.1949,10,0.7131,0.2943000000000001,10,0.6392,0.3608,10
paired_deficit,50000,0,52.19969877520282,0.03618396043777466,0.001352272507084514,0.5390999913215637,0.301800012588501,0.3869672574878706,0.12890000000000001,0.9392,0.1523,10,0.7934,0.234,10,0.6067,0.3933,10,0.515,0.485,10,0.10380000000000002,0.9639,0.12060000000000001,10,0.8654,0.17120000000000002,10,0.7307,0.2726,10,0.6585,0.3415,10
paired_deficit,60000,0,49.07228042831588,0.033510413169860837,0.0012009964747976296,0.5550000071525574,0.3248000144958496,0.40978405531430157,0.12650000000000003,0.9407,0.15910000000000002,10,0.7967,0.23620000000000002,10,0.6053,0.39470000000000005,10,0.5199,0.48009999999999997,10,0.10649999999999998,0.9644,0.12469999999999998,10,0.8697,0.1794,10,0.7321,0.2784000000000001,10,0.6681,0.3321,10
paired_deficit,70000,0,48.5918212158125,0.03359700918197632,0.0013205887006849592,0.5616000294685364,0.3409999907016754,0.42434212396919185,0.1471,0.9386,0.1786,10,0.7996,0.25700000000000006,10,0.6098,0.40230000000000005,10,0.5254,0.4746,10,0.1153,0.9675,0.1335,10,0.8752,0.19130000000000005,10,0.7408,0.28480000000000005,10,0.675,0.3373,10
paired_deficit,80000,0,48.029614439528075,0.03306330919265747,0.0011975141665361705,0.5507000088691711,0.3431999981403351,0.4228666305800177,0.1563,0.9406,0.1844,10,0.8047,0.2551,10,0.6237,0.3851,10,0.5383,0.4617,10,0.11380000000000003,0.9672,0.1302,10,0.8791,0.17920000000000003,10,0.7501,0.26810000000000006,10,0.6849,0.31800000000000006,10
paired_deficit,90000,0,48.95537687950258,0.03421555042266846,0.0012433023274144694,0.5544999837875366,0.34769999980926514,0.42739890880629244,0.16299999999999998,0.9444,0.19080000000000003,10,0.8081,0.2626,10,0.63,0.38739999999999997,10,0.5429,0.4589,10,0.12190000000000004,0.9656,0.1434,10,0.8714,0.199,10,0.7458,0.2872,10,0.6764,0.33740000000000003,10
paired_deficit,100000,0,50.84675002902935,0.03582743883132935,0.0014050451496334204,0.5716000199317932,0.3499999940395355,0.4341579872748351,0.1868,0.9469,0.2132,10,0.8101,0.28879999999999995,10,0.6291,0.4152,10,0.541,0.4882,10,0.15900000000000003,0.9707,0.1761,10,0.8821,0.2262,10,0.7511,0.3096,10,0.6873,0.3588,10
