arm,step,training_seconds,train_frechet_inception_distance,train_kernel_inception_distance_mean,train_precision,train_recall,heldout_frechet_inception_distance,heldout_kernel_inception_distance_mean,heldout_precision,heldout_recall,d_train_bce,d_heldout_bce,d_train_real_acceptance,d_heldout_real_acceptance,d_train_membership_auc_from_margin,nn_inception_train_closer_fraction,nn_pixel_rms_train_closer_fraction,exact_train_copies,unique_generated
vanilla,10000,155.66153544299996,81.64451490470424,0.0623969316482544,0.6018000245094299,0.0746999979019165,81.61069518816294,0.06251091718673706,0.5983999967575073,0.07440000027418137,0.5197429656982422,0.5325294137001038,0.7085000276565552,0.6880999803543091,0.50746013,0.5311,0.5267,0,10000
vanilla,20000,314.1698316159999,57.29490401856515,0.03982771873474121,0.6092000007629395,0.2304999977350235,57.266902948006475,0.03990662574768066,0.5975000262260437,0.22300000488758087,0.6068436503410339,0.6684759259223938,0.6410999894142151,0.6011000275611877,0.526436665,0.5185,0.5136,0,10000
vanilla,30000,472.6613762059999,48.718784157692085,0.033216869831085204,0.5813999772071838,0.32120001316070557,48.60318668745964,0.03323702573776245,0.5672000050544739,0.3151000142097473,0.3426155745983124,0.4343473017215729,0.858299970626831,0.7811999917030334,0.551768285,0.5113,0.5232,0,10000
vanilla,40000,631.078125289,43.587632764081434,0.02888364315032959,0.5755000114440918,0.3483999967575073,43.505259490756885,0.028902552127838134,0.5716999769210815,0.34769999980926514,0.26978909969329834,0.41966304183006287,0.8974000215530396,0.7857000231742859,0.57951132,0.5171,0.5263,0,10000
vanilla,50000,789.3827155180002,41.29353470688591,0.027209248542785645,0.5741000175476074,0.3346000015735626,41.1918193400499,0.027231881618499754,0.5751000046730042,0.3305000066757202,0.3887403905391693,0.7623100876808167,0.8009999990463257,0.5889000296592712,0.615526775,0.5183,0.5302,0,10000
vanilla,60000,947.8670618680001,40.40989490118511,0.025964744091033935,0.5934000015258789,0.3472000062465668,40.345578424674954,0.025999808311462404,0.5879999995231628,0.350600004196167,0.44674795866012573,1.145496129989624,0.7651000022888184,0.4991999864578247,0.647476155,0.514,0.5331,0,10000
vanilla,70000,1106.4374568730007,38.6179500665163,0.024409527778625487,0.5983999967575073,0.3589000105857849,38.619726588344236,0.024517600536346437,0.5946999788284302,0.3571000099182129,0.27241581678390503,1.0891892910003662,0.8743000030517578,0.5519999861717224,0.66507527,0.5075,0.5286,0,10000
vanilla,80000,1264.856409383999,38.01738235192778,0.023655471801757814,0.6169999837875366,0.3634999990463257,38.082547383869326,0.02377920150756836,0.6093000173568726,0.35690000653266907,0.4224318265914917,1.7629656791687012,0.7768999934196472,0.44440001249313354,0.68090887,0.5098,0.5336,0,10000
vanilla,90000,1423.2431331759983,38.5654440351027,0.02393723964691162,0.6093999743461609,0.37880000472068787,38.624589360572145,0.024074804782867432,0.6018000245094299,0.37860000133514404,0.2213890552520752,1.687798023223877,0.9121000170707703,0.4916999936103821,0.70326402,0.5078,0.5334,0,10000
vanilla,100000,1581.5889657719988,38.339715858345926,0.023583719730377196,0.6209999918937683,0.3531999886035919,38.43600069806513,0.02373761177062988,0.6140000224113464,0.3474000096321106,0.09864570200443268,1.5042808055877686,0.9746999740600586,0.5501999855041504,0.709337815,0.517,0.5414,0,10000
rsgan,10000,165.41245025100002,91.31135829257107,0.07856714487075805,0.5960000157356262,0.03519999980926514,91.37107844865295,0.07889349460601806,0.6085000038146973,0.033900000154972076,0.19122135639190674,0.19321666657924652,0.9373999834060669,0.934499979019165,0.499642165,0.5283,0.5074,0,10000
rsgan,20000,332.3217018769998,63.62466164562073,0.04661780595779419,0.602400004863739,0.17720000445842743,63.5575786215918,0.046769101619720456,0.5879999995231628,0.1729000061750412,0.3381860852241516,0.366443008184433,0.8450999855995178,0.8256999850273132,0.50824027,0.5228,0.5225,0,10000
rsgan,30000,499.85899373100006,52.35090215242093,0.03368960380554199,0.5929999947547913,0.2363000065088272,52.19200882305074,0.0336823844909668,0.5776000022888184,0.23119999468326569,0.3408922553062439,0.4017035663127899,0.8422999978065491,0.8073999881744385,0.521315455,0.5212,0.5221,0,10000
rsgan,40000,667.7632531089996,47.89313547046464,0.03054844379425049,0.5982999801635742,0.290800005197525,47.86015738864239,0.03058911323547363,0.5845000147819519,0.2953000068664551,0.20714613795280457,0.3155868947505951,0.9200999736785889,0.8562999963760376,0.55250024,0.511,0.5087,0,10000
rsgan,50000,835.7140415169989,45.62275591771186,0.028630387783050538,0.5820000171661377,0.3133000135421753,45.6876386414188,0.028690102100372313,0.566100001335144,0.31130000948905945,0.28367725014686584,0.47101089358329773,0.8748000264167786,0.7797999978065491,0.566103175,0.4992,0.525,0,10000
rsgan,60000,1003.5816070379976,42.998228700631614,0.02692797899246216,0.5864999890327454,0.3361000120639801,43.03511436715576,0.027019584178924562,0.5845000147819519,0.3303000032901764,0.17774809896945953,0.4248506724834442,0.9301999807357788,0.8091999888420105,0.59114866,0.5103,0.5224,0,10000
rsgan,70000,1171.536869552998,39.94198221828583,0.024076054096221922,0.5889999866485596,0.3546999990940094,39.9721967544595,0.02417374849319458,0.5794000029563904,0.35269999504089355,0.13165555894374847,0.4446756839752197,0.951200008392334,0.8050000071525574,0.6130564,0.5152,0.5305,0,10000
rsgan,80000,1339.5155498689976,39.489233280553606,0.023742876052856444,0.5799000263214111,0.3508000075817108,39.52079880731486,0.023812801837921144,0.578000009059906,0.34630000591278076,0.11286838352680206,0.4725818336009979,0.9563999772071838,0.8055999875068665,0.62565845,0.508,0.5215,0,10000
rsgan,90000,1507.2839277379978,39.07053814743358,0.02302557706832886,0.588699996471405,0.35179999470710754,39.15152530559544,0.023154940605163574,0.5812000036239624,0.34369999170303345,0.10292397439479828,0.5424107313156128,0.9623000025749207,0.7864000201225281,0.63922985,0.5122,0.5425,0,10000
rsgan,100000,1675.125342875999,38.64076017337919,0.023100988864898683,0.5903000235557556,0.35100001096725464,38.735657347678966,0.02323925495147705,0.5803999900817871,0.3483999967575073,0.10241464525461197,0.6349759697914124,0.9605000019073486,0.7709000110626221,0.65205045,0.5059,0.5377,0,10000
paired,10000,129.45129971400002,121.2314326743832,0.10641103744506836,0.6241999864578247,0.011599999852478504,121.12008790997402,0.1065865159034729,0.6546000242233276,0.011900000274181366,0.43947285413742065,0.4393746554851532,0.7934499979019165,0.7929999828338623,0.500092335,0.5044,0.5209,0,10000
paired,20000,260.4486034120001,76.0493022830521,0.05829511642456055,0.5989000201225281,0.12700000405311584,75.9612561535115,0.05838433027267456,0.5846999883651733,0.12530000507831573,0.45462557673454285,0.47472530603408813,0.7820000052452087,0.7662500143051147,0.51105351,0.5263,0.5131,0,10000
paired,30000,391.3091349059997,61.06541168947797,0.0438489031791687,0.5679000020027161,0.23149999976158142,60.958381336610046,0.04389536380767822,0.5583000183105469,0.2289000004529953,0.5066280364990234,0.5509454011917114,0.7447500228881836,0.7181000113487244,0.52505077,0.5158,0.517,0,10000
paired,40000,521.9378005259991,53.67709072898617,0.035782876014709475,0.5776000022888184,0.2754000127315521,53.56039576995295,0.03580770254135132,0.5604000091552734,0.2721000015735626,0.4182741343975067,0.4807511270046234,0.8025000095367432,0.7620499730110168,0.54340005,0.5081,0.5186,0,10000
paired,50000,652.6440916379989,48.33008308804045,0.03136160850524902,0.5697000026702881,0.2865000069141388,48.23623590099231,0.03138749837875366,0.5562000274658203,0.28690001368522644,0.38881832361221313,0.5406647324562073,0.8216999769210815,0.7455999851226807,0.56930688,0.513,0.5211,0,10000
paired,60000,783.5924416049985,47.94512421608846,0.031020355224609376,0.5687999725341797,0.3003999888896942,47.8632334783789,0.03105692148208618,0.5546000003814697,0.299699991941452,0.3563443422317505,0.6045212149620056,0.8334000110626221,0.732450008392334,0.589559785,0.5169,0.527,0,10000
paired,70000,914.4933681709986,45.653031910586606,0.029284908771514892,0.5916000008583069,0.3091999888420105,45.60973855443268,0.029330503940582276,0.5688999891281128,0.31459999084472656,0.3329671025276184,0.6362494826316833,0.8468000292778015,0.7332500219345093,0.602865475,0.5167,0.5188,0,10000
paired,80000,1045.9231853059982,43.97209447873257,0.027893879413604737,0.5834000110626221,0.3384000062942505,43.97651582210841,0.027974750995635986,0.5723000168800354,0.3255999982357025,0.27059799432754517,0.6581422090530396,0.8824999928474426,0.7337499856948853,0.62716315,0.5168,0.5202,0,10000
paired,90000,1177.9088765779968,45.19517365619811,0.029494590759277343,0.5917999744415283,0.33070001006126404,45.23827614082768,0.029592876434326173,0.5719000101089478,0.3303999900817871,0.2607674300670624,0.8378346562385559,0.8817499876022339,0.7186499834060669,0.64214565,0.5153,0.5252,0,10000
paired,100000,1310.3399149189981,42.46353025601735,0.027043967247009276,0.5911999940872192,0.335999995470047,42.52645755783499,0.027131822109222412,0.5837000012397766,0.33090001344680786,0.2073071002960205,0.6529046893119812,0.9186999797821045,0.7535499930381775,0.655420475,0.5142,0.528,0,10000
d_batch256,10000,186.65872954500006,117.03943778327977,0.10089697599411011,0.66839998960495,0.012600000016391277,116.80376339314932,0.10098284006118774,0.6952000260353088,0.014700000174343586,0.4584651291370392,0.4630514085292816,0.7633500099182129,0.7588000297546387,0.506132195,0.4975,0.5242,0,10000
d_batch256,20000,377.42870330999983,85.17954356132907,0.06771147966384888,0.6007000207901001,0.1006999984383583,85.05985188235917,0.0678157901763916,0.607699990272522,0.09600000083446503,0.49281835556030273,0.5155799984931946,0.7600499987602234,0.7459499835968018,0.514750775,0.5349,0.5221,0,10000
d_batch256,30000,568.2612967989999,59.74887725523632,0.04143229007720947,0.578000009059906,0.21150000393390656,59.623440934157145,0.04143998861312866,0.5608000159263611,0.20160000026226044,0.4434320330619812,0.5011683702468872,0.7898499965667725,0.7561500072479248,0.52543771,0.5161,0.5235,0,10000
d_batch256,40000,758.8776596770012,53.684290584274834,0.03610676765441895,0.5774000287055969,0.25290000438690186,53.565952117847075,0.036145806312561035,0.5708000063896179,0.24079999327659607,0.32675987482070923,0.4116741120815277,0.8623999953269958,0.8088499903678894,0.552891815,0.5131,0.5215,0,10000
d_batch256,50000,949.6576179920006,49.322872452703734,0.031756432056427,0.5878999829292297,0.2971000075340271,49.17494454398184,0.031791124343872074,0.5694000124931335,0.28700000047683716,0.29820317029953003,0.4877515733242035,0.8718000054359436,0.7803000211715698,0.577182175,0.5193,0.5185,0,10000
d_batch256,60000,1140.3388985700003,47.78277045270653,0.03024494171142578,0.5914999842643738,0.3019999861717224,47.68236973899707,0.030266671180725097,0.5667999982833862,0.305400013923645,0.2653571665287018,0.516608476638794,0.8909500241279602,0.7700499892234802,0.609759675,0.5049,0.5354,0,10000
d_batch256,70000,1331.0075437110002,45.38710314683374,0.028461146354675292,0.5882999897003174,0.3246000111103058,45.27959423332862,0.028506712913513185,0.5789999961853027,0.3246999979019165,0.2155962437391281,0.6073878407478333,0.9150999784469604,0.7637500166893005,0.62382599,0.519,0.5308,0,10000
d_batch256,80000,1521.565674348001,43.41902155363596,0.026796891689300537,0.5993000268936157,0.3416999876499176,43.27712072963715,0.026828546524047852,0.5852000117301941,0.33709999918937683,0.1998007744550705,0.7112905979156494,0.9204000234603882,0.7508999705314636,0.641267355,0.5123,0.5351,0,10000
d_batch256,90000,1712.061860548,42.43319511812126,0.026681814193725586,0.595300018787384,0.3407999873161316,42.30134566079215,0.02670297622680664,0.5932000279426575,0.3447999954223633,0.15721090137958527,0.650733232498169,0.9452499747276306,0.7656000256538391,0.665616345,0.5031,0.5336,0,10000
d_batch256,100000,1902.7268192619995,41.17203733940249,0.025378036499023437,0.6008999943733215,0.34529998898506165,41.05251553852969,0.0254224157333374,0.5896000266075134,0.34220001101493835,0.1324467957019806,0.9077556729316711,0.956250011920929,0.7277500033378601,0.68113624,0.5043,0.5254,0,10000
d_width128,10000,272.37260711899984,139.1857002261707,0.1254060959815979,0.5641999840736389,0.010400000028312206,139.15015424528315,0.1255843186378479,0.5993000268936157,0.011599999852478504,0.23425434529781342,0.24345050752162933,0.9045000076293945,0.9005500078201294,0.502559865,0.5122,0.5303,0,10000
d_width128,20000,547.9904414949999,84.43658773966752,0.06654286861419678,0.6215999722480774,0.10450000315904617,84.40660646287017,0.06665051221847534,0.6208000183105469,0.10180000215768814,0.24618642032146454,0.2886790633201599,0.8959000110626221,0.8775500059127808,0.513255305,0.5358,0.5265,0,10000
d_width128,30000,823.4243490719998,63.19775146766017,0.04489191055297852,0.6190999746322632,0.21770000457763672,63.030745325006194,0.04490688800811768,0.6053000092506409,0.21410000324249268,0.34409022331237793,0.4759950339794159,0.8507000207901001,0.7996500134468079,0.54246109,0.509,0.511,0,10000
d_width128,40000,1099.0351868070013,53.58409833813778,0.034798367023468016,0.5942000150680542,0.27379998564720154,53.49581522729301,0.034852535724639894,0.58160001039505,0.27239999175071716,0.2585696280002594,0.39587607979774475,0.8918499946594238,0.8311499953269958,0.56903168,0.5176,0.5193,0,10000
d_width128,50000,1373.981642118002,47.838760370280454,0.030422782897949217,0.5924999713897705,0.30709999799728394,47.794327307905746,0.03044182538986206,0.5835000276565552,0.3061000108718872,0.16431176662445068,0.5019329786300659,0.9387999773025513,0.8079000115394592,0.61892811,0.5198,0.5175,0,10000
d_width128,60000,1649.4910720890027,44.819664763051435,0.027435927391052245,0.6085000038146973,0.32100000977516174,44.81832120602303,0.027500872611999513,0.59170001745224,0.30640000104904175,0.13798871636390686,0.6783477067947388,0.9469000101089478,0.7789499759674072,0.641647615,0.5108,0.5245,0,10000
d_width128,70000,1925.3370266670024,43.52586913757523,0.027000489234924315,0.597100019454956,0.34040001034736633,43.54116844352518,0.027102341651916505,0.5867999792098999,0.33000001311302185,0.11615512520074844,0.8438785076141357,0.9546499848365784,0.760200023651123,0.671812235,0.5085,0.5297,0,10000
d_width128,80000,2200.8860296760017,41.04845661430801,0.025336816310882568,0.59579998254776,0.34209999442100525,41.012599548526794,0.025429396629333495,0.5764999985694885,0.34310001134872437,0.16405200958251953,1.2365210056304932,0.9343000054359436,0.7221500277519226,0.691841745,0.5059,0.5324,0,10000
d_width128,90000,2476.108327906001,40.260988432887984,0.02463106632232666,0.5936999917030334,0.33809998631477356,40.343696012777855,0.02474010944366455,0.583299994468689,0.3384999930858612,0.09634464234113693,0.7784618139266968,0.9664000272750854,0.78329998254776,0.70805639,0.5102,0.5308,0,10000
d_width128,100000,2749.9562025170003,38.6236216559617,0.023192017078399657,0.5956000089645386,0.34950000047683716,38.72231579738087,0.02334716320037842,0.5810999870300293,0.3467999994754791,0.08939653635025024,1.0413355827331543,0.9678000211715698,0.7541999816894531,0.715944905,0.5103,0.5413,0,10000
