experiment,method,seed,step,samples_generated,samples_real,conditioning,reference,features,torch_fidelity,evaluation_seconds,frechet_inception_distance,kernel_inception_distance_mean,kernel_inception_distance_std,precision,recall,f_score
conditional,vanilla,0,10000,10000,10000,one-hot G and broadcast one-hot D; exactly balanced requested classes at evaluation,fixed subset of CIFAR10 training split,torch-fidelity inception-v3-compat 2048; also used for precision/recall,0.4.0,30.028488733999996,96.54137361104432,0.0802453637123108,0.0023621340943132192,0.6574000120162964,0.062300000339746475,0.11381414552957725
unconditional,vanilla,0,10000,10000,10000,,fixed subset of CIFAR10 training split,torch-fidelity inception-v3-compat 2048; also used for precision/recall,0.4.0,47.364131226,97.1383199048683,0.08591080188751221,0.002466332807774872,0.6610000133514404,0.04190000146627426,0.07880466907036594
G-only,vanilla,0,10000,10000,10000,one-hot G only; exactly balanced requested classes at evaluation,fixed subset of CIFAR10 training split,torch-fidelity inception-v3-compat 2048; also used for precision/recall,0.4.0,30.628976133,98.9392701428336,0.08712485551834107,0.0022513133113659066,0.6510999798774719,0.04639999940991402,0.08662663678635633
conditional,vanilla,0,50000,10000,10000,one-hot G and broadcast one-hot D; exactly balanced requested classes at evaluation,fixed subset of CIFAR10 training split,torch-fidelity inception-v3-compat 2048; also used for precision/recall,0.4.0,29.312313249000002,52.004477889126406,0.03570159673690796,0.0014085357137839285,0.5598000288009644,0.29499998688697815,0.38638511493874766
unconditional,vanilla,0,50000,10000,10000,,fixed subset of CIFAR10 training split,torch-fidelity inception-v3-compat 2048; also used for precision/recall,0.4.0,31.296964489,49.985206835925624,0.03708670377731323,0.00168866103074145,0.5892999768257141,0.33889999985694885,0.4303248590367364
G-only,vanilla,0,50000,10000,10000,one-hot G only; exactly balanced requested classes at evaluation,fixed subset of CIFAR10 training split,torch-fidelity inception-v3-compat 2048; also used for precision/recall,0.4.0,29.391883469,51.240836538386475,0.03730145692825317,0.0015892722149489192,0.5990999937057495,0.334199994802475,0.4290565032635482
conditional,rsgan,0,10000,10000,10000,one-hot G and broadcast one-hot D; exactly balanced requested classes at evaluation,fixed subset of CIFAR10 training split,torch-fidelity inception-v3-compat 2048; also used for precision/recall,0.4.0,29.194739623000004,106.5164472304163,0.09127954006195069,0.0020418430904226076,0.5703999996185303,0.020600000396370888,0.03976392628742949
unconditional,rsgan,0,10000,10000,10000,,fixed subset of CIFAR10 training split,torch-fidelity inception-v3-compat 2048; also used for precision/recall,0.4.0,29.905075699,93.83390363584869,0.07962156057357789,0.002388536864479107,0.6182000041007996,0.029999999329447746,0.05722307809424229
G-only,rsgan,0,10000,10000,10000,one-hot G only; exactly balanced requested classes at evaluation,fixed subset of CIFAR10 training split,torch-fidelity inception-v3-compat 2048; also used for precision/recall,0.4.0,28.475536941999998,100.86309120152936,0.08735440254211425,0.002022466515755671,0.5835000276565552,0.0868000015616417,0.1511198004000684
conditional,rsgan,0,50000,10000,10000,one-hot G and broadcast one-hot D; exactly balanced requested classes at evaluation,fixed subset of CIFAR10 training split,torch-fidelity inception-v3-compat 2048; also used for precision/recall,0.4.0,30.089372378,54.518653791432484,0.03760164260864258,0.0012482086482056844,0.5523999929428101,0.24210000038146973,0.3366545994358317
unconditional,rsgan,0,50000,10000,10000,,fixed subset of CIFAR10 training split,torch-fidelity inception-v3-compat 2048; also used for precision/recall,0.4.0,29.38413072000001,49.70353067453442,0.03565157413482666,0.0016593065130961358,0.5871000289916992,0.33149999380111694,0.42373971509312686
G-only,rsgan,0,50000,10000,10000,one-hot G only; exactly balanced requested classes at evaluation,fixed subset of CIFAR10 training split,torch-fidelity inception-v3-compat 2048; also used for precision/recall,0.4.0,29.801225650000006,48.59918445792647,0.03298119306564331,0.001509239053358698,0.5552999973297119,0.3472999930381775,0.42733367441784076
conditional,paired,0,10000,10000,10000,one-hot G and broadcast one-hot D; exactly balanced requested classes at evaluation,fixed subset of CIFAR10 training split,torch-fidelity inception-v3-compat 2048; also used for precision/recall,0.4.0,28.501385427999992,174.28619050344625,0.16707116842269898,0.0026379302176157684,0.4083999991416931,0.003599999938160181,0.007137087256982024
unconditional,paired,0,10000,10000,10000,,fixed subset of CIFAR10 training split,torch-fidelity inception-v3-compat 2048; also used for precision/recall,0.4.0,29.16794621400001,122.6356851152475,0.10848240375518799,0.0022341819367383787,0.5713000297546387,0.00930000003427267,0.018302066909055437
G-only,paired,0,10000,10000,10000,one-hot G only; exactly balanced requested classes at evaluation,fixed subset of CIFAR10 training split,torch-fidelity inception-v3-compat 2048; also used for precision/recall,0.4.0,28.514599981000003,119.62333502373173,0.10730725526809692,0.002186923089460666,0.5679000020027161,0.017899999395012856,0.03470607602602108
conditional,paired,0,50000,10000,10000,one-hot G and broadcast one-hot D; exactly balanced requested classes at evaluation,fixed subset of CIFAR10 training split,torch-fidelity inception-v3-compat 2048; also used for precision/recall,0.4.0,30.110119353,61.956853619257515,0.04545423746109009,0.0015099636908866387,0.5231999754905701,0.22179999947547913,0.3115322367485113
unconditional,paired,0,50000,10000,10000,,fixed subset of CIFAR10 training split,torch-fidelity inception-v3-compat 2048; also used for precision/recall,0.4.0,28.569121388,53.2668023983332,0.035988779067993165,0.0015673527331614278,0.5605999827384949,0.30309998989105225,0.3934649866518914
G-only,paired,0,50000,10000,10000,one-hot G only; exactly balanced requested classes at evaluation,fixed subset of CIFAR10 training split,torch-fidelity inception-v3-compat 2048; also used for precision/recall,0.4.0,29.314478852000008,50.58652323834832,0.03519973039627075,0.0015280033498067953,0.5670999884605408,0.3028999865055084,0.3948841006775319
