method,step,seed,classifier,class_tv,adherence,covered_classes_1pct,acceptance,confident_correct,augmented_tv,classifier_agreement,heldout_fid
vanilla,10000,0,cifar10_resnet56,0.346,0.3479,10,0.6178,0.2481,0.5001,0.5598,81.61069518816294
vanilla,10000,0,cifar10_vgg16_bn,0.26180000000000003,0.3797,10,0.7304,0.3078,0.3732,0.5598,81.61069518816294
vanilla,20000,0,cifar10_resnet56,0.22250000000000003,0.4653,10,0.6502,0.3565,0.4074,0.6177,57.266902948006475
vanilla,20000,0,cifar10_vgg16_bn,0.16210000000000002,0.5155,10,0.7694,0.4424,0.2765,0.6177,57.266902948006475
vanilla,30000,0,cifar10_resnet56,0.1476,0.5639,10,0.6976,0.4596,0.3206,0.6618,48.60318668745964
vanilla,30000,0,cifar10_vgg16_bn,0.11049999999999999,0.5999,10,0.8058,0.535,0.21430000000000005,0.6618,48.60318668745964
vanilla,40000,0,cifar10_resnet56,0.1316,0.6112,10,0.7248,0.5076,0.2957,0.694,43.505259490756885
vanilla,40000,0,cifar10_vgg16_bn,0.0923,0.6412,10,0.8167,0.5786,0.20440000000000005,0.694,43.505259490756885
vanilla,50000,0,cifar10_resnet56,0.11780000000000002,0.6442,10,0.7427,0.5447,0.27290000000000003,0.7168,41.1918193400499
vanilla,50000,0,cifar10_vgg16_bn,0.08650000000000002,0.6677,10,0.843,0.6125,0.17910000000000004,0.7168,41.1918193400499
vanilla,60000,0,cifar10_resnet56,0.11130000000000001,0.6629,10,0.7654,0.5722,0.253,0.726,40.345578424674954
vanilla,60000,0,cifar10_vgg16_bn,0.09000000000000001,0.6892,10,0.8445,0.6319,0.1846,0.726,40.345578424674954
vanilla,70000,0,cifar10_resnet56,0.11259999999999998,0.654,10,0.751,0.5577,0.2621,0.731,38.619726588344236
vanilla,70000,0,cifar10_vgg16_bn,0.0834,0.6917,10,0.8512,0.632,0.16670000000000004,0.731,38.619726588344236
vanilla,80000,0,cifar10_resnet56,0.11449999999999999,0.6829,10,0.775,0.5904,0.2409,0.7427,38.082547383869326
vanilla,80000,0,cifar10_vgg16_bn,0.08619999999999997,0.7074,10,0.8591,0.6507,0.16090000000000004,0.7427,38.082547383869326
vanilla,90000,0,cifar10_resnet56,0.10869999999999999,0.6776,10,0.7737,0.5901,0.23689999999999997,0.7433,38.624589360572145
vanilla,90000,0,cifar10_vgg16_bn,0.0796,0.7072,10,0.852,0.6511,0.16220000000000004,0.7433,38.624589360572145
vanilla,100000,0,cifar10_resnet56,0.10209999999999998,0.6889,10,0.7725,0.5981,0.23550000000000004,0.743,38.43600069806513
vanilla,100000,0,cifar10_vgg16_bn,0.07469999999999997,0.7207,10,0.8596,0.6631,0.15360000000000001,0.743,38.43600069806513
rsgan,10000,0,cifar10_resnet56,0.4062,0.3075,9,0.6327,0.2249,0.5617000000000001,0.5807,91.37107844865295
rsgan,10000,0,cifar10_vgg16_bn,0.29339999999999994,0.3386,10,0.7388,0.2782,0.40990000000000004,0.5807,91.37107844865295
rsgan,20000,0,cifar10_resnet56,0.27680000000000005,0.4341,10,0.6598,0.3352,0.4557,0.6137,63.5575786215918
rsgan,20000,0,cifar10_vgg16_bn,0.1988,0.4844,10,0.7627,0.4106,0.31829999999999997,0.6137,63.5575786215918
rsgan,30000,0,cifar10_resnet56,0.1351,0.5364,10,0.6818,0.4273,0.3365,0.6414,52.19200882305074
rsgan,30000,0,cifar10_vgg16_bn,0.08779999999999999,0.5843,10,0.7962,0.5134,0.2116,0.6414,52.19200882305074
rsgan,40000,0,cifar10_resnet56,0.1471,0.5961,10,0.718,0.4953,0.2998,0.6838,47.86015738864239
rsgan,40000,0,cifar10_vgg16_bn,0.10279999999999997,0.6344,10,0.8173,0.5694,0.19390000000000002,0.6838,47.86015738864239
rsgan,50000,0,cifar10_resnet56,0.1268,0.6183,10,0.7346,0.5228,0.279,0.6967,45.6876386414188
rsgan,50000,0,cifar10_vgg16_bn,0.10009999999999997,0.6577,10,0.8302,0.5988,0.1835,0.6967,45.6876386414188
rsgan,60000,0,cifar10_resnet56,0.11759999999999998,0.6462,10,0.7399,0.5471,0.27549999999999997,0.7146,43.03511436715576
rsgan,60000,0,cifar10_vgg16_bn,0.09030000000000002,0.6729,10,0.8353,0.6104,0.1825,0.7146,43.03511436715576
rsgan,70000,0,cifar10_resnet56,0.107,0.6593,10,0.7632,0.5659,0.24370000000000003,0.7346,39.9721967544595
rsgan,70000,0,cifar10_vgg16_bn,0.08410000000000001,0.6897,10,0.8529,0.6357,0.1526,0.7346,39.9721967544595
rsgan,80000,0,cifar10_resnet56,0.1069,0.6652,10,0.7523,0.5711,0.25090000000000007,0.729,39.52079880731486
rsgan,80000,0,cifar10_vgg16_bn,0.0832,0.6982,10,0.8496,0.643,0.1539,0.729,39.52079880731486
rsgan,90000,0,cifar10_resnet56,0.0995,0.6825,10,0.7728,0.5911,0.2314,0.7359,39.15152530559544
rsgan,90000,0,cifar10_vgg16_bn,0.0764,0.7121,10,0.8538,0.6553,0.15139999999999998,0.7359,39.15152530559544
rsgan,100000,0,cifar10_resnet56,0.0981,0.6872,10,0.7645,0.5893,0.23590000000000005,0.744,38.735657347678966
rsgan,100000,0,cifar10_vgg16_bn,0.0772,0.716,10,0.8535,0.6574,0.1524,0.744,38.735657347678966
paired,10000,0,cifar10_resnet56,0.45799999999999996,0.2261,9,0.5659,0.1479,0.6117,0.5093,121.12008790997402
paired,10000,0,cifar10_vgg16_bn,0.3528,0.2523,9,0.6683,0.1859,0.5039,0.5093,121.12008790997402
paired,20000,0,cifar10_resnet56,0.3023,0.383,10,0.6203,0.2826,0.4859,0.5834,75.9612561535115
paired,20000,0,cifar10_vgg16_bn,0.2379,0.4271,10,0.7213,0.3492,0.3599,0.5834,75.9612561535115
paired,30000,0,cifar10_resnet56,0.2139,0.4466,10,0.6511,0.3442,0.4086,0.6034,60.958381336610046
paired,30000,0,cifar10_vgg16_bn,0.15020000000000003,0.5078,10,0.7641,0.433,0.2766,0.6034,60.958381336610046
paired,40000,0,cifar10_resnet56,0.1777,0.5198,10,0.6855,0.4148,0.35810000000000003,0.6368,53.56039576995295
paired,40000,0,cifar10_vgg16_bn,0.1256,0.5701,10,0.7971,0.5026,0.23779999999999998,0.6368,53.56039576995295
paired,50000,0,cifar10_resnet56,0.1492,0.5695,10,0.7042,0.465,0.3221,0.6673,48.23623590099231
paired,50000,0,cifar10_vgg16_bn,0.0989,0.6142,10,0.8024,0.5443,0.21640000000000004,0.6673,48.23623590099231
paired,60000,0,cifar10_resnet56,0.1385,0.5952,10,0.7166,0.4942,0.3099,0.6788,47.8632334783789
paired,60000,0,cifar10_vgg16_bn,0.1003,0.629,10,0.8187,0.5683,0.20570000000000002,0.6788,47.8632334783789
paired,70000,0,cifar10_resnet56,0.1414,0.6084,10,0.7257,0.5061,0.2952,0.6902,45.60973855443268
paired,70000,0,cifar10_vgg16_bn,0.10079999999999997,0.6496,10,0.8245,0.58,0.19560000000000002,0.6902,45.60973855443268
paired,80000,0,cifar10_resnet56,0.1166,0.6266,10,0.7345,0.5305,0.2842,0.6965,43.97651582210841
paired,80000,0,cifar10_vgg16_bn,0.0822,0.6508,10,0.8296,0.5893,0.18630000000000002,0.6965,43.97651582210841
paired,90000,0,cifar10_resnet56,0.11389999999999999,0.632,10,0.7391,0.5322,0.27630000000000005,0.7022,45.23827614082768
paired,90000,0,cifar10_vgg16_bn,0.0825,0.666,10,0.8298,0.6031,0.18640000000000004,0.7022,45.23827614082768
paired,100000,0,cifar10_resnet56,0.1232,0.6441,10,0.7464,0.5489,0.26760000000000006,0.7167,42.52645755783499
paired,100000,0,cifar10_vgg16_bn,0.08759999999999998,0.6743,10,0.8387,0.6129,0.17430000000000004,0.7167,42.52645755783499
