method,seed,step,training_seconds,wall_seconds,d_loss,g_loss,coverage,valid_fraction,mode_tv,mode_0_mass,mode_1_mass,mode_2_mass,mode_3_mass,mode_4_mass,mode_5_mass,mode_6_mass,mode_7_mass,mode_8_mass,mode_9_mass,mode_10_mass,mode_11_mass,mode_12_mass,mode_13_mass,mode_14_mass,mode_15_mass,mode_16_mass,mode_17_mass,mode_18_mass,mode_19_mass,mode_20_mass,mode_21_mass,mode_22_mass,mode_23_mass,mode_24_mass,mode_25_mass,mode_26_mass,mode_27_mass,mode_28_mass,mode_29_mass,mode_30_mass,mode_31_mass,mode_32_mass,mode_33_mass,mode_34_mass,mode_35_mass,mode_36_mass,mode_37_mass,mode_38_mass,mode_39_mass,mode_40_mass,mode_41_mass,mode_42_mass,mode_43_mass,mode_44_mass,mode_45_mass,mode_46_mass,mode_47_mass,mode_48_mass
rsgan,3,0,0.0,0.0016285830060951412,nan,nan,1,0.9659,0.9795918367346937,0.0,0.0,0.0,0.0,0.0,0.0,0.0,0.0,0.0,0.0,0.0,0.0,0.0,0.0,0.0,0.0,0.0,0.0,0.0,0.0,0.0,0.0,0.0,0.0,0.9659,0.0,0.0,0.0,0.0,0.0,0.0,0.0,0.0,0.0,0.0,0.0,0.0,0.0,0.0,0.0,0.0,0.0,0.0,0.0,0.0,0.0,0.0,0.0,0.0
rsgan,3,1000,1.1478536142967641,1.1529353329678997,0.6745957732200623,0.7539281845092773,0,0.11170000000000002,0.8882999999999999,0.001,0.0015,0.0015,0.0014,0.0019,0.0008,0.0005,0.0008,0.003,0.0034,0.0025,0.0034,0.0022,0.001,0.0017,0.0026,0.0033,0.0037,0.0045,0.0032,0.0014,0.0023,0.0032,0.0036,0.0039,0.0041,0.0026,0.0016,0.001,0.0031,0.0033,0.0042,0.0035,0.0042,0.0021,0.0009,0.0022,0.0028,0.0022,0.0037,0.0023,0.0015,0.0005,0.0012,0.0016,0.0015,0.0015,0.0014,0.0004
rsgan,3,2000,2.2613305872655474,2.2701452919864096,0.6650890111923218,0.7761089205741882,0,0.11780000000000002,0.8821999999999999,0.0011,0.0013,0.0014,0.0014,0.0014,0.0011,0.0007,0.0016,0.0032,0.0038,0.0025,0.0046,0.0033,0.0021,0.0008,0.004,0.002,0.0028,0.0035,0.004,0.0013,0.0015,0.0027,0.0029,0.0034,0.0037,0.0036,0.0012,0.0014,0.0029,0.0033,0.0041,0.0017,0.0047,0.0007,0.0013,0.0029,0.0026,0.0038,0.0037,0.0045,0.0027,0.001,0.002,0.0017,0.0016,0.0009,0.0023,0.0011
rsgan,3,3000,3.391227673564572,3.403848707966972,0.6793370246887207,0.7412817478179932,0,0.11749999999999994,0.8825,0.002,0.0016,0.0016,0.0014,0.0019,0.0025,0.0016,0.0017,0.0045,0.0034,0.0029,0.0034,0.0035,0.0012,0.0015,0.0038,0.0023,0.0024,0.0016,0.0028,0.0016,0.0008,0.0039,0.0021,0.0022,0.0016,0.0038,0.002,0.001,0.0036,0.0023,0.0034,0.0024,0.0016,0.0022,0.0015,0.0053,0.0028,0.0037,0.005,0.0038,0.0028,0.0016,0.0016,0.0014,0.0017,0.001,0.0014,0.0018
rsgan,3,4000,4.597577407665085,4.614095416967757,0.6674512028694153,0.7237825989723206,0,0.11680000000000001,0.8832,0.0055,0.0028,0.0031,0.0036,0.0023,0.0029,0.0012,0.0024,0.0027,0.003,0.0026,0.0016,0.0029,0.0018,0.0017,0.0017,0.0019,0.0025,0.002,0.0019,0.0026,0.0022,0.0024,0.0019,0.0029,0.0017,0.0026,0.0036,0.0024,0.0033,0.0025,0.0029,0.002,0.0022,0.0039,0.0022,0.0022,0.0019,0.0033,0.0021,0.002,0.0041,0.0012,0.0005,0.0007,0.0015,0.0014,0.0017,0.0028
rsgan,3,5000,5.714215953659732,5.7346627920051105,0.6549361944198608,0.7447057962417603,0,0.16349999999999998,0.8364999999999999,0.0078,0.0051,0.0031,0.0043,0.0038,0.0041,0.0038,0.0035,0.0025,0.0027,0.0025,0.0015,0.002,0.0031,0.0026,0.0019,0.0023,0.003,0.0022,0.0027,0.0059,0.0029,0.0032,0.0021,0.0028,0.0022,0.0027,0.0046,0.0035,0.0027,0.0018,0.0021,0.0021,0.0019,0.0048,0.0024,0.0018,0.0024,0.0026,0.0024,0.0015,0.0048,0.0057,0.0033,0.0047,0.0059,0.0047,0.0042,0.0073
rsgan,3,6000,6.898576189589221,6.922998207970522,0.6754917502403259,0.7479562759399414,3,0.2116,0.7884,0.0081,0.0047,0.0058,0.0057,0.006,0.0049,0.0103,0.0047,0.0016,0.0029,0.0033,0.0018,0.0026,0.0056,0.0043,0.0025,0.0027,0.0029,0.0019,0.002,0.007,0.0055,0.0019,0.0026,0.0026,0.0028,0.0027,0.0058,0.0056,0.002,0.0029,0.0026,0.0018,0.0024,0.0065,0.0044,0.0019,0.0028,0.0027,0.0024,0.0021,0.0076,0.0114,0.0045,0.0071,0.0059,0.0048,0.0043,0.0107
rsgan,3,7000,8.060657223802991,8.08904445799999,0.6535272598266602,0.7590395212173462,4,0.23509999999999998,0.7648999999999999,0.0142,0.0045,0.0055,0.0068,0.006,0.0047,0.0115,0.0064,0.0017,0.0027,0.002,0.0024,0.0019,0.006,0.0054,0.003,0.0028,0.0036,0.0023,0.0021,0.0075,0.0069,0.0024,0.0023,0.0032,0.0034,0.0026,0.0065,0.0069,0.0013,0.0025,0.0033,0.002,0.0018,0.0061,0.0058,0.0019,0.0025,0.0028,0.0021,0.0024,0.0075,0.0147,0.0056,0.0059,0.0063,0.0053,0.0046,0.0135
rsgan,3,8000,9.396283629816025,9.430406874977052,0.6292709112167358,0.7747661471366882,4,0.23460000000000003,0.7654,0.0151,0.0057,0.0067,0.0058,0.007,0.0056,0.0112,0.0066,0.0017,0.0028,0.0024,0.0018,0.0018,0.0056,0.0048,0.0019,0.0026,0.0034,0.002,0.0022,0.0073,0.0065,0.0021,0.0024,0.0029,0.0023,0.0022,0.0062,0.0063,0.002,0.0025,0.0039,0.0019,0.0013,0.0066,0.0055,0.0018,0.0024,0.0019,0.0018,0.002,0.0075,0.0167,0.0068,0.0059,0.0063,0.0045,0.0045,0.0139
rsgan,3,9000,11.192434977041557,11.233699874952435,0.6148915886878967,0.7931417226791382,4,0.25249999999999995,0.7475,0.0151,0.0052,0.0059,0.0059,0.0069,0.0051,0.0158,0.0067,0.0016,0.0024,0.0018,0.0018,0.0016,0.0062,0.006,0.0026,0.0037,0.0032,0.0023,0.0026,0.0082,0.0083,0.0018,0.0028,0.0024,0.0032,0.0021,0.0075,0.007,0.0019,0.0019,0.0033,0.0027,0.0014,0.007,0.0062,0.0023,0.0028,0.0019,0.002,0.0025,0.0075,0.0185,0.0057,0.0062,0.008,0.0048,0.0044,0.0158
rsgan,3,10000,12.845711930771358,12.893119791988283,0.6144800186157227,0.8324936032295227,4,0.2533000000000001,0.7466999999999999,0.018,0.0063,0.0068,0.007,0.0067,0.006,0.0128,0.0057,0.0018,0.0032,0.001,0.0027,0.0011,0.0064,0.0067,0.0012,0.0018,0.0028,0.002,0.0025,0.007,0.009,0.0026,0.0027,0.0029,0.0037,0.0021,0.0063,0.0064,0.0021,0.0019,0.0027,0.002,0.002,0.0072,0.006,0.0016,0.0017,0.0023,0.002,0.0018,0.0079,0.0179,0.0054,0.0072,0.0067,0.0074,0.0057,0.0166
rsgan,3,11000,14.01863540976774,14.070858082966879,0.5971726775169373,0.818433403968811,4,0.252,0.7483918367346938,0.016,0.0065,0.0062,0.0076,0.0066,0.0062,0.0148,0.0066,0.0015,0.0029,0.0018,0.0026,0.001,0.006,0.006,0.0021,0.0028,0.0026,0.0026,0.0023,0.0076,0.008,0.0021,0.0022,0.0023,0.0021,0.0019,0.0063,0.0049,0.0027,0.0013,0.0025,0.0022,0.0021,0.0063,0.0051,0.002,0.0021,0.0024,0.0024,0.0023,0.007,0.0208,0.0075,0.0069,0.0067,0.0063,0.0052,0.0161
rsgan,3,12000,15.199374250893015,15.255865291983355,0.6072140336036682,0.8438503742218018,4,0.24970000000000003,0.7510918367346938,0.0176,0.0069,0.0064,0.0061,0.0057,0.0054,0.0125,0.0067,0.0016,0.002,0.0016,0.0015,0.0019,0.0048,0.0067,0.0023,0.003,0.0025,0.0025,0.0016,0.007,0.0083,0.0025,0.0028,0.0024,0.0017,0.0019,0.0067,0.0052,0.0017,0.002,0.0035,0.0023,0.0029,0.0061,0.007,0.0024,0.0022,0.0017,0.002,0.0018,0.0074,0.0212,0.0074,0.0064,0.0067,0.006,0.0049,0.0163
rsgan,3,13000,16.330559453577735,16.391565457975958,0.555970311164856,0.9021270275115967,4,0.26139999999999997,0.7385999999999999,0.016,0.0054,0.005,0.0068,0.0064,0.0054,0.016,0.0073,0.0023,0.0025,0.0015,0.0023,0.0019,0.0064,0.006,0.0021,0.0027,0.0027,0.0026,0.0025,0.0085,0.009,0.0026,0.0027,0.0023,0.0026,0.0024,0.0081,0.0049,0.0017,0.0023,0.0027,0.0022,0.0017,0.0079,0.0042,0.0014,0.002,0.0019,0.0025,0.0027,0.0074,0.0178,0.0064,0.0086,0.0062,0.0079,0.0071,0.0199
rsgan,3,14000,17.456824197259266,17.522075457964092,0.5569037795066833,0.9193510413169861,4,0.2649999999999999,0.735,0.0171,0.0065,0.0067,0.0053,0.0074,0.0063,0.015,0.0075,0.0016,0.0032,0.0021,0.0027,0.0015,0.0057,0.0064,0.0023,0.0029,0.0021,0.0016,0.0033,0.0083,0.0089,0.003,0.0024,0.0026,0.0024,0.0019,0.0065,0.0057,0.0018,0.0015,0.003,0.0019,0.0022,0.0077,0.0065,0.0019,0.0016,0.0017,0.0027,0.0027,0.0075,0.0203,0.0062,0.0068,0.0068,0.0086,0.0061,0.0186
rsgan,3,15000,18.666725547402166,18.736536292009987,0.5326135158538818,0.9388768672943115,4,0.24480000000000002,0.7551999999999999,0.0152,0.0064,0.0067,0.0053,0.0076,0.0065,0.0165,0.0054,0.0019,0.0022,0.0017,0.0026,0.0015,0.0066,0.0061,0.0022,0.0029,0.0024,0.0017,0.0029,0.0075,0.0075,0.0033,0.0022,0.0027,0.0021,0.0029,0.0058,0.0054,0.0023,0.0015,0.0026,0.0019,0.0025,0.005,0.0045,0.0022,0.002,0.0014,0.0022,0.0022,0.0058,0.018,0.0071,0.0074,0.0058,0.0065,0.0053,0.0149
rsgan,3,16000,20.511847061803564,20.587337750010192,0.5021719932556152,0.9297956228256226,4,0.27459999999999996,0.7293836734693877,0.0173,0.0056,0.0055,0.0067,0.0071,0.0058,0.0161,0.0075,0.0022,0.003,0.0016,0.0021,0.0021,0.0066,0.006,0.002,0.0029,0.0019,0.0023,0.0026,0.0091,0.0072,0.0032,0.0029,0.0019,0.0028,0.0034,0.0082,0.0052,0.0024,0.0016,0.0027,0.002,0.0025,0.0076,0.0065,0.0024,0.0017,0.0015,0.0021,0.002,0.0081,0.0222,0.0074,0.007,0.0073,0.0078,0.0064,0.0226
rsgan,3,17000,21.700367064215243,21.78069287497783,0.520499587059021,1.0198665857315063,4,0.27249999999999996,0.7308918367346938,0.0176,0.0051,0.0051,0.0055,0.0075,0.0063,0.0165,0.0075,0.0017,0.0025,0.0014,0.0022,0.0016,0.0065,0.007,0.0017,0.0028,0.0017,0.0021,0.0024,0.0087,0.0095,0.0028,0.0031,0.0025,0.0018,0.0026,0.0073,0.0065,0.0028,0.0022,0.0018,0.0022,0.0023,0.0068,0.0064,0.0025,0.002,0.0016,0.0021,0.0024,0.0082,0.0238,0.0075,0.0068,0.0076,0.0082,0.0061,0.0197
rsgan,3,18000,23.008363407629076,23.09345512499567,0.5325378179550171,1.0111545324325562,4,0.27349999999999997,0.730791836734694,0.0167,0.0057,0.0063,0.0056,0.0073,0.0063,0.0154,0.0073,0.002,0.0025,0.0013,0.0022,0.0016,0.0052,0.0071,0.0024,0.0034,0.0024,0.0017,0.0026,0.0083,0.009,0.0028,0.0025,0.0024,0.0023,0.0031,0.0069,0.006,0.0025,0.0027,0.0023,0.0028,0.0022,0.0078,0.006,0.0022,0.0025,0.0023,0.0016,0.002,0.0077,0.0247,0.0072,0.0064,0.0069,0.0079,0.0071,0.0204
rsgan,3,19000,24.281648695701733,24.371174875006545,0.49546048045158386,1.0604121685028076,4,0.27370000000000005,0.7291836734693877,0.017,0.0056,0.0068,0.0057,0.0086,0.007,0.0175,0.0074,0.0018,0.0027,0.0012,0.003,0.0015,0.0064,0.0064,0.0021,0.0031,0.0018,0.0027,0.0029,0.0081,0.0077,0.0035,0.003,0.0022,0.0025,0.0024,0.0072,0.0051,0.0024,0.0021,0.0017,0.0021,0.0022,0.0079,0.0059,0.0029,0.002,0.0017,0.0018,0.002,0.0069,0.0223,0.0079,0.0071,0.0056,0.0084,0.0065,0.0214
rsgan,3,20000,25.511825209250674,25.60560120799346,0.5078599452972412,1.0800039768218994,4,0.25550000000000006,0.7444999999999999,0.016,0.0047,0.0061,0.005,0.0067,0.0051,0.0167,0.007,0.0022,0.0021,0.0016,0.0028,0.0013,0.0067,0.0073,0.0025,0.0029,0.0024,0.0013,0.0022,0.0079,0.0063,0.0035,0.0028,0.0016,0.0019,0.0025,0.0076,0.0052,0.0021,0.0023,0.0017,0.0021,0.0024,0.0072,0.0047,0.0024,0.0022,0.0017,0.0016,0.0031,0.0073,0.0197,0.0066,0.0079,0.0052,0.0073,0.0057,0.0204
rsgan,3,21000,26.70661959197605,26.804699832980987,0.4940076768398285,1.0958442687988281,4,0.2762,0.7276755102040816,0.0226,0.0066,0.0057,0.0049,0.0095,0.0084,0.0217,0.0075,0.0023,0.0031,0.0019,0.0028,0.0017,0.0073,0.0062,0.0021,0.0025,0.0015,0.0022,0.0031,0.0088,0.0074,0.0022,0.0026,0.0014,0.0024,0.002,0.0067,0.0064,0.0022,0.0018,0.0019,0.0023,0.0021,0.0083,0.006,0.0027,0.0016,0.0013,0.0019,0.002,0.0062,0.0208,0.0066,0.0073,0.0051,0.0092,0.0059,0.0175
rsgan,3,22000,27.853850063169375,27.956400625000242,0.4613869786262512,1.1868829727172852,5,0.28590000000000004,0.7224836734693877,0.0134,0.0055,0.0054,0.0055,0.0075,0.006,0.0171,0.0084,0.0015,0.0038,0.0013,0.0025,0.001,0.0074,0.0077,0.0026,0.0031,0.0021,0.0023,0.0028,0.01,0.0073,0.0032,0.0024,0.0018,0.003,0.0029,0.009,0.0066,0.002,0.0033,0.0017,0.0026,0.003,0.0095,0.0064,0.0025,0.0015,0.0021,0.0024,0.0025,0.0084,0.027,0.0068,0.0075,0.0052,0.0094,0.0068,0.0222
rsgan,3,23000,29.128478809143417,29.236025041958783,0.44354909658432007,1.1338344812393188,5,0.2863,0.7205755102040816,0.0212,0.0067,0.0068,0.0062,0.0084,0.007,0.0193,0.0063,0.0025,0.0018,0.0007,0.0021,0.0014,0.0076,0.0064,0.002,0.002,0.002,0.0024,0.0038,0.0092,0.0064,0.0018,0.0023,0.0013,0.0024,0.0028,0.0079,0.0057,0.0028,0.0021,0.0016,0.0028,0.0034,0.0083,0.0058,0.0022,0.0016,0.0008,0.0025,0.0023,0.0084,0.0242,0.008,0.0075,0.0057,0.0101,0.0071,0.0227
rsgan,3,24000,30.289305261627305,30.401708749996033,0.4898497462272644,1.1567192077636719,4,0.2812,0.7228755102040816,0.0223,0.0072,0.0076,0.0062,0.0076,0.0078,0.0188,0.006,0.0025,0.0025,0.0005,0.0021,0.002,0.0063,0.006,0.0022,0.0024,0.0016,0.0019,0.003,0.0081,0.0077,0.0018,0.002,0.001,0.0031,0.003,0.0077,0.0065,0.0028,0.0024,0.0018,0.0022,0.0041,0.0086,0.006,0.002,0.0015,0.0011,0.0021,0.0023,0.0072,0.0214,0.0072,0.0076,0.0048,0.0087,0.0084,0.0216
rsgan,3,25000,31.454700180736836,31.57179920800263,0.4517032504081726,1.1829469203948975,5,0.28680000000000005,0.7164755102040816,0.0221,0.0079,0.007,0.0058,0.008,0.0068,0.0181,0.0074,0.0024,0.0022,0.001,0.003,0.0012,0.007,0.0063,0.002,0.0029,0.0017,0.0024,0.0025,0.0083,0.0081,0.0019,0.0023,0.0012,0.0035,0.002,0.0081,0.0074,0.0034,0.0021,0.0015,0.0034,0.0026,0.0078,0.0063,0.003,0.0018,0.0019,0.002,0.0022,0.0083,0.0219,0.0076,0.0078,0.0053,0.0102,0.0067,0.0205
rsgan,3,26000,32.57924572681077,32.70078424998792,0.4703623056411743,1.2891099452972412,4,0.28059999999999996,0.7233755102040815,0.0226,0.0075,0.0077,0.0052,0.0078,0.0074,0.0208,0.0074,0.0027,0.0027,0.0007,0.0027,0.0017,0.0059,0.0064,0.0029,0.0024,0.0012,0.0022,0.0027,0.0079,0.0083,0.0013,0.0026,0.0008,0.0035,0.0031,0.0063,0.0064,0.0036,0.0019,0.0017,0.0024,0.0033,0.0093,0.0062,0.0024,0.002,0.0011,0.0024,0.0022,0.0059,0.0218,0.0074,0.0073,0.0049,0.0094,0.0062,0.0184
rsgan,3,27000,33.74948334740475,33.87560291698901,0.46282958984375,1.2324974536895752,5,0.29000000000000004,0.7200755102040814,0.0232,0.0077,0.0063,0.0057,0.0086,0.0067,0.0191,0.0073,0.0027,0.0016,0.0008,0.0026,0.0015,0.0068,0.0077,0.0024,0.003,0.0012,0.0026,0.0021,0.0087,0.0061,0.0017,0.0024,0.0011,0.0038,0.0016,0.0083,0.0063,0.0024,0.0022,0.0013,0.0025,0.0021,0.0082,0.0066,0.0026,0.0017,0.001,0.0024,0.0016,0.0076,0.0249,0.0092,0.0082,0.0049,0.0107,0.0071,0.0232
rsgan,3,28000,34.86868010106264,34.99932349997107,0.43479543924331665,1.2712334394454956,4,0.2802,0.7249755102040816,0.0222,0.0071,0.0062,0.0057,0.0085,0.0072,0.0184,0.0067,0.0022,0.0016,0.0007,0.0031,0.001,0.0076,0.0068,0.0027,0.0022,0.0016,0.0026,0.0016,0.0086,0.0065,0.0017,0.0027,0.0007,0.0031,0.002,0.0085,0.0056,0.0034,0.0022,0.0012,0.003,0.0019,0.0092,0.0063,0.0025,0.0016,0.0008,0.003,0.0018,0.0085,0.0235,0.0067,0.0082,0.005,0.0094,0.0062,0.0207
rsgan,3,29000,36.00850836269092,36.14360074995784,0.46306806802749634,1.3450855016708374,5,0.29069999999999996,0.7176673469387755,0.0214,0.0073,0.007,0.0047,0.0074,0.0067,0.0208,0.0062,0.0022,0.0032,0.0011,0.0023,0.0011,0.0076,0.006,0.0022,0.003,0.002,0.003,0.0023,0.0098,0.0063,0.0023,0.0024,0.0014,0.0025,0.0017,0.008,0.0056,0.0029,0.0024,0.0013,0.0028,0.002,0.0087,0.0071,0.0023,0.0016,0.0012,0.0027,0.0015,0.0085,0.0254,0.008,0.0088,0.0048,0.0113,0.0075,0.0224
rsgan,3,30000,37.28280653938418,37.42273683298845,0.4537348747253418,1.393190860748291,4,0.28269999999999995,0.7208918367346938,0.018,0.0071,0.006,0.0053,0.0093,0.0074,0.0202,0.0074,0.0019,0.0026,0.001,0.0031,0.0012,0.0067,0.0078,0.0033,0.0027,0.0019,0.0029,0.0026,0.0088,0.0077,0.0011,0.0025,0.0014,0.0033,0.0019,0.0067,0.0073,0.0029,0.0018,0.001,0.0035,0.0023,0.0082,0.0073,0.0024,0.0019,0.0007,0.0039,0.0014,0.0068,0.024,0.0081,0.0084,0.0038,0.0096,0.0064,0.0192
rsgan,3,31000,38.47252644225955,38.617169874953106,0.4652308225631714,1.2662818431854248,6,0.29569999999999996,0.7147755102040816,0.0268,0.0091,0.0074,0.0054,0.0116,0.0074,0.0217,0.007,0.0018,0.0023,0.0012,0.0029,0.0019,0.0076,0.0064,0.0029,0.0026,0.0015,0.0029,0.0025,0.0091,0.0061,0.0015,0.0024,0.0007,0.0029,0.0014,0.007,0.0069,0.0026,0.0018,0.0015,0.0039,0.0019,0.0083,0.0057,0.0026,0.0017,0.0008,0.0041,0.002,0.0073,0.0232,0.0087,0.0081,0.0034,0.0123,0.0059,0.019
rsgan,3,32000,39.611403109913226,39.7603194169933,0.42841774225234985,1.3262550830841064,6,0.30479999999999996,0.7071673469387755,0.0234,0.0084,0.0073,0.0055,0.011,0.0064,0.0219,0.0067,0.0022,0.003,0.0015,0.0028,0.0009,0.0076,0.0074,0.003,0.0029,0.0013,0.0024,0.0024,0.0098,0.0069,0.0018,0.0018,0.0008,0.0022,0.0018,0.0073,0.0064,0.0026,0.003,0.0013,0.0031,0.0022,0.0098,0.0068,0.0023,0.0022,0.0011,0.004,0.0014,0.0086,0.0238,0.009,0.0094,0.0044,0.0101,0.0084,0.0245
rsgan,3,33000,40.71461132745026,40.867802207998466,0.40914836525917053,1.2846107482910156,7,0.2995,0.7088673469387755,0.0249,0.0074,0.0054,0.005,0.0105,0.0072,0.0206,0.0078,0.0022,0.003,0.0006,0.0028,0.0014,0.0074,0.0081,0.0024,0.0025,0.0021,0.0028,0.0025,0.0095,0.0079,0.0016,0.0026,0.0007,0.0025,0.0015,0.0079,0.0076,0.0028,0.0025,0.0016,0.0032,0.0022,0.0102,0.0061,0.0025,0.0017,0.0015,0.0036,0.002,0.0091,0.0211,0.0079,0.0087,0.0035,0.0101,0.0074,0.0234
rsgan,3,34000,41.80610381020233,41.96461908298079,0.45723992586135864,1.3760244846343994,5,0.2932,0.7197673469387755,0.0222,0.0074,0.0071,0.004,0.0082,0.0071,0.022,0.0071,0.0026,0.0032,0.0012,0.0021,0.0018,0.0078,0.0074,0.0023,0.0026,0.0014,0.003,0.0015,0.0098,0.0061,0.0024,0.0023,0.0017,0.0026,0.0018,0.0075,0.0062,0.0021,0.0023,0.001,0.0019,0.0019,0.0085,0.0071,0.002,0.0025,0.0011,0.0029,0.0021,0.0088,0.0254,0.0067,0.0075,0.0029,0.0115,0.0076,0.025
rsgan,3,35000,43.029935110826045,43.193601624981966,0.42394721508026123,1.4069709777832031,8,0.29800000000000004,0.7154673469387755,0.0257,0.0087,0.007,0.0041,0.0104,0.0074,0.0235,0.0073,0.0028,0.0024,0.0007,0.0022,0.0014,0.0081,0.0079,0.0027,0.0029,0.0011,0.0017,0.0021,0.0104,0.0064,0.0023,0.0019,0.0003,0.0017,0.0012,0.0077,0.0069,0.0032,0.0033,0.0012,0.0021,0.0031,0.0112,0.0053,0.002,0.0023,0.0005,0.0033,0.0026,0.0093,0.0227,0.0057,0.0081,0.0023,0.0111,0.0066,0.0232
rsgan,3,36000,44.27944227476837,44.44805229199119,0.4222700297832489,1.3787304162979126,8,0.3096000000000001,0.7062673469387755,0.0266,0.0086,0.0066,0.0041,0.0108,0.0068,0.022,0.007,0.002,0.0031,0.0009,0.0032,0.0009,0.0087,0.0063,0.0029,0.0029,0.0005,0.0033,0.0008,0.0107,0.0071,0.0015,0.0025,0.0008,0.003,0.0019,0.0089,0.0079,0.0024,0.0028,0.0006,0.0023,0.003,0.0102,0.0053,0.0022,0.0022,0.0008,0.0038,0.0023,0.0094,0.0243,0.0081,0.0087,0.0034,0.0144,0.0065,0.0246
rsgan,3,37000,45.406853263033554,45.58010820799973,0.3723670244216919,1.3678265810012817,8,0.31000000000000005,0.7037673469387754,0.0264,0.0084,0.007,0.004,0.0123,0.0074,0.0231,0.0074,0.0028,0.0033,0.0013,0.0028,0.0012,0.0077,0.0059,0.0029,0.0023,0.001,0.0029,0.0016,0.0097,0.0067,0.0022,0.0027,0.001,0.0022,0.0017,0.0082,0.0094,0.0023,0.0037,0.0007,0.0026,0.0028,0.0111,0.005,0.0022,0.0024,0.0009,0.0036,0.0021,0.0077,0.0227,0.0083,0.0101,0.0029,0.0128,0.0074,0.0232
rsgan,3,38000,46.489826460019685,46.66740874998504,0.3962301015853882,1.4477871656417847,10,0.31410000000000005,0.7038673469387754,0.0248,0.0083,0.0062,0.0035,0.0104,0.0066,0.0222,0.0071,0.0024,0.0034,0.0007,0.0025,0.001,0.0101,0.0075,0.0029,0.0025,0.0013,0.0025,0.0015,0.0114,0.0059,0.0021,0.0016,0.0007,0.0017,0.0015,0.0097,0.0092,0.0021,0.002,0.0007,0.0022,0.0017,0.0116,0.0055,0.0024,0.0025,0.0008,0.0045,0.0018,0.0101,0.025,0.0079,0.0093,0.0028,0.0146,0.0078,0.0276
rsgan,3,39000,47.58694373071194,47.76896441698773,0.3898969292640686,1.354792594909668,7,0.31079999999999997,0.6992673469387755,0.0232,0.0085,0.0083,0.0042,0.0092,0.0075,0.0235,0.008,0.0023,0.0034,0.0009,0.0026,0.0017,0.0084,0.0073,0.0034,0.0024,0.0015,0.0023,0.0027,0.0102,0.0071,0.0016,0.0025,0.0008,0.0019,0.002,0.0087,0.0089,0.0024,0.0031,0.001,0.0033,0.0022,0.0105,0.0058,0.0019,0.0026,0.0008,0.0042,0.0024,0.0083,0.0226,0.0076,0.0091,0.0032,0.0156,0.0068,0.0224
rsgan,3,40000,48.66603103087982,48.852456374967005,0.42701590061187744,1.5578203201293945,10,0.32610000000000006,0.6970673469387755,0.0304,0.0105,0.008,0.0039,0.0128,0.0077,0.0251,0.0071,0.0026,0.0038,0.0012,0.0032,0.0016,0.0107,0.006,0.0031,0.0024,0.001,0.0023,0.0018,0.01,0.0052,0.002,0.0025,0.0005,0.0013,0.0014,0.009,0.006,0.0028,0.0028,0.0007,0.0033,0.0037,0.011,0.0055,0.0022,0.002,0.0007,0.0044,0.0018,0.0084,0.0218,0.0089,0.0079,0.0033,0.0166,0.0077,0.0275
rsgan,3,41000,49.74378421949223,49.934709541965276,0.40423524379730225,1.5827453136444092,6,0.30569999999999997,0.7095673469387755,0.0255,0.0097,0.0073,0.004,0.0149,0.0074,0.0251,0.0054,0.0027,0.0036,0.0008,0.0039,0.0014,0.009,0.005,0.0021,0.0021,0.0011,0.0034,0.0015,0.0081,0.0049,0.0022,0.0022,0.0004,0.0031,0.001,0.0077,0.0073,0.0021,0.0021,0.0007,0.0035,0.0021,0.0093,0.0055,0.0022,0.0021,0.0009,0.0049,0.0021,0.0085,0.0209,0.0057,0.0084,0.0025,0.017,0.007,0.0254
rsgan,3,42000,50.834223669720814,51.02959858300164,0.37987083196640015,1.5906050205230713,8,0.31210000000000004,0.7068673469387755,0.0238,0.008,0.0081,0.0035,0.0113,0.0087,0.0266,0.0085,0.002,0.0029,0.0005,0.0018,0.0013,0.01,0.0069,0.0035,0.003,0.0013,0.0014,0.0021,0.0091,0.0061,0.0024,0.0022,0.0007,0.0012,0.0018,0.0073,0.009,0.002,0.0028,0.0008,0.002,0.0034,0.0107,0.0052,0.0018,0.0032,0.0009,0.0032,0.0021,0.0086,0.0222,0.0055,0.0094,0.0021,0.0143,0.0089,0.028
rsgan,3,43000,51.917944095039275,52.11787562497193,0.4059261679649353,1.5816214084625244,8,0.3218,0.6977673469387755,0.0284,0.0097,0.0073,0.0034,0.0132,0.0071,0.0237,0.0077,0.0017,0.0036,0.0007,0.0033,0.001,0.0093,0.0081,0.0034,0.0019,0.0009,0.003,0.0018,0.0102,0.0059,0.0023,0.002,0.0006,0.003,0.0011,0.0078,0.0074,0.0025,0.0019,0.0007,0.0053,0.002,0.0101,0.0057,0.0019,0.0021,0.0011,0.0058,0.0017,0.0077,0.0232,0.0094,0.0081,0.0037,0.0169,0.0066,0.0259
rsgan,3,44000,53.005507216905244,53.20988587499596,0.43582138419151306,1.4834413528442383,8,0.3258,0.6918673469387755,0.0256,0.0085,0.0071,0.0039,0.0119,0.0064,0.0248,0.0085,0.0022,0.0031,0.0006,0.003,0.0007,0.0099,0.0071,0.0038,0.0021,0.0013,0.0021,0.0017,0.0108,0.0071,0.0022,0.0017,0.0006,0.0022,0.002,0.0091,0.0098,0.0029,0.003,0.0005,0.0036,0.0025,0.0105,0.0059,0.0016,0.0031,0.0007,0.0055,0.0023,0.0091,0.0227,0.0081,0.0099,0.0029,0.0171,0.0079,0.0262
rsgan,3,45000,54.22811062494293,54.43730108300224,0.38536399602890015,1.6219888925552368,10,0.33009999999999995,0.6887673469387756,0.0258,0.0085,0.0093,0.0035,0.0132,0.0069,0.0284,0.0085,0.0028,0.0034,0.0008,0.0032,0.0016,0.011,0.0066,0.0046,0.0025,0.001,0.0018,0.002,0.0103,0.0058,0.0017,0.0022,0.0003,0.0013,0.0018,0.0087,0.0088,0.0019,0.0038,0.0006,0.0025,0.0039,0.0116,0.006,0.0016,0.0035,0.0006,0.0051,0.0023,0.0096,0.0218,0.0087,0.0111,0.0029,0.0137,0.0081,0.0245
rsgan,3,46000,55.35061987134395,55.5646499999566,0.3670610785484314,1.7550265789031982,11,0.3353999999999999,0.6860673469387755,0.0269,0.0085,0.0063,0.0034,0.0134,0.0058,0.027,0.0086,0.0026,0.0033,0.0006,0.0036,0.0008,0.011,0.0068,0.0033,0.0025,0.0007,0.0037,0.0013,0.0105,0.0062,0.0018,0.0023,0.0006,0.0018,0.0019,0.0088,0.0107,0.0026,0.0036,0.0005,0.0029,0.0027,0.0122,0.0051,0.0012,0.0031,0.0008,0.0061,0.0019,0.0092,0.0225,0.0081,0.0118,0.0032,0.0191,0.0074,0.0267
rsgan,3,47000,56.72771014994942,56.947259457956534,0.366897851228714,1.4938571453094482,10,0.3347,0.6865673469387754,0.0263,0.0075,0.0089,0.0037,0.0131,0.0067,0.0277,0.0085,0.0019,0.004,0.0007,0.0033,0.0013,0.0106,0.0067,0.0037,0.0024,0.0006,0.0032,0.0018,0.0109,0.0053,0.0021,0.0018,0.0006,0.0017,0.002,0.0086,0.0094,0.002,0.0031,0.0004,0.0029,0.0022,0.0119,0.0054,0.0016,0.0042,0.001,0.0059,0.0016,0.0087,0.022,0.0072,0.0131,0.0036,0.0179,0.0081,0.0269
rsgan,3,48000,57.85469638754148,58.07914858299773,0.38523855805397034,1.5571420192718506,10,0.3316,0.6880673469387755,0.026,0.0081,0.0082,0.0037,0.0143,0.0056,0.0297,0.0084,0.0026,0.0037,0.0007,0.0035,0.0016,0.012,0.0075,0.0036,0.0023,0.0006,0.0034,0.0017,0.0103,0.0057,0.0017,0.0014,0.0007,0.0016,0.0021,0.0074,0.0096,0.0022,0.0028,0.0006,0.003,0.0028,0.0113,0.0053,0.0013,0.0036,0.0006,0.0063,0.0016,0.0073,0.022,0.0071,0.0145,0.0029,0.0167,0.0084,0.0236
rsgan,3,49000,59.0707143843174,59.300178417004645,0.36484667658805847,1.5058259963989258,9,0.33299999999999996,0.6890673469387756,0.0287,0.0085,0.0083,0.0039,0.0146,0.0059,0.0297,0.0095,0.0026,0.0038,0.0008,0.0041,0.0013,0.0114,0.0073,0.0026,0.0025,0.001,0.0027,0.0022,0.0108,0.0055,0.0018,0.0011,0.0006,0.0014,0.0019,0.008,0.0099,0.0025,0.0036,0.0004,0.0019,0.003,0.0098,0.0055,0.001,0.0035,0.0005,0.0059,0.0011,0.0072,0.021,0.0063,0.0153,0.0026,0.0173,0.0079,0.0243
rsgan,3,50000,60.286850763717666,60.525882332993206,0.3835524618625641,1.6985411643981934,11,0.3508,0.6786591836734693,0.0294,0.0085,0.0083,0.0032,0.0135,0.0051,0.0281,0.0097,0.0025,0.0041,0.0008,0.0036,0.0009,0.0111,0.0088,0.0035,0.0018,0.0006,0.0038,0.0024,0.0125,0.0054,0.0016,0.0015,0.0004,0.0017,0.0022,0.0097,0.01,0.0023,0.0027,0.0003,0.0043,0.0026,0.0122,0.0061,0.0014,0.0033,0.0011,0.0062,0.0014,0.0085,0.0232,0.0088,0.0114,0.0028,0.0235,0.0067,0.0273
