method,seed,step,training_seconds,wall_seconds,d_loss,g_loss,coverage,valid_fraction,mode_tv,mode_0_mass,mode_1_mass,mode_2_mass,mode_3_mass,mode_4_mass,mode_5_mass,mode_6_mass,mode_7_mass,mode_8_mass,mode_9_mass,mode_10_mass,mode_11_mass,mode_12_mass,mode_13_mass,mode_14_mass,mode_15_mass,mode_16_mass,mode_17_mass,mode_18_mass,mode_19_mass,mode_20_mass,mode_21_mass,mode_22_mass,mode_23_mass,mode_24_mass
dual_slot,3,0,0.0,0.0017797090113162994,nan,nan,1,0.9659,0.96,0.0,0.0,0.0,0.0,0.0,0.0,0.0,0.0,0.0,0.0,0.0,0.0,0.9659,0.0,0.0,0.0,0.0,0.0,0.0,0.0,0.0,0.0,0.0,0.0,0.0
dual_slot,3,1000,1.0238539507845417,1.0291131250560284,0.6934642195701599,0.7040929198265076,0,0.10599999999999998,0.894,0.0011,0.0032,0.0037,0.0042,0.0009,0.0033,0.0071,0.0061,0.0053,0.0035,0.0037,0.007,0.0077,0.0061,0.0032,0.0031,0.0067,0.0066,0.0057,0.0038,0.0012,0.0047,0.0034,0.0031,0.0016
dual_slot,3,2000,2.0202976749278605,2.0296393339522183,0.6870900988578796,0.7011597752571106,0,0.12290000000000001,0.8771,0.0027,0.003,0.0044,0.0047,0.003,0.0036,0.0052,0.0082,0.0068,0.0048,0.0032,0.0068,0.0067,0.008,0.0041,0.0037,0.0077,0.0075,0.0084,0.0053,0.0022,0.0035,0.0038,0.0038,0.0018
dual_slot,3,3000,3.0438375181984156,3.0569271249696612,0.6982313990592957,0.688759982585907,0,0.11480000000000001,0.8852,0.0056,0.004,0.0031,0.0031,0.0054,0.0041,0.0074,0.0049,0.0065,0.0041,0.0027,0.0059,0.0056,0.0053,0.0021,0.0037,0.0061,0.0056,0.0064,0.0038,0.0046,0.0036,0.0024,0.0037,0.0051
dual_slot,3,4000,4.018254897673614,4.034809667035006,0.6938806176185608,0.6951495409011841,0,0.10399999999999998,0.8960000000000001,0.001,0.0004,0.0006,0.0004,0.0008,0.0074,0.0049,0.0042,0.0038,0.0068,0.004,0.002,0.0025,0.0026,0.0056,0.0067,0.0026,0.0015,0.0028,0.0066,0.005,0.0099,0.007,0.0069,0.008
dual_slot,3,5000,5.002142305369489,5.022125917021185,0.6939381957054138,0.7018119096755981,3,0.13430000000000009,0.8656999999999999,0.0089,0.009,0.0093,0.0088,0.0006,0.0104,0.0036,0.0033,0.005,0.0012,0.012,0.003,0.0036,0.0034,0.0011,0.012,0.0026,0.0029,0.0041,0.0011,0.006,0.009,0.0067,0.0066,0.0001
dual_slot,3,6000,5.9729207216296345,5.996264209039509,0.6930355429649353,0.6974411606788635,5,0.18030000000000002,0.8197,0.0133,0.0075,0.0081,0.0071,0.0062,0.0118,0.0048,0.0048,0.0044,0.0057,0.012,0.0047,0.0059,0.0037,0.0087,0.0078,0.0039,0.0039,0.0054,0.0102,0.006,0.0061,0.0086,0.0074,0.0123
dual_slot,3,7000,7.0039623498450965,7.031576834036969,0.6915099620819092,0.6944445967674255,9,0.20399999999999996,0.796,0.0181,0.0087,0.01,0.0091,0.0158,0.0127,0.005,0.0056,0.0046,0.0074,0.0104,0.0052,0.0069,0.0042,0.0104,0.0097,0.004,0.0049,0.0054,0.0104,0.0101,0.004,0.0038,0.0038,0.0138
dual_slot,3,8000,7.981935689691454,8.013476917054504,0.6874592304229736,0.6952098608016968,7,0.20320000000000005,0.7968,0.0137,0.0098,0.0104,0.0084,0.0109,0.0077,0.0046,0.004,0.0039,0.0073,0.0114,0.0045,0.007,0.0042,0.0095,0.0086,0.0036,0.0057,0.0046,0.0121,0.0131,0.0072,0.0091,0.0074,0.0145
dual_slot,3,9000,8.944831336615607,8.980120667023584,0.6873052716255188,0.6957637667655945,7,0.18579999999999997,0.8142,0.0119,0.0043,0.005,0.0027,0.0021,0.0096,0.0046,0.0041,0.0038,0.0088,0.013,0.0041,0.0062,0.0046,0.0125,0.0105,0.0039,0.0057,0.0044,0.0125,0.015,0.0066,0.0081,0.0044,0.0174
dual_slot,3,10000,9.90431390143931,9.943098083953373,0.6898622512817383,0.699684739112854,5,0.18930000000000002,0.8107,0.0204,0.0081,0.0056,0.007,0.0221,0.0108,0.0047,0.0049,0.004,0.0085,0.0116,0.0061,0.0066,0.0057,0.0113,0.0082,0.0039,0.0044,0.0043,0.0089,0.0025,0.0029,0.004,0.0048,0.008
dual_slot,3,11000,10.921091313590296,10.965571459033526,0.6887308359146118,0.702130913734436,9,0.25429999999999997,0.7457,0.0295,0.0118,0.0104,0.0099,0.0299,0.0107,0.0034,0.0047,0.0028,0.0092,0.0153,0.0042,0.0076,0.0056,0.0128,0.008,0.0041,0.0054,0.0035,0.0092,0.0169,0.0074,0.008,0.0052,0.0188
dual_slot,3,12000,11.928000082145445,11.976092291995883,0.6895378232002258,0.7032793760299683,12,0.28180000000000005,0.7182,0.0309,0.0103,0.0137,0.0086,0.0237,0.0084,0.0038,0.005,0.0029,0.0083,0.0164,0.0046,0.0087,0.0041,0.0159,0.0104,0.0028,0.0062,0.0032,0.01,0.0215,0.011,0.0137,0.009,0.0287
dual_slot,3,13000,12.94893416413106,13.000677124946378,0.6890203952789307,0.7004144787788391,12,0.3087,0.6913,0.0231,0.0093,0.0151,0.0102,0.0338,0.0105,0.0032,0.0059,0.0031,0.0098,0.0195,0.0041,0.0106,0.0063,0.0199,0.0097,0.0033,0.0064,0.002,0.0104,0.0259,0.0078,0.0162,0.0092,0.0334
dual_slot,3,14000,13.933999752276577,13.989345625042915,0.6869426965713501,0.6993538737297058,12,0.29979999999999996,0.7001999999999999,0.0277,0.009,0.0162,0.0084,0.027,0.0097,0.0028,0.0076,0.005,0.0111,0.014,0.0051,0.013,0.0068,0.0239,0.005,0.0023,0.0065,0.0024,0.0106,0.015,0.0083,0.017,0.0105,0.0349
dual_slot,3,15000,14.910895543755032,14.969796458957717,0.6870391964912415,0.704734206199646,13,0.33299999999999996,0.667,0.0336,0.011,0.0186,0.0084,0.0279,0.0123,0.0028,0.0078,0.0038,0.0115,0.0251,0.0055,0.0152,0.0069,0.0251,0.0098,0.0023,0.0067,0.0023,0.0103,0.0224,0.0055,0.0138,0.0084,0.036
dual_slot,3,16000,15.94928605214227,16.01197220897302,0.6830053329467773,0.6926226615905762,11,0.2723,0.7277,0.0243,0.012,0.0147,0.0075,0.0183,0.0039,0.0041,0.0068,0.0024,0.0089,0.0226,0.0067,0.014,0.0064,0.0184,0.0076,0.003,0.0043,0.0021,0.0058,0.0177,0.01,0.0175,0.0094,0.0239
dual_slot,3,17000,16.94431161135435,17.010809374973178,0.6814910769462585,0.7027740478515625,13,0.3420000000000001,0.658,0.0283,0.0108,0.016,0.0083,0.0258,0.0113,0.002,0.0079,0.0041,0.0138,0.0265,0.0069,0.0137,0.0081,0.0245,0.0098,0.0027,0.0073,0.0025,0.0121,0.0265,0.0097,0.0175,0.0094,0.0365
dual_slot,3,18000,17.896372915944085,17.966628042049706,0.678339958190918,0.7020300626754761,14,0.3389,0.6611,0.0249,0.0084,0.0128,0.0071,0.0251,0.0114,0.0031,0.0073,0.0044,0.0152,0.0252,0.0068,0.0132,0.0088,0.0285,0.0115,0.0031,0.0068,0.0032,0.0132,0.0265,0.0106,0.0181,0.0094,0.0343
dual_slot,3,19000,18.85605938162189,18.92991395900026,0.6739634871482849,0.7216679453849792,13,0.32000000000000006,0.6799999999999999,0.0226,0.0091,0.0125,0.0066,0.0219,0.0116,0.0027,0.006,0.0045,0.0143,0.0264,0.0075,0.013,0.0091,0.0277,0.0121,0.0036,0.0074,0.0033,0.014,0.0225,0.0076,0.0134,0.0087,0.0319
dual_slot,3,20000,19.871263684821315,19.948989124968648,0.6746993064880371,0.7325700521469116,13,0.3175,0.6825000000000001,0.0268,0.0106,0.0131,0.007,0.0079,0.0132,0.0046,0.0095,0.0051,0.0137,0.0293,0.0078,0.0137,0.0083,0.0239,0.014,0.0074,0.0062,0.0046,0.0134,0.024,0.0098,0.0112,0.0079,0.0245
dual_slot,3,21000,20.84756728063803,20.929017959046178,0.6751013994216919,0.7283459901809692,8,0.22960000000000003,0.7704,0.0124,0.0085,0.0081,0.0046,0.0068,0.0059,0.0072,0.0106,0.0058,0.0141,0.0217,0.0087,0.0128,0.0094,0.0212,0.0083,0.0061,0.0068,0.0054,0.0111,0.0069,0.0043,0.0049,0.0034,0.0146
dual_slot,3,22000,21.811709995614365,21.8968047919916,0.6748403310775757,0.7353653311729431,12,0.28689999999999993,0.7131000000000001,0.017,0.005,0.005,0.0028,0.0076,0.0225,0.0092,0.0143,0.0082,0.0227,0.0288,0.0078,0.0137,0.0101,0.0238,0.0161,0.0069,0.0081,0.0047,0.0143,0.0163,0.0034,0.004,0.0025,0.0121
dual_slot,3,23000,22.763355942908674,22.852115042041987,0.6748735308647156,0.7232612371444702,15,0.355,0.645,0.0262,0.0095,0.014,0.0073,0.021,0.0274,0.0109,0.0177,0.0125,0.0285,0.0271,0.0096,0.0141,0.0101,0.0261,0.0168,0.0075,0.0093,0.0045,0.0164,0.0094,0.0028,0.0043,0.0029,0.0191
dual_slot,3,24000,23.776218365994282,23.868722834042273,0.6645909547805786,0.7135820984840393,16,0.3842000000000001,0.6158,0.0271,0.0105,0.0113,0.0076,0.0173,0.0282,0.0117,0.0192,0.012,0.0277,0.0297,0.0091,0.0144,0.0094,0.0257,0.0193,0.0084,0.0098,0.005,0.0157,0.0198,0.006,0.0076,0.0061,0.0256
dual_slot,3,25000,24.75996847078204,24.856227459036745,0.672054648399353,0.7426996231079102,17,0.4155,0.5845,0.0341,0.0139,0.0167,0.0094,0.0237,0.0299,0.0125,0.021,0.0121,0.0277,0.0312,0.0098,0.015,0.0103,0.0283,0.0213,0.0078,0.0098,0.0055,0.0161,0.0206,0.0054,0.0055,0.004,0.0239
dual_slot,3,26000,25.774785690009594,25.874875999987125,0.6747296452522278,0.7366459369659424,18,0.4200999999999999,0.5799000000000001,0.0348,0.0134,0.016,0.0108,0.0211,0.0296,0.0121,0.019,0.013,0.0308,0.0312,0.0091,0.0135,0.0095,0.0299,0.0198,0.008,0.0105,0.0058,0.0151,0.0194,0.0068,0.0086,0.0055,0.0268
dual_slot,3,27000,26.736148132011294,26.84005670901388,0.6662736535072327,0.7368645071983337,20,0.4423,0.5577,0.0311,0.0133,0.0186,0.0101,0.0288,0.0289,0.0124,0.0185,0.0133,0.0308,0.0314,0.0112,0.0164,0.0112,0.0304,0.0212,0.0093,0.0131,0.0075,0.0193,0.0209,0.0061,0.0086,0.0057,0.0242
dual_slot,3,28000,27.73422365472652,27.8419629590353,0.6694474220275879,0.7356284856796265,22,0.4655,0.5345,0.0295,0.0117,0.0174,0.01,0.0307,0.0306,0.0124,0.0195,0.0132,0.0337,0.032,0.01,0.0167,0.0103,0.0336,0.0243,0.0103,0.0142,0.0081,0.0213,0.0235,0.0083,0.0103,0.0066,0.0273
dual_slot,3,29000,28.71881455089897,28.83028779202141,0.6646629571914673,0.7296957969665527,21,0.48219999999999996,0.5178,0.0331,0.0139,0.018,0.0101,0.0313,0.0312,0.012,0.02,0.0137,0.0331,0.0324,0.0102,0.0157,0.0096,0.0328,0.0261,0.0106,0.016,0.0086,0.0242,0.0221,0.009,0.0131,0.0083,0.0271
dual_slot,3,30000,29.69521843525581,29.810905916965567,0.666598379611969,0.7337535619735718,22,0.49670000000000003,0.5033,0.0318,0.0132,0.0174,0.011,0.0333,0.0306,0.0133,0.0189,0.013,0.0328,0.0331,0.0109,0.0162,0.0096,0.0327,0.0262,0.0114,0.0165,0.0097,0.0273,0.0252,0.0107,0.015,0.0079,0.029
dual_slot,3,31000,30.68212726409547,30.801968959043734,0.6637462377548218,0.7344670295715332,22,0.5193,0.4807,0.0353,0.0155,0.0187,0.0107,0.0316,0.0329,0.0143,0.0212,0.0131,0.0334,0.034,0.0114,0.0165,0.0096,0.0335,0.0265,0.0119,0.0177,0.0098,0.0281,0.0271,0.0118,0.0149,0.0084,0.0314
dual_slot,3,32000,31.670677169924602,31.794485792052,0.662987470626831,0.7265378832817078,23,0.5328,0.4672,0.0321,0.0147,0.0167,0.0117,0.0336,0.0326,0.0144,0.0202,0.014,0.0332,0.0347,0.0128,0.017,0.01,0.0347,0.0285,0.0145,0.0177,0.0095,0.0299,0.0292,0.0138,0.0156,0.0096,0.0321
dual_slot,3,33000,32.66243270866107,32.790189084014855,0.6676514148712158,0.7448791861534119,24,0.55,0.44999999999999996,0.0361,0.0205,0.0189,0.0105,0.032,0.0339,0.0191,0.0226,0.0116,0.0305,0.0364,0.0151,0.0183,0.0103,0.0325,0.0278,0.017,0.0173,0.0101,0.0281,0.0305,0.0135,0.0167,0.0087,0.032
dual_slot,3,34000,33.619550455827266,33.75113108404912,0.6672340631484985,0.7335683107376099,24,0.5653999999999999,0.43460000000000004,0.0356,0.0233,0.0171,0.0105,0.0266,0.0323,0.0246,0.0226,0.0119,0.0311,0.0352,0.0202,0.018,0.0104,0.0318,0.0295,0.0235,0.0166,0.0103,0.028,0.0285,0.0207,0.0154,0.0089,0.0328
dual_slot,3,35000,34.61651703657117,34.75195345899556,0.6660165786743164,0.7482094764709473,23,0.6014,0.39859999999999995,0.0353,0.0314,0.0182,0.011,0.0322,0.0309,0.0276,0.0216,0.0114,0.0318,0.0352,0.0253,0.0177,0.01,0.035,0.0295,0.0276,0.0176,0.0095,0.0305,0.0287,0.0271,0.0158,0.0081,0.0324
dual_slot,3,36000,35.610621977364644,35.74985725001898,0.6582134962081909,0.7492181062698364,23,0.6047,0.3953,0.0356,0.0329,0.0169,0.0112,0.0305,0.0325,0.0301,0.0215,0.0114,0.0322,0.0356,0.026,0.017,0.0101,0.0335,0.029,0.0296,0.0167,0.0098,0.031,0.0288,0.0275,0.0149,0.0079,0.0325
dual_slot,3,37000,36.59445463400334,36.73775312502403,0.6610335111618042,0.7574270963668823,24,0.6287,0.3713,0.0359,0.0357,0.0163,0.0111,0.0312,0.0328,0.0309,0.0218,0.0112,0.0314,0.0376,0.029,0.0165,0.0109,0.0329,0.032,0.0311,0.0169,0.011,0.0315,0.0303,0.0298,0.0178,0.0099,0.0332
dual_slot,3,38000,37.55050364974886,37.69786145898979,0.6678535342216492,0.7615808248519897,25,0.6376000000000001,0.36239999999999994,0.0363,0.0348,0.0189,0.0115,0.0288,0.032,0.0326,0.0217,0.0105,0.0299,0.0391,0.029,0.0184,0.0127,0.0328,0.0322,0.0307,0.0165,0.0117,0.0315,0.0321,0.0321,0.0176,0.0101,0.0341
dual_slot,3,39000,38.505081302602775,38.65635379194282,0.6675550937652588,0.7508138418197632,23,0.6399,0.3601,0.0364,0.0343,0.0137,0.0099,0.0344,0.0334,0.0319,0.0196,0.0123,0.0331,0.0386,0.0291,0.0167,0.0111,0.0342,0.0341,0.0318,0.0172,0.0117,0.033,0.0319,0.0307,0.0174,0.0093,0.0341
dual_slot,3,40000,39.4909908096306,39.64633395895362,0.6633896827697754,0.7518181204795837,25,0.6640999999999999,0.33590000000000003,0.0368,0.036,0.0185,0.0108,0.0315,0.0337,0.0322,0.0232,0.0132,0.0328,0.0395,0.031,0.0198,0.0121,0.0346,0.0344,0.0339,0.0197,0.0114,0.0325,0.0316,0.0313,0.0202,0.01,0.0334
dual_slot,3,41000,40.48474300187081,40.6443125839578,0.6801297068595886,0.7578850388526917,25,0.6618999999999999,0.33810000000000007,0.0373,0.0337,0.018,0.0105,0.0296,0.0331,0.0313,0.026,0.0112,0.0302,0.0391,0.0311,0.0214,0.0133,0.0332,0.0341,0.0338,0.0206,0.0123,0.0315,0.0333,0.0328,0.0214,0.0103,0.0328
dual_slot,3,42000,41.4589990938548,41.622524542035535,0.6711827516555786,0.770696759223938,25,0.668,0.33240000000000003,0.0382,0.0329,0.0197,0.0122,0.0276,0.034,0.0313,0.0267,0.0122,0.0291,0.0404,0.0314,0.0222,0.0144,0.0327,0.0349,0.0341,0.0209,0.013,0.0312,0.033,0.0323,0.0209,0.0111,0.0316
dual_slot,3,43000,42.4207971857395,42.58828925003763,0.659178614616394,0.7357301115989685,25,0.6921999999999999,0.3078000000000001,0.04,0.0358,0.0253,0.0139,0.0288,0.0364,0.0307,0.0278,0.0136,0.0286,0.0399,0.0307,0.0231,0.0151,0.0325,0.036,0.0334,0.024,0.0139,0.0318,0.0335,0.0313,0.0244,0.011,0.0307
dual_slot,3,44000,43.415420098695904,43.58713245904073,0.6643174290657043,0.7397564053535461,25,0.7032,0.29679999999999995,0.0397,0.0343,0.0268,0.0143,0.0297,0.0368,0.0307,0.0298,0.0149,0.0292,0.0398,0.0296,0.0238,0.0153,0.0315,0.0358,0.033,0.0249,0.0149,0.0307,0.0336,0.0312,0.027,0.013,0.0329
dual_slot,3,45000,44.44142448040657,44.61734679201618,0.6692121028900146,0.7279210686683655,25,0.706,0.29400000000000004,0.0382,0.0333,0.0274,0.0147,0.0277,0.0358,0.0308,0.0302,0.0162,0.0293,0.0394,0.0298,0.0248,0.0171,0.0325,0.0346,0.0341,0.0261,0.0167,0.0302,0.0335,0.0315,0.0261,0.0139,0.0321
dual_slot,3,46000,45.408344510011375,45.588180833961815,0.6642494797706604,0.7598330974578857,25,0.725,0.2751,0.0386,0.0355,0.0275,0.0182,0.0266,0.0363,0.0327,0.0306,0.0211,0.0285,0.0401,0.0308,0.025,0.0208,0.0304,0.0348,0.0331,0.0264,0.0207,0.0292,0.0344,0.0302,0.0267,0.0173,0.0295
dual_slot,3,47000,46.36884768784512,46.552689208998345,0.676047146320343,0.730591893196106,25,0.7490000000000001,0.2512,0.0382,0.0359,0.0288,0.0254,0.0242,0.0363,0.0327,0.0305,0.0268,0.027,0.0402,0.0305,0.0243,0.027,0.0283,0.0358,0.0349,0.0257,0.0279,0.0254,0.035,0.0314,0.0252,0.0239,0.0277
dual_slot,3,48000,47.36859594087582,47.556951291975565,0.6677024364471436,0.7221541404724121,25,0.7607999999999999,0.23920000000000002,0.038,0.0372,0.0289,0.0286,0.0247,0.0369,0.0327,0.0307,0.0292,0.0251,0.039,0.0311,0.024,0.0282,0.0267,0.0356,0.036,0.0257,0.0286,0.0259,0.034,0.0327,0.0263,0.0264,0.0286
dual_slot,3,49000,48.37540644721594,48.567888666992076,0.6790434122085571,0.7481688857078552,25,0.7719,0.2283,0.038,0.0351,0.0296,0.0274,0.0269,0.0365,0.0322,0.0319,0.0287,0.0271,0.0402,0.032,0.0249,0.0281,0.0268,0.0361,0.0351,0.0271,0.0293,0.0273,0.034,0.0325,0.0278,0.027,0.0303
dual_slot,3,50000,49.34329498594161,49.53985566704068,0.6661810874938965,0.7446114420890808,25,0.7784,0.22160000000000002,0.0373,0.0351,0.028,0.0274,0.0272,0.0368,0.0325,0.0318,0.0291,0.0277,0.0398,0.0326,0.0246,0.0286,0.0284,0.0351,0.0355,0.0278,0.0293,0.0288,0.0348,0.033,0.0291,0.027,0.0311
