step,d_loss,g_loss,training_seconds,seconds_per_step,accepted_ema_0,accepted_ema_1,accepted_ema_2,accepted_ema_3,accepted_ema_4,accepted_ema_5,accepted_ema_6,accepted_ema_7,accepted_ema_8,accepted_ema_9,next_real_weight_0,next_real_weight_1,next_real_weight_2,next_real_weight_3,next_real_weight_4,next_real_weight_5,next_real_weight_6,next_real_weight_7,next_real_weight_8,next_real_weight_9
1000,0.5644178986549377,1.9585803747177124,23.696166385,0.023696166385000002,0.01019857106341824,0.02457033674299887,0.2751492914264554,0.03022516714808262,0.0006050324909967031,7.026358308357042e-06,0.02369710352264022,0.0013317960292181512,0.08935136617994512,0.1233300578319942,0.10000000149011612,0.10000000149011612,0.10000000149011612,0.10000000149011612,0.10000000149011612,0.10000000149011612,0.10000000149011612,0.10000000149011612,0.10000000149011612,0.10000000149011612
2000,0.5928589105606079,1.4753100872039795,46.979889969,0.023283723584,0.0008169551724442429,6.69332417962379e-05,0.1660574473038469,0.10172904779935148,0.010021668935905769,4.4339915109169e-06,0.3696151903055703,3.28544015231509e-05,0.01303445798888777,0.003657177766006041,0.10000000149011612,0.10000000149011612,0.10000000149011612,0.10000000149011612,0.10000000149011612,0.10000000149011612,0.10000000149011612,0.10000000149011612,0.10000000149011612,0.10000000149011612
3000,0.5462838411331177,1.8524718284606934,70.493411315,0.023513521346,0.0020060138583542697,3.329819113377248e-05,0.03249216818853429,0.01446665110702418,0.016670029313410828,0.0002457298930155651,0.6705028237531567,6.342117672218954e-06,0.011085816486617394,0.002594892926753761,0.10000000149011612,0.10000000149011612,0.10000000149011612,0.10000000149011612,0.10000000149011612,0.10000000149011612,0.10000000149011612,0.10000000149011612,0.10000000149011612,0.10000000149011612
4000,0.40132999420166016,1.8195432424545288,93.765841952,0.023272430636999998,0.002345325582396179,2.8071259603279897e-06,0.015109859831733395,0.051118737095582706,0.03525381405007985,0.00027988940823225303,0.4280176326262494,8.229827445456043e-05,0.07140187452451646,0.024033696634844184,0.10000000149011612,0.10000000149011612,0.10000000149011612,0.10000000149011612,0.10000000149011612,0.10000000149011612,0.10000000149011612,0.10000000149011612,0.10000000149011612,0.10000000149011612
5000,0.32149529457092285,2.0550646781921387,117.04407766700001,0.02327823571500001,0.006679883705556524,0.00014336553317205675,0.035556088057501524,0.05097441604699352,0.15527212836445475,0.0065683922801007205,0.17211419027825725,0.006646484637262206,0.0686023103765043,0.010933787603711088,0.10000000149011612,0.10000000149011612,0.10000000149011612,0.10000000149011612,0.10000000149011612,0.10000000149011612,0.10000000149011612,0.10000000149011612,0.10000000149011612,0.10000000149011612
6000,0.3780282735824585,1.8407158851623535,140.389874815,0.023345797148000003,0.00737974281140626,2.3397757703742717e-06,0.013316885825584147,0.02116304652611649,0.15773198247456083,0.0006245528610540404,0.18099085853572028,0.003494839255301171,0.17088989821045875,0.01517516714239482,0.10000000149011612,0.10000000149011612,0.10000000149011612,0.10000000149011612,0.10000000149011612,0.10000000149011612,0.10000000149011612,0.10000000149011612,0.10000000149011612,0.10000000149011612
7000,0.34112441539764404,2.210388422012329,163.834562336,0.023444687520999992,0.004736865093628536,0.00019496534012060067,0.01739076461482944,0.018691143887342367,0.17052655459214938,0.0029435753136369696,0.09856969904045658,0.006565241478703015,0.2096352107899546,0.01607197696253882,0.10000000149011612,0.10000000149011612,0.10000000149011612,0.10000000149011612,0.10000000149011612,0.10000000149011612,0.10000000149011612,0.10000000149011612,0.10000000149011612,0.10000000149011612
8000,0.3426886200904846,2.4579858779907227,187.362062816,0.023527500479999987,0.008788111907274087,0.00010712952100670495,0.017756993425400602,0.02036770402818925,0.17771527854179592,0.001743540653271427,0.13378045843973294,0.004811618391928337,0.1918849013432241,0.008526646401041853,0.10000000149011612,0.10000000149011612,0.10000000149011612,0.10000000149011612,0.10000000149011612,0.10000000149011612,0.10000000149011612,0.10000000149011612,0.10000000149011612,0.10000000149011612
9000,0.5190178155899048,1.5307148694992065,210.95521046,0.023593147643999998,0.009051366771433275,0.0008590281880433625,0.014946053791382705,0.025051105652856495,0.1944263282677584,0.0032115747556891268,0.1594253414358103,0.0072087282679964195,0.14631902882833195,0.013910865262247055,0.10000000149011612,0.10000000149011612,0.10000000149011612,0.10000000149011612,0.10000000149011612,0.10000000149011612,0.10000000149011612,0.10000000149011612,0.10000000149011612,0.10000000149011612
10000,0.42298075556755066,1.506436824798584,234.519812028,0.023564601568000002,0.008112557642627288,0.0006362380363824416,0.01051294498117586,0.01982719509961737,0.19008983505813037,0.004329316348828618,0.22576206912855315,0.003997686894867483,0.11013221348751741,0.011287980272634468,0.10000000149011612,0.10000000149011612,0.10000000149011612,0.10000000149011612,0.10000000149011612,0.10000000149011612,0.10000000149011612,0.10000000149011612,0.10000000149011612,0.10000000149011612
11000,0.5661823153495789,1.48191237449646,258.396765298,0.02387695327,0.014767799195599389,0.0010851385813636786,0.013438302137416215,0.025846245055933914,0.20032127337178626,0.005114052481210361,0.17800728530732463,0.006270605060435268,0.11564517889870064,0.018142590859239405,0.10000000149011612,0.10000000149011612,0.10000000149011612,0.10000000149011612,0.10000000149011612,0.10000000149011612,0.10000000149011612,0.10000000149011612,0.10000000149011612,0.10000000149011612
12000,0.555729866027832,1.5555704832077026,282.359105381,0.023962340083000015,0.012984607264475737,0.000982688396251028,0.007474447816309695,0.028005137585748525,0.25207338209264285,0.006948692702252294,0.12201707918315752,0.004430834065875588,0.13638689349219846,0.020069673901091226,0.10000000149011612,0.10000000149011612,0.10000000149011612,0.10000000149011612,0.10000000149011612,0.10000000149011612,0.10000000149011612,0.10000000149011612,0.10000000149011612,0.10000000149011612
13000,0.616229772567749,1.424131989479065,306.33772849400003,0.023978623113000027,0.017937272603909347,0.0010214195370109743,0.012982659622846459,0.03415610709267116,0.2224462417095881,0.009984724136747095,0.14555132557460052,0.0037821750481001125,0.11968133326696732,0.018835884846421375,0.10000000149011612,0.10000000149011612,0.10000000149011612,0.10000000149011612,0.10000000149011612,0.10000000149011612,0.10000000149011612,0.10000000149011612,0.10000000149011612,0.10000000149011612
14000,0.4541769027709961,1.515354037284851,330.356258621,0.024018530126999962,0.0207382096098713,0.0014309566385804443,0.009443769864396616,0.03990035327853769,0.2198677137226501,0.012061878634801394,0.1289073900644313,0.005224282698900804,0.13265375824548262,0.019028385624109065,0.10000000149011612,0.10000000149011612,0.10000000149011612,0.10000000149011612,0.10000000149011612,0.10000000149011612,0.10000000149011612,0.10000000149011612,0.10000000149011612,0.10000000149011612
15000,0.5211489200592041,1.6270155906677246,354.48559871199996,0.02412934009099996,0.021046606580049566,0.0012012368554076378,0.0073853707946627,0.04159498570789311,0.22176729129214068,0.010399987227204106,0.0983880024621746,0.00998718457579283,0.1543278126439786,0.024666612409977418,0.10000000149011612,0.10000000149011612,0.10000000149011612,0.10000000149011612,0.10000000149011612,0.10000000149011612,0.10000000149011612,0.10000000149011612,0.10000000149011612,0.10000000149011612
16000,0.4731093645095825,1.4526828527450562,378.57401153999996,0.024088412828000002,0.018210859048667143,0.0015084235485253253,0.010023929405426141,0.03328712279387226,0.23646248437303816,0.011179141803401911,0.10093587643365097,0.0077465471885196525,0.14645239174806085,0.02933091885277998,0.10000000149011612,0.10000000149011612,0.10000000149011612,0.10000000149011612,0.10000000149011612,0.10000000149011612,0.10000000149011612,0.10000000149011612,0.10000000149011612,0.10000000149011612
17000,0.4473940432071686,1.5686676502227783,402.67401107499995,0.024099999534999996,0.016370826187608496,0.0017354262113412054,0.008190021485887336,0.03557408471494896,0.22244343748910292,0.01229028910484905,0.0920203685813216,0.00921763918887812,0.15297347328552055,0.04347602643733475,0.10000000149011612,0.10000000149011612,0.10000000149011612,0.10000000149011612,0.10000000149011612,0.10000000149011612,0.10000000149011612,0.10000000149011612,0.10000000149011612,0.10000000149011612
18000,0.4781898856163025,1.6037356853485107,426.745259936,0.024071248861000073,0.016838634803467575,0.0016544143993137642,0.00848562317280402,0.03598864842612275,0.19643166734412648,0.01287159545633462,0.09201819116173504,0.010327642220657208,0.15763275559104192,0.048051193630179935,0.10000000149011612,0.10000000149011612,0.10000000149011612,0.10000000149011612,0.10000000149011612,0.10000000149011612,0.10000000149011612,0.10000000149011612,0.10000000149011612,0.10000000149011612
19000,0.576221227645874,1.6310133934020996,451.09800566900003,0.024352745733000006,0.017907906566975253,0.0030610771869953213,0.009562415895653585,0.03656233338716774,0.20722812724214668,0.011461928421897381,0.12789770254198207,0.008029525463500088,0.1376575241851034,0.03689259912483339,0.10000000149011612,0.10000000149011612,0.10000000149011612,0.10000000149011612,0.10000000149011612,0.10000000149011612,0.10000000149011612,0.10000000149011612,0.10000000149011612,0.10000000149011612
20000,0.5729273557662964,1.2612462043762207,475.25231935399995,0.02415431368499992,0.02205923616249814,0.00392185424536549,0.013488268333647831,0.032475364743527524,0.1835538690922624,0.01099084461505414,0.1455468169393191,0.007925496506211237,0.13778144822625657,0.034527278835899344,0.10000000149011612,0.10000000149011612,0.10000000149011612,0.10000000149011612,0.10000000149011612,0.10000000149011612,0.10000000149011612,0.10000000149011612,0.10000000149011612,0.10000000149011612
21000,0.5207421183586121,1.2446300983428955,499.151265051,0.023898945697000046,0.025703644384439638,0.003874556083847855,0.015305068289040977,0.03299914974715611,0.18238531373829134,0.01270203915655655,0.1430816368426925,0.010484114912428828,0.13086797247087806,0.033787387252856106,0.10000000149011612,0.10000000149011612,0.10000000149011612,0.10000000149011612,0.10000000149011612,0.10000000149011612,0.10000000149011612,0.10000000149011612,0.10000000149011612,0.10000000149011612
22000,0.6013758182525635,1.2532024383544922,523.1647597619999,0.024013494710999908,0.03067310562403067,0.005813827392323098,0.015514309081466938,0.037882947968321375,0.15838546963785127,0.01829359205166508,0.1558266703113682,0.01176141915359201,0.11727004239387831,0.0337020624999252,0.10000000149011612,0.10000000149011612,0.10000000149011612,0.10000000149011612,0.10000000149011612,0.10000000149011612,0.10000000149011612,0.10000000149011612,0.10000000149011612,0.10000000149011612
23000,0.5217939615249634,1.427890419960022,547.1833216559999,0.024018561893999958,0.026245009489745078,0.004596931423182517,0.013189473793822227,0.03469580038825536,0.1749307759107233,0.017696824296425544,0.11857759400650826,0.0158901215921773,0.1365481703129821,0.04056554127662891,0.10000000149011612,0.10000000149011612,0.10000000149011612,0.10000000149011612,0.10000000149011612,0.10000000149011612,0.10000000149011612,0.10000000149011612,0.10000000149011612,0.10000000149011612
24000,0.6446123123168945,1.4514738321304321,571.1053772349999,0.023922055579000016,0.030928467103838182,0.006191682895562608,0.016158464570048554,0.04236098378586006,0.15926060203558218,0.023619655535034555,0.12395339101854382,0.017292483232426076,0.12200696435527095,0.038282820441966244,0.10000000149011612,0.10000000149011612,0.10000000149011612,0.10000000149011612,0.10000000149011612,0.10000000149011612,0.10000000149011612,0.10000000149011612,0.10000000149011612,0.10000000149011612
25000,0.5405800938606262,1.150673270225525,595.0697072159999,0.023964329980999993,0.0379684432172305,0.006663606293649115,0.019955135480036322,0.04905838354095701,0.1545183983160051,0.019623362163362353,0.14145373456535765,0.0167788503096662,0.10633105020992724,0.030259357033833,0.10000000149011612,0.10000000149011612,0.10000000149011612,0.10000000149011612,0.10000000149011612,0.10000000149011612,0.10000000149011612,0.10000000149011612,0.10000000149011612,0.10000000149011612
26000,0.5253854990005493,1.2827751636505127,618.9873333529998,0.023917626136999957,0.03589808133861163,0.008812107873881843,0.02065482664923166,0.05098631963699522,0.15310903280634242,0.024343556146749802,0.14306649299053778,0.018378590114751125,0.10523533139345752,0.030936305548744214,0.10000000149011612,0.10000000149011612,0.10000000149011612,0.10000000149011612,0.10000000149011612,0.10000000149011612,0.10000000149011612,0.10000000149011612,0.10000000149011612,0.10000000149011612
27000,0.5674337148666382,1.0823897123336792,642.9357839719999,0.023948450619000028,0.03862752316776293,0.006526111841066575,0.019339182352510413,0.04692334890581043,0.15410966032490928,0.019619516260979273,0.16575443351546268,0.01747114600644248,0.10369360186271559,0.02494710927457226,0.10000000149011612,0.10000000149011612,0.10000000149011612,0.10000000149011612,0.10000000149011612,0.10000000149011612,0.10000000149011612,0.10000000149011612,0.10000000149011612,0.10000000149011612
28000,0.5714309215545654,1.1172611713409424,666.8652467589999,0.023929462787000033,0.04253805634479391,0.007912650952146254,0.02323501244119714,0.048405263321124964,0.14584080164443353,0.021262236568483396,0.16690930292218192,0.01829126485775598,0.09033941058374242,0.02824133687284646,0.10000000149011612,0.10000000149011612,0.10000000149011612,0.10000000149011612,0.10000000149011612,0.10000000149011612,0.10000000149011612,0.10000000149011612,0.10000000149011612,0.10000000149011612
29000,0.591119647026062,1.314337968826294,690.819456493,0.023954209734000073,0.04314645553899196,0.008338934361508676,0.02632693710684601,0.042447730515694844,0.1361881877392782,0.02396215243035419,0.15817611621824154,0.021205147523064148,0.0928012278299728,0.03170749779188868,0.10000000149011612,0.10000000149011612,0.10000000149011612,0.10000000149011612,0.10000000149011612,0.10000000149011612,0.10000000149011612,0.10000000149011612,0.10000000149011612,0.10000000149011612
30000,0.5330715179443359,1.3220404386520386,714.7566950869999,0.02393723859399995,0.04376713832487447,0.010351184310682863,0.02488122514007059,0.04538392164694396,0.12829800706739275,0.025076630332298303,0.16958855938409012,0.020476785975656272,0.0897512417654428,0.030843205013801014,0.10000000149011612,0.10000000149011612,0.10000000149011612,0.10000000149011612,0.10000000149011612,0.10000000149011612,0.10000000149011612,0.10000000149011612,0.10000000149011612,0.10000000149011612
31000,0.5382938981056213,1.4105737209320068,738.665987857,0.023909292770000094,0.04261867752229008,0.009045575116102426,0.025636490182641934,0.04617509260773241,0.13533252584843528,0.025438057176438267,0.14952237418877615,0.02199463807862039,0.09856890974042559,0.0364096633937645,0.10000000149011612,0.10000000149011612,0.10000000149011612,0.10000000149011612,0.10000000149011612,0.10000000149011612,0.10000000149011612,0.10000000149011612,0.10000000149011612,0.10000000149011612
32000,0.6000655889511108,1.2776272296905518,763.218324268,0.024552336410999943,0.04812874202048473,0.00811921610070518,0.028017060797357905,0.04965138141651067,0.13166760379437414,0.02922879313051837,0.1527837432999497,0.021099216678394282,0.096333162129528,0.03256274029781718,0.10000000149011612,0.10000000149011612,0.10000000149011612,0.10000000149011612,0.10000000149011612,0.10000000149011612,0.10000000149011612,0.10000000149011612,0.10000000149011612,0.10000000149011612
33000,0.5421808958053589,1.2366081476211548,787.8077782729999,0.024589454004999994,0.05343892376573949,0.011070815857561414,0.028327586987569646,0.04713161741314622,0.1328712983412308,0.028634371980863334,0.14175942363957644,0.022483858013531414,0.09339238560496037,0.03775354932858777,0.10000000149011612,0.10000000149011612,0.10000000149011612,0.10000000149011612,0.10000000149011612,0.10000000149011612,0.10000000149011612,0.10000000149011612,0.10000000149011612,0.10000000149011612
34000,0.5167553424835205,1.246375322341919,812.3266980809999,0.024518919807999966,0.052186218134797534,0.009142145675123439,0.026047901910811723,0.04752187274154793,0.1291343955586789,0.031075851545548858,0.13962611930104807,0.023487422432364534,0.09483670009513939,0.043953607039050636,0.10000000149011612,0.10000000149011612,0.10000000149011612,0.10000000149011612,0.10000000149011612,0.10000000149011612,0.10000000149011612,0.10000000149011612,0.10000000149011612,0.10000000149011612
35000,0.5846861600875854,1.265499472618103,836.3029148779999,0.023976216797000006,0.05008644998822961,0.01009391535069076,0.029173436743446676,0.05322728885207444,0.12217606036123001,0.031921401570516185,0.14353149709243854,0.022108977095019217,0.09160989888575695,0.040860877566818575,0.10000000149011612,0.10000000149011612,0.10000000149011612,0.10000000149011612,0.10000000149011612,0.10000000149011612,0.10000000149011612,0.10000000149011612,0.10000000149011612,0.10000000149011612
36000,0.4768315553665161,1.449074149131775,860.213140396,0.02391022551800006,0.04938501107174006,0.010641482926718274,0.033806245046450634,0.05819825234696107,0.12128112159952907,0.03311627317327675,0.1389243444303171,0.021031028202214058,0.0870076366507662,0.037928488920147184,0.10000000149011612,0.10000000149011612,0.10000000149011612,0.10000000149011612,0.10000000149011612,0.10000000149011612,0.10000000149011612,0.10000000149011612,0.10000000149011612,0.10000000149011612
37000,0.527739405632019,1.3090628385543823,884.143668916,0.023930528520000053,0.04982707058976235,0.008883420426149917,0.03001323665338284,0.05186330735203547,0.12301189267383685,0.029949230630711702,0.1482988841039213,0.026706904174611426,0.09809020314576719,0.03625367855219236,0.10000000149011612,0.10000000149011612,0.10000000149011612,0.10000000149011612,0.10000000149011612,0.10000000149011612,0.10000000149011612,0.10000000149011612,0.10000000149011612,0.10000000149011612
38000,0.5578811764717102,1.305712342262268,908.0761387960001,0.0239324698800001,0.05036692060701555,0.011546055697142421,0.030893869039409515,0.054012244292585325,0.13429407345675734,0.029736932769998045,0.13468382597389322,0.02827877397735045,0.09144261112040476,0.038566132833940184,0.10000000149011612,0.10000000149011612,0.10000000149011612,0.10000000149011612,0.10000000149011612,0.10000000149011612,0.10000000149011612,0.10000000149011612,0.10000000149011612,0.10000000149011612
39000,0.5361406803131104,1.35457181930542,932.0547280520002,0.023978589256000077,0.055632379850464625,0.012131007724942206,0.034175915383470784,0.05383959661979864,0.11915807680475905,0.028639195465459507,0.14323092037426977,0.02668920582115854,0.09054704670398689,0.0376173286856821,0.10000000149011612,0.10000000149011612,0.10000000149011612,0.10000000149011612,0.10000000149011612,0.10000000149011612,0.10000000149011612,0.10000000149011612,0.10000000149011612,0.10000000149011612
40000,0.5209293961524963,1.2555816173553467,955.9837789860003,0.02392905093400009,0.05476433855886632,0.0113962269428253,0.03409848343407659,0.05706173694068444,0.11559899712850039,0.03507290788927196,0.13672192342597014,0.026724052248502224,0.09397808274442343,0.038291887235128254,0.10000000149011612,0.10000000149011612,0.10000000149011612,0.10000000149011612,0.10000000149011612,0.10000000149011612,0.10000000149011612,0.10000000149011612,0.10000000149011612,0.10000000149011612
41000,0.6055561304092407,1.364861011505127,979.7516421370003,0.02376786315100003,0.05815051321147768,0.011232477659434144,0.03148920414037074,0.06198716368646284,0.11865258105253722,0.03356300726727051,0.13016906891830152,0.028610244317077312,0.0905571092726942,0.038913062544385896,0.10000000149011612,0.10000000149011612,0.10000000149011612,0.10000000149011612,0.10000000149011612,0.10000000149011612,0.10000000149011612,0.10000000149011612,0.10000000149011612,0.10000000149011612
42000,0.5580343008041382,1.1864361763000488,1003.6135525970003,0.02386191045999999,0.054125682231404806,0.011123988325900332,0.03146716984598986,0.06429556096263578,0.12091165548592606,0.03361616513208276,0.13707147238273493,0.02436245300059878,0.09453652627440433,0.03855623095273918,0.10000000149011612,0.10000000149011612,0.10000000149011612,0.10000000149011612,0.10000000149011612,0.10000000149011612,0.10000000149011612,0.10000000149011612,0.10000000149011612,0.10000000149011612
43000,0.5232027173042297,1.6015734672546387,1027.4824932760002,0.023868940678999934,0.05432946190022962,0.010494187368403613,0.031409890107257095,0.06566372372080032,0.11867655512159218,0.03403586270569292,0.1311457653395201,0.028507191892356877,0.09603424150617518,0.04295159514045617,0.10000000149011612,0.10000000149011612,0.10000000149011612,0.10000000149011612,0.10000000149011612,0.10000000149011612,0.10000000149011612,0.10000000149011612,0.10000000149011612,0.10000000149011612
44000,0.5307744741439819,1.2507413625717163,1051.3843096280002,0.02390181635199997,0.05505308543381433,0.010784647980101033,0.036256766595454445,0.06522235207011304,0.1138759690177602,0.034276760579831145,0.14200319153052546,0.024191264346895468,0.08822285631849242,0.03951195756343876,0.10000000149011612,0.10000000149011612,0.10000000149011612,0.10000000149011612,0.10000000149011612,0.10000000149011612,0.10000000149011612,0.10000000149011612,0.10000000149011612,0.10000000149011612
45000,0.5074323415756226,1.56473970413208,1075.2719098910002,0.023887600262999967,0.056971626883477025,0.01065769069423435,0.036452315397033495,0.06528346338150082,0.11483133817474403,0.036660197583386456,0.12876299419008463,0.028589228225848834,0.09215961653820966,0.03812796031450013,0.10000000149011612,0.10000000149011612,0.10000000149011612,0.10000000149011612,0.10000000149011612,0.10000000149011612,0.10000000149011612,0.10000000149011612,0.10000000149011612,0.10000000149011612
46000,0.48559439182281494,1.8002477884292603,1099.1696377340004,0.023897727843000212,0.05511714063705122,0.012495874781549522,0.03432425690763693,0.06356054604491308,0.11665158711983387,0.03629439674612041,0.13214867871737987,0.027062326725936676,0.09081330135628894,0.03888342758730559,0.10000000149011612,0.10000000149011612,0.10000000149011612,0.10000000149011612,0.10000000149011612,0.10000000149011612,0.10000000149011612,0.10000000149011612,0.10000000149011612,0.10000000149011612
47000,0.5127825736999512,1.4235897064208984,1123.0783762090005,0.023908738475000062,0.057500772080012544,0.010783150204325354,0.036069455231792454,0.06412066954923958,0.11206348150086855,0.0318209564136758,0.13163904501459628,0.027387981241259206,0.09087517642269183,0.043137834181716225,0.10000000149011612,0.10000000149011612,0.10000000149011612,0.10000000149011612,0.10000000149011612,0.10000000149011612,0.10000000149011612,0.10000000149011612,0.10000000149011612,0.10000000149011612
48000,0.4647325873374939,1.6044803857803345,1146.9917245310005,0.023913348322000046,0.05456830172002203,0.010876002775943607,0.033054498559171495,0.06771067558096674,0.11369541443969504,0.03547779370243495,0.132745215790296,0.027149074632766834,0.08847893819796357,0.042565667902934125,0.10000000149011612,0.10000000149011612,0.10000000149011612,0.10000000149011612,0.10000000149011612,0.10000000149011612,0.10000000149011612,0.10000000149011612,0.10000000149011612,0.10000000149011612
49000,0.4704906642436981,1.6540735960006714,1170.9027383360005,0.023911013805000037,0.0532539771798067,0.010321538764902041,0.03390066741934232,0.06368115765499388,0.11747414340910473,0.035189166925593554,0.13731540567672582,0.02939900284447925,0.0893678397475617,0.04272852222847273,0.10000000149011612,0.10000000149011612,0.10000000149011612,0.10000000149011612,0.10000000149011612,0.10000000149011612,0.10000000149011612,0.10000000149011612,0.10000000149011612,0.10000000149011612
50000,0.46021658182144165,1.5729455947875977,1194.8053744200006,0.02390263608400005,0.05530768672003968,0.011637347268701104,0.03391941754128296,0.0654030175338402,0.10905280272450751,0.03820865537657178,0.1320095111870615,0.03209349797466069,0.08498364818093804,0.04304145254480576,0.10000000149011612,0.10000000149011612,0.10000000149011612,0.10000000149011612,0.10000000149011612,0.10000000149011612,0.10000000149011612,0.10000000149011612,0.10000000149011612,0.10000000149011612
51000,0.47117602825164795,1.551103949546814,1218.5366480710006,0.02373127365100004,0.05377367070365326,0.012530986748289877,0.036410870279335976,0.0674190324622973,0.1090188863333661,0.03713871933688194,0.13216240943275656,0.028265034034303825,0.09292300042031346,0.042048598973393636,0.10000000149011612,0.10000000149011612,0.10000000149011612,0.10000000149011612,0.10000000149011612,0.10000000149011612,0.10000000149011612,0.10000000149011612,0.10000000149011612,0.10000000149011612
52000,0.4905092716217041,1.673948049545288,1242.3338434860007,0.023797195415000034,0.054799289381874276,0.011901060563807943,0.036857837199741866,0.06266524236250039,0.11656782113249385,0.0355322397789078,0.12761057423642427,0.02841971353215552,0.0926802223443619,0.0479623841246323,0.10000000149011612,0.10000000149011612,0.10000000149011612,0.10000000149011612,0.10000000149011612,0.10000000149011612,0.10000000149011612,0.10000000149011612,0.10000000149011612,0.10000000149011612
53000,0.5077812075614929,1.6235547065734863,1266.1737931350008,0.023839949649000117,0.06005397026865545,0.010823994733124979,0.03809451476105952,0.0654940390158312,0.10785935703919708,0.034206733003980964,0.1323966634736045,0.02713176863477223,0.08660709097363549,0.04704636197640035,0.10000000149011612,0.10000000149011612,0.10000000149011612,0.10000000149011612,0.10000000149011612,0.10000000149011612,0.10000000149011612,0.10000000149011612,0.10000000149011612,0.10000000149011612
54000,0.43693798780441284,1.5311286449432373,1290.0325563540007,0.02385876321899991,0.0541957208372625,0.011690666520712281,0.03683433031524386,0.05884279660444849,0.11728188048305771,0.03641126831982214,0.12141330291580023,0.03035317570434866,0.10120689278613215,0.04733579929142433,0.10000000149011612,0.10000000149011612,0.10000000149011612,0.10000000149011612,0.10000000149011612,0.10000000149011612,0.10000000149011612,0.10000000149011612,0.10000000149011612,0.10000000149011612
55000,0.4470909833908081,1.6671724319458008,1313.9262132970007,0.023893656942999997,0.05646995255753052,0.012524313418551175,0.03451023470522073,0.06611248242554552,0.11312968570494959,0.03521280990121471,0.12788412868983037,0.029504305237497287,0.09131335361940525,0.04500607650529928,0.10000000149011612,0.10000000149011612,0.10000000149011612,0.10000000149011612,0.10000000149011612,0.10000000149011612,0.10000000149011612,0.10000000149011612,0.10000000149011612,0.10000000149011612
56000,0.4853895306587219,1.7905642986297607,1337.7929022020007,0.023866688905000048,0.06102094724661625,0.011384426095630546,0.03455956038688046,0.06257702630349975,0.10892744052340043,0.034109330969629835,0.13857791790280502,0.032118108856903256,0.09192099647790575,0.045293020526886926,0.10000000149011612,0.10000000149011612,0.10000000149011612,0.10000000149011612,0.10000000149011612,0.10000000149011612,0.10000000149011612,0.10000000149011612,0.10000000149011612,0.10000000149011612
57000,0.4668045938014984,1.5967994928359985,1361.6845941530007,0.023891691950999983,0.05766090395456713,0.011436823590923585,0.03812051429604628,0.06737831430348727,0.11198157424818084,0.038728925880082914,0.12384985711525234,0.0321934363719189,0.0926523337976715,0.04339020641009875,0.10000000149011612,0.10000000149011612,0.10000000149011612,0.10000000149011612,0.10000000149011612,0.10000000149011612,0.10000000149011612,0.10000000149011612,0.10000000149011612,0.10000000149011612
58000,0.4537765681743622,1.3612838983535767,1385.5699841360006,0.02388538998299987,0.05699046042640331,0.011638543080118476,0.03843490232956495,0.06536142184668517,0.11230507371491992,0.040242557073438504,0.1255896387089144,0.033644928125077606,0.0905379958003746,0.040629011045120476,0.10000000149011612,0.10000000149011612,0.10000000149011612,0.10000000149011612,0.10000000149011612,0.10000000149011612,0.10000000149011612,0.10000000149011612,0.10000000149011612,0.10000000149011612
59000,0.38878539204597473,1.6270856857299805,1409.4613138790005,0.023891329742999914,0.058464794304452505,0.012570604218623355,0.03565221915267301,0.07038895336138391,0.11574843621045537,0.038396294287757676,0.1267012329618062,0.028357321962361404,0.08839720378703023,0.04579232181147682,0.10000000149011612,0.10000000149011612,0.10000000149011612,0.10000000149011612,0.10000000149011612,0.10000000149011612,0.10000000149011612,0.10000000149011612,0.10000000149011612,0.10000000149011612
60000,0.42015260457992554,1.7311747074127197,1433.3689883410007,0.02390767446200016,0.06048465859168169,0.011440684688176854,0.037779071917386185,0.06934076904300807,0.1169498070858511,0.03486300723912501,0.12735711222037394,0.028573437190599814,0.08537116430304294,0.043936968579580786,0.10000000149011612,0.10000000149011612,0.10000000149011612,0.10000000149011612,0.10000000149011612,0.10000000149011612,0.10000000149011612,0.10000000149011612,0.10000000149011612,0.10000000149011612
61000,0.40159285068511963,1.6765871047973633,1457.1247920280007,0.023755803687000025,0.05474675627237628,0.011198808532518777,0.03673079740420492,0.06928439269116919,0.11777977305735425,0.037153663929914656,0.13305844364927485,0.029051099367309333,0.08377330879010889,0.042537716484608024,0.10000000149011612,0.10000000149011612,0.10000000149011612,0.10000000149011612,0.10000000149011612,0.10000000149011612,0.10000000149011612,0.10000000149011612,0.10000000149011612,0.10000000149011612
62000,0.48470717668533325,1.808148741722107,1480.9655221230007,0.023840730095000026,0.06147380141236974,0.011602222196846469,0.03909964703798456,0.07218658823750532,0.1120325583058301,0.034217622538074435,0.1352783431846189,0.02851552372018852,0.08429497376080691,0.04040667322345115,0.10000000149011612,0.10000000149011612,0.10000000149011612,0.10000000149011612,0.10000000149011612,0.10000000149011612,0.10000000149011612,0.10000000149011612,0.10000000149011612,0.10000000149011612
63000,0.3908100426197052,1.8544031381607056,1504.8189628670007,0.023853440743999955,0.05863957510082861,0.012164023771092703,0.040534597500945645,0.07257250185484962,0.1144051973865286,0.038078706851589726,0.12496660853831829,0.028298837401536256,0.0886874781136823,0.04132408413459294,0.10000000149011612,0.10000000149011612,0.10000000149011612,0.10000000149011612,0.10000000149011612,0.10000000149011612,0.10000000149011612,0.10000000149011612,0.10000000149011612,0.10000000149011612
64000,0.4292341470718384,1.9317872524261475,1528.6962635200007,0.02387730065300002,0.0554138663206325,0.010538571678486033,0.037729841449849394,0.0768587048419574,0.11242036896896436,0.03511257111868548,0.13582971288238757,0.02741467795250712,0.08786264689327984,0.04275888547411674,0.10000000149011612,0.10000000149011612,0.10000000149011612,0.10000000149011612,0.10000000149011612,0.10000000149011612,0.10000000149011612,0.10000000149011612,0.10000000149011612,0.10000000149011612
65000,0.4224663972854614,2.237489938735962,1552.5716968670006,0.0238754333469999,0.05739814755957606,0.012462339510733405,0.042253404865221264,0.07766753820304025,0.11001736257653548,0.039472392891751945,0.1313293427160689,0.029476764812531756,0.08178256726028121,0.039716677352099085,0.10000000149011612,0.10000000149011612,0.10000000149011612,0.10000000149011612,0.10000000149011612,0.10000000149011612,0.10000000149011612,0.10000000149011612,0.10000000149011612,0.10000000149011612
66000,0.3633708953857422,1.8268539905548096,1576.4768353360007,0.023905138469000123,0.06011111493503076,0.00988553592427334,0.04204379826459204,0.0750309193207578,0.11175737334196499,0.037318467760613025,0.13414147299612506,0.02905139333861267,0.08426443002624229,0.040024029019033784,0.10000000149011612,0.10000000149011612,0.10000000149011612,0.10000000149011612,0.10000000149011612,0.10000000149011612,0.10000000149011612,0.10000000149011612,0.10000000149011612,0.10000000149011612
67000,0.41806691884994507,2.0082616806030273,1600.391448555001,0.02391461321900033,0.05846411703592873,0.011211387894977007,0.038737404412203524,0.07631065381673532,0.1169817532998968,0.03981098674686496,0.136467395835712,0.02819283005719042,0.0797125240884522,0.03801464034409939,0.10000000149011612,0.10000000149011612,0.10000000149011612,0.10000000149011612,0.10000000149011612,0.10000000149011612,0.10000000149011612,0.10000000149011612,0.10000000149011612,0.10000000149011612
68000,0.30804717540740967,1.941344141960144,1624.9964113940007,0.024604962838999656,0.05813158971612911,0.010194669109027445,0.03886485615629595,0.07660292958255625,0.11971996384081027,0.03935288759205138,0.1334060450840299,0.028994825401601424,0.08188027365280928,0.039950655559197704,0.10000000149011612,0.10000000149011612,0.10000000149011612,0.10000000149011612,0.10000000149011612,0.10000000149011612,0.10000000149011612,0.10000000149011612,0.10000000149011612,0.10000000149011612
69000,0.4221915602684021,1.9946231842041016,1649.6874293620006,0.02469101796799987,0.060591334340010426,0.011165614749368152,0.042435432932787745,0.07442415777631295,0.10741200381230316,0.03765499486672112,0.1335109669046719,0.02711334901626166,0.08327030360204657,0.04151720435877206,0.10000000149011612,0.10000000149011612,0.10000000149011612,0.10000000149011612,0.10000000149011612,0.10000000149011612,0.10000000149011612,0.10000000149011612,0.10000000149011612,0.10000000149011612
70000,0.42761796712875366,1.656872034072876,1674.3955291350005,0.024708099772999956,0.05687565976688407,0.01029936511265133,0.04020022700207461,0.07438190289542507,0.11231935295333599,0.036942091065309456,0.13665810742618054,0.02678268069197231,0.08588163848778783,0.03951495474655828,0.10000000149011612,0.10000000149011612,0.10000000149011612,0.10000000149011612,0.10000000149011612,0.10000000149011612,0.10000000149011612,0.10000000149011612,0.10000000149011612,0.10000000149011612
71000,0.37403666973114014,2.163400650024414,1698.6911466990002,0.024295617563999714,0.056457184730415874,0.011317621364176461,0.038918325485525526,0.07531616593573214,0.11135124171577078,0.04032477290881744,0.14170484108306425,0.026288408605272602,0.08444506107377184,0.03839651418158204,0.10000000149011612,0.10000000149011612,0.10000000149011612,0.10000000149011612,0.10000000149011612,0.10000000149011612,0.10000000149011612,0.10000000149011612,0.10000000149011612,0.10000000149011612
72000,0.33958154916763306,2.320645809173584,1722.6983048570003,0.024007158158000037,0.05418579122841353,0.013310609308859064,0.039295272404047905,0.07125485003886597,0.11067544511275881,0.03934610890365982,0.13692047137855076,0.02691540386443765,0.08371304507406724,0.03963410749490126,0.10000000149011612,0.10000000149011612,0.10000000149011612,0.10000000149011612,0.10000000149011612,0.10000000149011612,0.10000000149011612,0.10000000149011612,0.10000000149011612,0.10000000149011612
73000,0.3417244553565979,2.1148059368133545,1746.5314449690002,0.02383314011199991,0.058703405163266165,0.012292440273289474,0.04126398744772458,0.07407835644641556,0.11146084837376419,0.03900045158788911,0.14092152350384562,0.026878268444595586,0.0822721616504725,0.03752590611841447,0.10000000149011612,0.10000000149011612,0.10000000149011612,0.10000000149011612,0.10000000149011612,0.10000000149011612,0.10000000149011612,0.10000000149011612,0.10000000149011612,0.10000000149011612
74000,0.4238457679748535,2.313363552093506,1770.356759295,0.023825314325999897,0.055516521308574485,0.011599095091750078,0.0426556336125033,0.07777803518759835,0.11194385629518666,0.0387280864853347,0.13588080396881985,0.028734187350234183,0.08048631398229422,0.04247530313364145,0.10000000149011612,0.10000000149011612,0.10000000149011612,0.10000000149011612,0.10000000149011612,0.10000000149011612,0.10000000149011612,0.10000000149011612,0.10000000149011612,0.10000000149011612
75000,0.3242001533508301,2.6029396057128906,1794.224273997,0.02386751470199988,0.05864072401862115,0.012220555146986835,0.041345516144168246,0.07339162816322127,0.10794286736744282,0.03881506707778931,0.13785012502032326,0.02727677735378347,0.0827836982123579,0.04206378682623687,0.10000000149011612,0.10000000149011612,0.10000000149011612,0.10000000149011612,0.10000000149011612,0.10000000149011612,0.10000000149011612,0.10000000149011612,0.10000000149011612,0.10000000149011612
76000,0.37237364053726196,2.287766933441162,1818.120450532,0.023896176534999994,0.06033502549765057,0.012630496958731743,0.042726697338126333,0.07408435262704496,0.10919848126145128,0.03861337841965824,0.13580698892747453,0.026305193122497808,0.08118049243746434,0.04014266237411111,0.10000000149011612,0.10000000149011612,0.10000000149011612,0.10000000149011612,0.10000000149011612,0.10000000149011612,0.10000000149011612,0.10000000149011612,0.10000000149011612,0.10000000149011612
77000,0.30852746963500977,2.2843570709228516,1842.0401914730003,0.023919740941000328,0.056561266012890694,0.011609341105294713,0.045643745530154364,0.07961560653581466,0.11487282947266472,0.039242809123897604,0.14314115891716883,0.02718563006958547,0.07644341922662337,0.03755578958880465,0.10000000149011612,0.10000000149011612,0.10000000149011612,0.10000000149011612,0.10000000149011612,0.10000000149011612,0.10000000149011612,0.10000000149011612,0.10000000149011612,0.10000000149011612
78000,0.38345271348953247,2.6032252311706543,1865.9503722430002,0.023910180769999897,0.0555182447257425,0.01170409710901199,0.043430098396422784,0.08552886173286244,0.11390915071106464,0.037751324580223074,0.13666584632123766,0.0263676972982525,0.07881778977273446,0.03755143926728055,0.10000000149011612,0.10000000149011612,0.10000000149011612,0.10000000149011612,0.10000000149011612,0.10000000149011612,0.10000000149011612,0.10000000149011612,0.10000000149011612,0.10000000149011612
79000,0.33074715733528137,2.251533031463623,1889.872692607,0.023922320363999914,0.0554997047832867,0.0122479459842547,0.04531674671977985,0.07596789146967416,0.11433127537045938,0.03951388385444313,0.1435032946237963,0.028252040780615044,0.07919827317358646,0.037779494413577024,0.10000000149011612,0.10000000149011612,0.10000000149011612,0.10000000149011612,0.10000000149011612,0.10000000149011612,0.10000000149011612,0.10000000149011612,0.10000000149011612,0.10000000149011612
80000,0.3545570969581604,2.6418416500091553,1913.790582332,0.023917889724999895,0.05636034809732323,0.011386660194742276,0.044709002949122875,0.07876032622202313,0.10955001539383245,0.03873030944656557,0.14283389730837995,0.02734108203539075,0.07658336916091295,0.03697266107235028,0.10000000149011612,0.10000000149011612,0.10000000149011612,0.10000000149011612,0.10000000149011612,0.10000000149011612,0.10000000149011612,0.10000000149011612,0.10000000149011612,0.10000000149011612
81000,0.3485843539237976,2.6039175987243652,1937.5282277970002,0.02373764546500024,0.055098150852041186,0.012827697761016053,0.04705677084985224,0.08141832838931767,0.11205223628694912,0.040203753053041004,0.14606506238802583,0.02513328218519355,0.07047220683164633,0.037568159070551735,0.10000000149011612,0.10000000149011612,0.10000000149011612,0.10000000149011612,0.10000000149011612,0.10000000149011612,0.10000000149011612,0.10000000149011612,0.10000000149011612,0.10000000149011612
82000,0.30268484354019165,2.459678888320923,1961.3457023490002,0.02381747455200002,0.054743176361955644,0.01178316540694695,0.04654379641855197,0.08088122386696993,0.11393651708455906,0.037964528198971066,0.14342369688601952,0.029466971520304475,0.07388470982857367,0.040343703115995305,0.10000000149011612,0.10000000149011612,0.10000000149011612,0.10000000149011612,0.10000000149011612,0.10000000149011612,0.10000000149011612,0.10000000149011612,0.10000000149011612,0.10000000149011612
83000,0.3717957139015198,2.192152500152588,1985.206452406,0.023860750056999676,0.052350171293443395,0.011521972439907094,0.04311220475915121,0.08128504684955426,0.11408985408546193,0.03781170003760122,0.139149622500167,0.027490259975351063,0.07745365719178743,0.03946100716243453,0.10000000149011612,0.10000000149011612,0.10000000149011612,0.10000000149011612,0.10000000149011612,0.10000000149011612,0.10000000149011612,0.10000000149011612,0.10000000149011612,0.10000000149011612
84000,0.37990474700927734,2.7479095458984375,2008.988449841,0.023781997434999994,0.053891616749637834,0.011122973447256422,0.04214930068421906,0.08228671515301855,0.1140589455273095,0.039574108792039965,0.14423882109140715,0.0280095384153715,0.07548152534522971,0.03659850415824868,0.10000000149011612,0.10000000149011612,0.10000000149011612,0.10000000149011612,0.10000000149011612,0.10000000149011612,0.10000000149011612,0.10000000149011612,0.10000000149011612,0.10000000149011612
85000,0.31256622076034546,2.8495748043060303,2032.817196667,0.023828746826000044,0.05386511286875728,0.011190005949475534,0.04450721105051017,0.07948099352810035,0.11447331604259936,0.040060541206345536,0.1442753094224173,0.026839123652534137,0.07664571108592481,0.03885483365224501,0.10000000149011612,0.10000000149011612,0.10000000149011612,0.10000000149011612,0.10000000149011612,0.10000000149011612,0.10000000149011612,0.10000000149011612,0.10000000149011612,0.10000000149011612
86000,0.2694893777370453,2.635098695755005,2056.6896136349997,0.023872416967999924,0.05186022910685535,0.01189165889446898,0.04639556552502266,0.07967819998516161,0.11668995135272402,0.03981177359259535,0.14522461408755213,0.02594255209062997,0.07417421654559218,0.03727777982344439,0.10000000149011612,0.10000000149011612,0.10000000149011612,0.10000000149011612,0.10000000149011612,0.10000000149011612,0.10000000149011612,0.10000000149011612,0.10000000149011612,0.10000000149011612
87000,0.2866278290748596,2.2740941047668457,2080.5569247679996,0.02386731113299993,0.05084153484375894,0.01151646125440628,0.04528873480575534,0.07616550781042285,0.12096342711599703,0.039734099713708546,0.14834209027816073,0.026135759445054522,0.07614797420824879,0.040028101192371386,0.10000000149011612,0.10000000149011612,0.10000000149011612,0.10000000149011612,0.10000000149011612,0.10000000149011612,0.10000000149011612,0.10000000149011612,0.10000000149011612,0.10000000149011612
88000,0.3029986619949341,2.5682907104492188,2104.4474593249997,0.02389053455700014,0.05389452725722067,0.01172915910508359,0.04153485592241593,0.07849945000358853,0.11397114370886258,0.038914815047842645,0.1503537016413678,0.025994144803262238,0.07930640083843357,0.03800837943312504,0.10000000149011612,0.10000000149011612,0.10000000149011612,0.10000000149011612,0.10000000149011612,0.10000000149011612,0.10000000149011612,0.10000000149011612,0.10000000149011612,0.10000000149011612
89000,0.414821058511734,3.0742106437683105,2128.3382445459997,0.023890785220999987,0.05392757905140466,0.011174003061059378,0.046133733004379666,0.07996606443535786,0.11358173953509262,0.041156511360168284,0.13963628858427807,0.027836660891392882,0.07561698718982525,0.039180009824056,0.10000000149011612,0.10000000149011612,0.10000000149011612,0.10000000149011612,0.10000000149011612,0.10000000149011612,0.10000000149011612,0.10000000149011612,0.10000000149011612,0.10000000149011612
90000,0.28563037514686584,2.650347948074341,2152.244617257,0.023906372711000132,0.05571350258000994,0.011324217237004356,0.04694654486529693,0.07983419799961,0.11122204975005882,0.03969978879221798,0.14461860302235022,0.025816465258419886,0.07637606837173319,0.03446156956806593,0.10000000149011612,0.10000000149011612,0.10000000149011612,0.10000000149011612,0.10000000149011612,0.10000000149011612,0.10000000149011612,0.10000000149011612,0.10000000149011612,0.10000000149011612
91000,0.32788118720054626,2.8384833335876465,2175.9924579,0.023747840643000017,0.05930904220776543,0.01286321199343962,0.047006537273541316,0.07758681306720179,0.10877835127260668,0.040064565191531495,0.1435783265594442,0.02632159730010797,0.07391560271467042,0.03771169148784296,0.10000000149011612,0.10000000149011612,0.10000000149011612,0.10000000149011612,0.10000000149011612,0.10000000149011612,0.10000000149011612,0.10000000149011612,0.10000000149011612,0.10000000149011612
92000,0.3255269527435303,2.7141923904418945,2199.809650524,0.0238171926240002,0.05382507054507367,0.014115530960556278,0.04537998402671549,0.07960565502411368,0.11434185507741175,0.04067375394153001,0.14231698356352876,0.02799727502865873,0.07514525362321622,0.037428267499552095,0.10000000149011612,0.10000000149011612,0.10000000149011612,0.10000000149011612,0.10000000149011612,0.10000000149011612,0.10000000149011612,0.10000000149011612,0.10000000149011612,0.10000000149011612
93000,0.3863043785095215,2.5546576976776123,2223.6731598990004,0.023863509375000376,0.05042235615365977,0.012198850925656004,0.044864107849497646,0.08249394906160193,0.11247958793927178,0.04072651816312335,0.14607811506715215,0.026772024233719105,0.07776490048050733,0.03721017367629243,0.10000000149011612,0.10000000149011612,0.10000000149011612,0.10000000149011612,0.10000000149011612,0.10000000149011612,0.10000000149011612,0.10000000149011612,0.10000000149011612,0.10000000149011612
94000,0.2983112335205078,3.4013969898223877,2247.5431715420004,0.023870011642999997,0.05157589743825359,0.010758516476595786,0.04499165207477304,0.07888933094003447,0.11777778006134099,0.0389219111083447,0.15064418267112806,0.02761836306007622,0.07248762436521257,0.035537573357361275,0.10000000149011612,0.10000000149011612,0.10000000149011612,0.10000000149011612,0.10000000149011612,0.10000000149011612,0.10000000149011612,0.10000000149011612,0.10000000149011612,0.10000000149011612
95000,0.31559130549430847,2.6773486137390137,2271.4565458470006,0.02391337430500016,0.05705472455246645,0.010759338475099843,0.045911278769850516,0.07450724538720165,0.11330719794427048,0.04052043998265185,0.1496814971737377,0.02518577521550506,0.0746314715520553,0.033959901413873964,0.10000000149011612,0.10000000149011612,0.10000000149011612,0.10000000149011612,0.10000000149011612,0.10000000149011612,0.10000000149011612,0.10000000149011612,0.10000000149011612,0.10000000149011612
96000,0.28839367628097534,3.1012163162231445,2295.3790639990007,0.023922518152000066,0.05136599849795245,0.011047540398361607,0.04472749472059796,0.07603688260249417,0.12209001893929511,0.04097056317670354,0.14332247713990648,0.02554010237834156,0.0783229087098648,0.03533125556785855,0.10000000149011612,0.10000000149011612,0.10000000149011612,0.10000000149011612,0.10000000149011612,0.10000000149011612,0.10000000149011612,0.10000000149011612,0.10000000149011612,0.10000000149011612
97000,0.2320799082517624,2.892826557159424,2319.292834878001,0.023913770879000366,0.05393001669707609,0.01074439455857032,0.04709800280099361,0.07763401800381473,0.11657916767869614,0.03813181206838665,0.15286537396823988,0.02605933486748058,0.07957508578231384,0.036452181498100714,0.10000000149011612,0.10000000149011612,0.10000000149011612,0.10000000149011612,0.10000000149011612,0.10000000149011612,0.10000000149011612,0.10000000149011612,0.10000000149011612,0.10000000149011612
98000,0.2920902371406555,2.8140554428100586,2343.206117207001,0.02391328232900014,0.05278655276625159,0.011086145075006883,0.045831256721361194,0.07818066465456687,0.11779878520343673,0.04028366823589456,0.14776117079559575,0.025316677863775033,0.07630911953345554,0.03614738067553787,0.10000000149011612,0.10000000149011612,0.10000000149011612,0.10000000149011612,0.10000000149011612,0.10000000149011612,0.10000000149011612,0.10000000149011612,0.10000000149011612,0.10000000149011612
99000,0.3171738088130951,2.766077995300293,2367.306041646001,0.024099924439000005,0.05468132752861238,0.012956131772824035,0.045304742182931165,0.08045454778093221,0.11897660018213502,0.0409435730704873,0.14717456330661405,0.026128332153011018,0.07434286758983338,0.03408158829385863,0.10000000149011612,0.10000000149011612,0.10000000149011612,0.10000000149011612,0.10000000149011612,0.10000000149011612,0.10000000149011612,0.10000000149011612,0.10000000149011612,0.10000000149011612
100000,0.24125191569328308,3.0628271102905273,2391.248327827001,0.02394228618099987,0.05270726357408574,0.010536757877134812,0.0450570154337838,0.08104201023572599,0.11669658847484218,0.041275032883745844,0.1495338228999731,0.024403153000632366,0.07659736348144824,0.03290763137175734,0.10000000149011612,0.10000000149011612,0.10000000149011612,0.10000000149011612,0.10000000149011612,0.10000000149011612,0.10000000149011612,0.10000000149011612,0.10000000149011612,0.10000000149011612
