method,seed,step,training_seconds,wall_seconds,d_loss,g_loss,coverage,valid_fraction,mode_tv,mode_0_mass,mode_1_mass,mode_2_mass,mode_3_mass,mode_4_mass,mode_5_mass,mode_6_mass,mode_7_mass,mode_8_mass
vanilla,1,0,0.0,0.002983290993142873,nan,nan,1,0.8592,0.8888888888888888,0.0,0.0,0.0,0.0,0.8592,0.0,0.0,0.0,0.0
vanilla,1,1000,1.0905829705297947,1.0969212079653516,0.6079665422439575,0.8202437162399292,9,0.1372,0.8627999999999999,0.0157,0.0196,0.0143,0.0146,0.0173,0.0144,0.0135,0.014,0.0138
vanilla,1,2000,2.122800389362965,2.1324737499817275,0.5772212743759155,0.9225537776947021,8,0.5671,0.45546666666666663,0.121,0.0252,0.1013,0.0246,0.0047,0.0252,0.1165,0.0302,0.1184
vanilla,1,3000,3.151158677530475,3.163973582966719,0.5280687212944031,1.0184674263000488,8,0.6702,0.46565555555555554,0.1452,0.024,0.1371,0.0166,0.0031,0.0205,0.1337,0.0257,0.1643
vanilla,1,4000,4.184386042761616,4.200349374965299,0.5329681634902954,1.06706702709198,8,0.7197,0.48135555555555554,0.1593,0.0189,0.1575,0.0162,0.0013,0.016,0.1628,0.0218,0.1659
vanilla,1,5000,5.227630475652404,5.246732749976218,0.507046103477478,1.1963355541229248,8,0.7629,0.4973555555555556,0.1825,0.0149,0.1643,0.0136,0.0008,0.0126,0.1826,0.0163,0.1753
vanilla,1,6000,6.260354084253777,6.282673290988896,0.5075709223747253,1.107356309890747,8,0.8016000000000001,0.5012555555555556,0.1831,0.0151,0.1778,0.0125,0.0009,0.0101,0.1961,0.0157,0.1903
vanilla,1,7000,7.295533763302956,7.321312582993414,0.47934481501579285,1.1871973276138306,8,0.8261999999999999,0.5075555555555555,0.1963,0.0128,0.1827,0.0107,0.0006,0.01,0.1975,0.0139,0.2017
vanilla,1,8000,8.319522336823866,8.348778790968936,0.46489250659942627,1.225501298904419,6,0.8368,0.5132555555555556,0.1999,0.0108,0.191,0.0097,0.001,0.0093,0.1939,0.0115,0.2097
vanilla,1,9000,9.376949902216438,9.409545665956102,0.49132826924324036,1.0781290531158447,6,0.8509,0.5164555555555556,0.2176,0.009,0.1764,0.0102,0.0007,0.0077,0.2156,0.0115,0.2022
vanilla,1,10000,10.417516899120528,10.453679582977202,0.4579576849937439,1.196138858795166,5,0.8665,0.5170555555555555,0.2105,0.0097,0.1899,0.009,0.0003,0.0081,0.205,0.0114,0.2226
vanilla,1,11000,11.459513473149855,11.499689874995966,0.4807940721511841,1.2039599418640137,5,0.8734000000000001,0.5218555555555555,0.2073,0.0088,0.1952,0.0075,0.0006,0.0062,0.216,0.0106,0.2212
vanilla,1,12000,12.488648737489711,12.5323922909447,0.5112521052360535,1.1227877140045166,5,0.8594,0.5232555555555556,0.2172,0.0091,0.1869,0.0063,0.0002,0.0066,0.2195,0.0101,0.2035
vanilla,1,13000,13.538057606259827,13.585142374970019,0.4736975431442261,1.2264577150344849,4,0.8904000000000001,0.5250555555555555,0.2122,0.0082,0.1998,0.0058,0.0004,0.0067,0.2174,0.0094,0.2305
vanilla,1,14000,14.588771907321643,14.639444207947236,0.5238405466079712,1.0947933197021484,4,0.8966000000000001,0.5276555555555555,0.214,0.008,0.2002,0.0058,0.0003,0.0056,0.2156,0.0082,0.2389
vanilla,1,15000,15.636424822558183,15.690574499953073,0.46636566519737244,1.143970012664795,4,0.9037,0.5276555555555555,0.2177,0.0073,0.2032,0.0067,0.0006,0.0045,0.2229,0.0088,0.232
vanilla,1,16000,16.665043521672487,16.722548249992542,0.4946002662181854,1.180389404296875,4,0.9035,0.5284555555555556,0.2109,0.0065,0.2118,0.0062,0.0002,0.006,0.2131,0.0082,0.2406
vanilla,1,17000,17.720987347129267,17.782011374947615,0.5081575512886047,1.1120253801345825,4,0.9049999999999999,0.5304555555555556,0.2139,0.0068,0.2164,0.004,0.0001,0.0057,0.2232,0.0085,0.2264
vanilla,1,18000,18.79879009030992,18.863253374991473,0.5152611136436462,1.1229345798492432,4,0.9112,0.5312555555555556,0.2184,0.0065,0.2155,0.0056,0.0,0.006,0.2223,0.0062,0.2307
vanilla,1,19000,19.829311542911455,19.897117832966615,0.4969075918197632,1.236925482749939,4,0.9145999999999999,0.5348555555555556,0.2181,0.0047,0.214,0.0037,0.0001,0.0047,0.2244,0.0075,0.2374
vanilla,1,20000,20.924201167887077,20.995377624989487,0.48141688108444214,1.2272816896438599,4,0.8839,0.5335555555555556,0.2029,0.0073,0.2021,0.0035,0.0001,0.0047,0.2057,0.0064,0.2512
vanilla,1,21000,21.961064867849927,22.035890999948606,0.47233009338378906,1.1598536968231201,4,0.9197000000000001,0.5343555555555555,0.2281,0.006,0.2102,0.0045,0.0003,0.0041,0.2182,0.0063,0.242
vanilla,1,22000,23.024385955533944,23.102712915977463,0.48031944036483765,1.2657570838928223,4,0.9198000000000001,0.5325555555555554,0.2314,0.0068,0.2056,0.0039,0.0001,0.0049,0.2154,0.0073,0.2444
vanilla,1,23000,24.052923843439203,24.134619374992326,0.48039722442626953,1.2397501468658447,4,0.9304,0.5346555555555556,0.2269,0.0059,0.2085,0.0048,0.0004,0.0037,0.2264,0.0061,0.2477
vanilla,1,24000,25.085217961808667,25.170326040999498,0.5030227899551392,1.161877155303955,4,0.9086,0.5328555555555555,0.2224,0.0053,0.2021,0.005,0.0001,0.005,0.2278,0.0073,0.2336
vanilla,1,25000,26.12834988668328,26.216827749973163,0.47725507616996765,1.1813499927520752,4,0.9289000000000001,0.5363555555555555,0.2233,0.0053,0.2157,0.0037,0.0003,0.004,0.2169,0.0059,0.2538
vanilla,1,26000,27.199601165542845,27.291600665950682,0.44833385944366455,1.1594583988189697,4,0.9188,0.5375555555555556,0.2166,0.0048,0.2115,0.0043,0.0002,0.0038,0.2186,0.0049,0.2541
vanilla,1,27000,28.230361250869464,28.325733207981102,0.4845772981643677,1.1008926630020142,4,0.9348000000000001,0.5354555555555556,0.2118,0.0054,0.2253,0.0046,0.0002,0.0044,0.2191,0.0055,0.2585
vanilla,1,28000,29.273680419137236,29.372450208000373,0.5035662651062012,1.2023675441741943,4,0.9263,0.5393555555555556,0.2272,0.005,0.2176,0.0042,0.0,0.0036,0.2165,0.0034,0.2488
vanilla,1,29000,30.326933732023463,30.4293133749743,0.44977277517318726,1.2504864931106567,4,0.9309,0.5386555555555557,0.2176,0.004,0.2263,0.0041,0.0001,0.0034,0.2198,0.0053,0.2503
vanilla,1,30000,31.3666765265516,31.472582582966425,0.49813076853752136,1.1760690212249756,4,0.9301,0.5385555555555557,0.2202,0.005,0.2229,0.0038,0.0002,0.0032,0.2192,0.0048,0.2508
vanilla,1,31000,32.414587731822394,32.523948165995535,0.4920746386051178,1.2072789669036865,4,0.9097000000000001,0.5383555555555555,0.2066,0.0042,0.2121,0.0039,0.0,0.0037,0.2143,0.0054,0.2595
vanilla,1,32000,33.44387017568806,33.556592540990096,0.4464975595474243,1.1458370685577393,4,0.9424,0.5362555555555555,0.2227,0.0048,0.2341,0.0044,0.0003,0.004,0.2145,0.0058,0.2518
vanilla,1,33000,34.48293978325091,34.59921795799164,0.4880802631378174,1.1886394023895264,4,0.9168999999999998,0.5370555555555556,0.1991,0.0056,0.2369,0.0034,0.0,0.0037,0.2098,0.0058,0.2526
vanilla,1,34000,35.51070000970503,35.630528415960725,0.47384345531463623,1.124070405960083,4,0.9130999999999999,0.5386555555555557,0.1986,0.0051,0.2293,0.0033,0.0001,0.0035,0.2176,0.0049,0.2507
vanilla,1,35000,36.55167774995789,36.674958124989644,0.48858916759490967,1.1954396963119507,4,0.9398,0.5409555555555556,0.2192,0.005,0.236,0.0025,0.0001,0.0034,0.2142,0.0036,0.2558
vanilla,1,36000,37.58556310168933,37.71258824999677,0.4673547148704529,1.2471263408660889,4,0.9396,0.5424555555555555,0.2217,0.0038,0.2353,0.0022,0.0,0.0031,0.2193,0.004,0.2502
vanilla,1,37000,38.64185688091675,38.77276429097401,0.4662373661994934,1.2069242000579834,4,0.9441,0.5387555555555557,0.2243,0.0051,0.2345,0.003,0.0,0.0037,0.2287,0.005,0.2398
vanilla,1,38000,39.676876977668144,39.81166862498503,0.47623199224472046,1.1943105459213257,4,0.9383,0.5413555555555556,0.2166,0.0043,0.2424,0.0031,0.0,0.0023,0.2164,0.0045,0.2487
vanilla,1,39000,40.717386822914705,40.85579212498851,0.4523533284664154,1.2432632446289062,4,0.945,0.5423555555555557,0.2183,0.0046,0.2415,0.0031,0.0,0.0021,0.229,0.0034,0.243
vanilla,1,40000,41.749359947803896,41.89115120796487,0.47093814611434937,1.2815254926681519,4,0.9426,0.5424555555555555,0.2188,0.0037,0.2355,0.0022,0.0001,0.0024,0.2266,0.0047,0.2486
vanilla,1,41000,42.798807700164616,42.94427066599019,0.4638238549232483,1.255368709564209,4,0.9455,0.5394555555555556,0.2283,0.0048,0.2291,0.0032,0.0001,0.0037,0.2283,0.0043,0.2437
vanilla,1,42000,43.84618291683728,43.995144749991596,0.46518975496292114,1.0921379327774048,4,0.9478,0.5405555555555556,0.2317,0.0054,0.2309,0.0024,0.0,0.0039,0.231,0.0033,0.2392
vanilla,1,43000,44.88971778273117,45.04223037499469,0.439187616109848,1.2011384963989258,4,0.9213999999999999,0.5412555555555556,0.2284,0.0041,0.2165,0.003,0.0,0.0029,0.2171,0.0043,0.2451
vanilla,1,44000,45.930557231476996,46.0864934999845,0.4674776792526245,1.1914511919021606,4,0.9491999999999999,0.5420555555555557,0.2248,0.0046,0.2346,0.0021,0.0,0.0022,0.2312,0.0046,0.2451
vanilla,1,45000,46.973911461711396,47.133434082963504,0.4589875638484955,1.1949007511138916,4,0.9385,0.5426555555555557,0.2295,0.0038,0.2347,0.0027,0.0,0.0022,0.2226,0.0042,0.2388
vanilla,1,46000,48.02006717788754,48.18330391595373,0.4525797367095947,1.154222011566162,4,0.941,0.5401555555555557,0.2304,0.0041,0.2246,0.0025,0.0,0.0036,0.2228,0.0052,0.2478
vanilla,1,47000,49.06752357503865,49.2346456249943,0.5125219821929932,1.1473077535629272,4,0.9395,0.5426555555555556,0.229,0.0032,0.2288,0.0025,0.0001,0.0025,0.2309,0.0046,0.2379
vanilla,1,48000,50.22554659668822,50.39668158296263,0.470854252576828,1.204021692276001,4,0.9434,0.5406555555555554,0.2232,0.0038,0.2318,0.0027,0.0,0.0029,0.2287,0.0055,0.2448
vanilla,1,49000,51.27473543927772,51.449569374963176,0.5199337005615234,1.1375210285186768,4,0.9430000000000001,0.5406555555555554,0.2311,0.003,0.2284,0.003,0.0,0.0036,0.2213,0.0053,0.2473
vanilla,1,50000,52.43933711381396,52.618252540996764,0.4724560081958771,1.1902154684066772,4,0.9494,0.5420555555555556,0.2337,0.0043,0.2295,0.0021,0.0001,0.0023,0.2217,0.0047,0.251
