method,seed,step,training_seconds,wall_seconds,d_loss,g_loss,coverage,valid_fraction,mode_tv,mode_0_mass,mode_1_mass,mode_2_mass,mode_3_mass,mode_4_mass,mode_5_mass,mode_6_mass,mode_7_mass,mode_8_mass,d_pair_rms_before_mean,d_pair_rms_after_mean,reference_weight_0,reference_weight_1,reference_weight_2,reference_weight_3,reference_weight_4,reference_weight_5,reference_weight_6,reference_weight_7,reference_weight_8,ema_mass_0,ema_mass_1,ema_mass_2,ema_mass_3,ema_mass_4,ema_mass_5,ema_mass_6,ema_mass_7,ema_mass_8
paired_deficit,1,0,0.0,0.010931500000879169,nan,nan,1,0.8592,0.8888888888888888,0.0,0.0,0.0,0.0,0.8592,0.0,0.0,0.0,0.0,0.0,0.0,0.1111111111111111,0.1111111111111111,0.1111111111111111,0.1111111111111111,0.1111111111111111,0.1111111111111111,0.1111111111111111,0.1111111111111111,0.1111111111111111,0.1111111111111111,0.1111111111111111,0.1111111111111111,0.1111111111111111,0.1111111111111111,0.1111111111111111,0.1111111111111111,0.1111111111111111,0.1111111111111111
paired_deficit,1,1000,1.8147421134635806,1.831624124897644,0.6349340677261353,0.8597555160522461,1,0.06379999999999997,0.9361999999999999,0.0,0.0,0.0,0.0638,0.0,0.0,0.0,0.0,0.0,0.0,0.0,0.1061831485474024,0.1056335206172779,0.11349474002781065,0.09407502221575495,0.12007129042489542,0.11161889122319407,0.1182033123934883,0.11499560638572873,0.11572446816444754,0.023704203558328904,0.024641055918351615,0.011241442191033046,0.04543650940225684,3.157380075397674e-05,0.014438865908660982,0.003215581620003509,0.008683183935897213,0.007440823713467474
paired_deficit,1,2000,3.5970052608754486,3.6184824999654666,0.7385921478271484,0.7418258190155029,0,0.0006000000000000449,0.9994,0.0,0.0,0.0,0.0,0.0,0.0,0.0006,0.0,0.0,0.0,0.0,0.10507990910613269,0.10754669108445367,0.11714326178869747,0.09478800248396801,0.12207982803175128,0.11339783982733966,0.1029781707582585,0.11845269587780259,0.11853360104159609,0.028109907552808715,0.024031005158949684,0.008162770526791128,0.04512790222256658,1.3630803640447446e-09,0.014355944766937424,0.031585198702878015,0.005997579647503576,0.0058638003880582355
paired_deficit,1,3000,5.299148444086313,5.325302958954126,0.608705997467041,0.8850645422935486,0,0.0,1.0,0.0,0.0,0.0,0.0,0.0,0.0,0.0,0.0,0.0,0.0,0.0,0.09807882900320611,0.09364735138078423,0.11150573094341246,0.11798499576442392,0.1204603512170973,0.1089426733576073,0.11805991332687024,0.11725168094197647,0.11406847406462191,0.0379319805021639,0.045442404554773365,0.015176201081429103,0.004195207719590512,5.884587963678518e-14,0.019520045501009862,0.004068238182361505,0.005438022362900042,0.010832889613307124
paired_deficit,1,4000,7.022163665853441,7.056147374911234,0.7109975814819336,0.9552895426750183,1,0.42389999999999994,0.888888888888889,0.0,0.0,0.0,0.0,0.0,0.0,0.0,0.4239,0.0,0.0,0.0,0.10957227713572441,0.11207102931572971,0.1166136125005463,0.10396640427586486,0.11959884687743633,0.11288772374701354,0.09979635379965815,0.10694625417898336,0.11854749816904331,0.017221517645697418,0.012929690443701732,0.005127403271757052,0.026850098592377632,2.540450028897437e-18,0.01152694574418737,0.03401252798841364,0.02567725612911068,0.0018057841115938955
paired_deficit,1,5000,8.689715254236944,8.72839133394882,0.6376343369483948,0.9573392868041992,1,0.43510000000000004,0.8888888888888888,0.0,0.0,0.0,0.0,0.0,0.0,0.0,0.4351,0.0,0.0,0.0,0.10985732572783653,0.11265283888739935,0.11621022096364937,0.10645766075631785,0.12012153846748316,0.1156731277811984,0.10127899132776642,0.09893985258788973,0.11880844350045916,0.01748696992503388,0.012724300270157416,0.0066636471097884535,0.02327892305578954,1.096743967319445e-22,0.007578683904786163,0.03210173673335257,0.040461888817808836,0.002237098234370041
paired_deficit,1,6000,10.387610085657798,10.431228416971862,0.49102964997291565,1.1509075164794922,1,0.025700000000000056,0.9742999999999999,0.0,0.0,0.0,0.0,0.0,0.0,0.0257,0.0,0.0,0.0,0.0,0.1067617304976404,0.10265720796508046,0.11467661297640538,0.08799871483988092,0.11993224305566211,0.11376124429760616,0.11926393630280172,0.11773921066109133,0.11720909940383145,0.022504363576954598,0.02951773279668722,0.008980258711156597,0.0545645984616732,4.734780515929421e-27,0.010544342831945639,0.0011809936193127248,0.0037472192616680544,0.004653016694915783
paired_deficit,1,7000,12.129890059004538,12.179942541988567,0.5474454760551453,1.028417706489563,0,0.0,1.0,0.0,0.0,0.0,0.0,0.0,0.0,0.0,0.0,0.0,0.0,0.0,0.12004070827608039,0.08167748056092423,0.1051586192628365,0.11951831169049329,0.12152131966638681,0.10277625843407653,0.1194621034861554,0.1147490936910475,0.11509610493199939,0.0024689663665544365,0.06644086308523856,0.027285320933544677,0.0033400792110601764,2.044063810883515e-31,0.031257983036318174,0.003433808171233822,0.01129290120911385,0.010714248979139284
paired_deficit,1,8000,13.92519372573588,13.981049541966058,0.641624927520752,1.0441616773605347,0,0.0,1.0,0.0,0.0,0.0,0.0,0.0,0.0,0.0,0.0,0.0,0.0,0.0,0.11693085709398349,0.11656810412025737,0.12095540323067783,0.10988917383516289,0.12189265923344371,0.12040621740980668,0.11236587259023674,0.09514417613227596,0.08584753635415523,0.008227646446411743,0.008829162414061282,0.0015541552854773143,0.019904145954611614,8.824478450282429e-36,0.002464813679445777,0.01579729099782921,0.044354259954059554,0.05976992206313877
paired_deficit,1,9000,15.63116976141464,15.692628999939188,0.5926846265792847,1.078262448310852,0,0.0,1.0,0.0,0.0,0.0,0.0,0.0,0.0,0.0,0.0,0.0,0.0,0.0,0.0831959626545565,0.09507379134319661,0.1120856925117234,0.12055131419465917,0.12220383652171014,0.1092893380098772,0.12088367013179037,0.11800621393810051,0.11871018069438613,0.06438074715784332,0.044776923371091626,0.016699543108452352,0.0027274140208945205,3.809637424471615e-40,0.021314800857700045,0.0021788754456385736,0.006927987901616559,0.005766122328058228
paired_deficit,1,10000,17.315562107833102,17.382428249926306,0.6346745491027832,1.067471981048584,1,0.4406,0.8888888888888888,0.0,0.0,0.0,0.0,0.0,0.0,0.0,0.0,0.4406,0.0,0.0,0.1159034527818639,0.1151474697654314,0.1193808860755974,0.10872276823689925,0.12068710359654243,0.11905732954459537,0.10470472618538909,0.09063894067895305,0.1057573231347281,0.008079058542927666,0.009355830465425853,0.0022060573044192745,0.020206442640247877,1.6446679979676537e-44,0.002752508593859294,0.02699247243625362,0.050748032564109,0.029472564800468917
paired_deficit,1,11000,19.11351727996953,19.192559291957878,0.6080909967422485,1.0976924896240234,1,0.07569999999999999,0.9243,0.0,0.0757,0.0,0.0,0.0,0.0,0.0,0.0,0.0,0.0,0.0,0.11852024399834014,0.1182073437991068,0.11121731047594548,0.11486942191789598,0.11912202340358514,0.07778712659938791,0.1170930922262674,0.10943432897163023,0.11374910860784085,0.0010413624795891925,0.001817202548844793,0.013678885290891877,0.007359008283174701,7.100236904865274e-49,0.0715288862570116,0.0035110088236854995,0.016764285063985557,0.009297679225229949
paired_deficit,1,12000,20.81047726108227,20.89417554193642,0.5489614009857178,1.2381715774536133,1,0.5824,0.8888888888888888,0.0,0.0,0.0,0.0,0.0,0.0,0.5824,0.0,0.0,0.0,0.0,0.10531698342495635,0.10192253975343668,0.1181247079274733,0.09623555428399228,0.12030209738637901,0.11353136569261096,0.10679902629647323,0.11850549493753863,0.11926223029713957,0.025458696158066736,0.031225626611940133,0.0036992375763550797,0.04088743068594667,3.0652608409422294e-53,0.011503015686313017,0.028800180452910246,0.003052306173954737,0.0017666639264721782
paired_deficit,1,13000,22.6041407675948,22.695233208942227,0.5731843709945679,1.1126840114593506,0,0.0,1.0,0.0,0.0,0.0,0.0,0.0,0.0,0.0,0.0,0.0,0.0,0.0,0.11995869116488203,0.11994878488298547,0.12170281869727938,0.11798799181484712,0.12232483541949764,0.0633724062079881,0.11596833635424116,0.11011089999502643,0.10862523546325267,0.0038981380140401286,0.003914458259081611,0.0010247502980926893,0.007144794694261519,1.323311341425182e-57,0.09712201818681088,0.010472104815313653,0.020122021675680685,0.02256960084424631
paired_deficit,1,14000,24.29319951951038,24.388984666904435,0.5267660617828369,1.293853759765625,0,0.0,1.0,0.0,0.0,0.0,0.0,0.0,0.0,0.0,0.0,0.0,0.0,0.0,0.10600425109693401,0.09504420978399503,0.1181726701208079,0.09006937818378417,0.12064242689123238,0.11231160524335007,0.11950141048353648,0.1186757183417025,0.11957832985465743,0.024739233955008107,0.04326224051043993,0.004174009891266331,0.05166994954289473,5.712900132199605e-62,0.014079496562999514,0.001928373607009601,0.003323833762611716,0.0017983761029097731
paired_deficit,1,15000,26.02305823226925,26.124167333939113,0.4455273747444153,1.298751950263977,1,0.024399999999999977,0.9756,0.0,0.0,0.0,0.0,0.0,0.0244,0.0,0.0,0.0,0.0,0.0,0.12229593545700902,0.12117513711118216,0.12310699528080978,0.11717353124161375,0.12403683667278123,0.06105075249505958,0.11741562953445397,0.10021186734829697,0.11353331485879353,0.0027963719517328685,0.004596686081807497,0.0014935841071923436,0.011024378999804067,2.4663302503956905e-66,0.10187630906601193,0.010635501750752065,0.03826953268013629,0.01687157980530278
paired_deficit,1,16000,27.713034512358718,27.82080862496514,0.4812577962875366,1.4990127086639404,1,0.35719999999999996,0.888888888888889,0.3572,0.0,0.0,0.0,0.0,0.0,0.0,0.0,0.0,0.0,0.0,0.11754782487508003,0.07018575495095687,0.1127468295167942,0.1199612990285179,0.12112134130681826,0.10373096833716738,0.12011076182314585,0.11479214801501669,0.11980307214650276,0.00931561634616239,0.0854548517179457,0.014049954352677085,0.0019462079063176823,1.0647455343622194e-70,0.02917590332736544,0.0016954535346481768,0.010618514734794646,0.0022116658249902894
paired_deficit,1,17000,29.462929128552787,29.575633958913386,0.4586309790611267,1.7404654026031494,1,0.05130000000000001,0.9486999999999999,0.0,0.0,0.0,0.0,0.0,0.0,0.0513,0.0,0.0,0.0,0.0,0.11637755446278858,0.10461102232903367,0.1210183097849941,0.07258398806728542,0.12270983381514954,0.11991809523629159,0.09963172320888505,0.12204121428238603,0.12110825881318595,0.010372395427542126,0.02964620147917857,0.0027707489104093633,0.08210709987754679,4.59663928933444e-75,0.0045729215119738355,0.03893520175174386,0.0010952116605240673,0.0026234106713942207
paired_deficit,1,18000,31.212378242751583,31.330027624964714,0.38521555066108704,1.6500580310821533,0,0.0,1.0,0.0,0.0,0.0,0.0,0.0,0.0,0.0,0.0,0.0,0.0,0.0,0.12239489377963006,0.12199369475980432,0.12415965274134631,0.11224479562740075,0.1245900190753911,0.05555555555555555,0.12139928165827767,0.0998095169713537,0.11785258983124056,0.003497728094379045,0.004137001435992703,0.0006857487453541921,0.01967096592108309,1.9844265201740793e-79,0.13228144940747008,0.0050841434551255876,0.039485426444443895,0.010735467172039607
paired_deficit,1,19000,32.92357203492429,33.049441708950326,0.4984572231769562,1.5609030723571777,1,0.25,0.8888888888888888,0.0,0.0,0.0,0.0,0.0,0.0,0.25,0.0,0.0,0.0,0.0,0.11784038493172319,0.10078850812628512,0.12181205522939699,0.057530686008856385,0.1232227568062493,0.11645793970326532,0.11823292922840636,0.12264942650829073,0.12146531345752663,0.008749599440420223,0.03646918018159883,0.0022932406038023486,0.10678922216602146,8.56701682707061e-84,0.010996906441739543,0.010611478285162528,0.0009320074069828182,0.0028569050409412715
paired_deficit,1,20000,34.669850057922304,34.80138404190075,0.45409682393074036,1.4967753887176514,1,0.4575,0.888888888888889,0.0,0.4575,0.0,0.0,0.0,0.0,0.0,0.0,0.0,0.0,0.0,0.11982870287656472,0.09571810683326196,0.11023020284896148,0.11685882785065144,0.12122971632877394,0.08907551902717317,0.11837822904941715,0.1130867378887705,0.1155939572964256,0.0023466075230893666,0.04737874438883513,0.018423478405113953,0.007320957389219399,3.698488030127355e-88,0.053856214705044876,0.00477605799657446,0.013638965734079881,0.009439534304808702
paired_deficit,1,21000,36.41787893313449,36.554786666994914,0.43553102016448975,1.7273346185684204,1,0.08509999999999995,0.9149,0.0,0.0,0.0,0.0,0.0,0.0,0.0,0.0851,0.0,0.0,0.0,0.11889389581241668,0.11125637561207657,0.12012541181742284,0.09459811923188577,0.12220459671958395,0.11963521255151345,0.10574430630252463,0.08618227119143354,0.1213598107611426,0.00546410110975388,0.018069342045925682,0.003431562333730321,0.04556273384598614,1.596683417939848e-92,0.004240605019240637,0.027166661579127914,0.06070255533901287,0.0013942654508689349
paired_deficit,1,22000,38.187488455325365,38.33119708392769,0.4084513187408447,1.9898500442504883,1,0.010600000000000054,0.9894000000000001,0.0,0.0106,0.0,0.0,0.0,0.0,0.0,0.0,0.0,0.0,0.0,0.12082778329758947,0.09656496331117548,0.09282782060941057,0.11802204180972331,0.1213088559375272,0.10225211523864261,0.11934450093419847,0.11139946132220496,0.11745245753952788,0.0008047959583129754,0.04178517360953208,0.04764648873734429,0.0054985765270811685,6.893081487237591e-97,0.031880399382234755,0.003286208435332067,0.016577622740657324,0.006451445346707386
paired_deficit,1,23000,39.9420290425187,40.09233270899858,0.5367502570152283,1.4455792903900146,0,0.0,1.0,0.0,0.0,0.0,0.0,0.0,0.0,0.0,0.0,0.0,0.0,0.0,0.11030534918148749,0.10785358612127152,0.11885357221800927,0.11183937399829824,0.12164678886199064,0.11700803603140837,0.07150179031550567,0.12073576737714195,0.12025573589488682,0.018876306318433834,0.022956937336065304,0.004648934744693813,0.016323127607623604,2.975829263073596e-101,0.007720582380392152,0.08345962942677113,0.0015162731624134796,0.0023152212286908815
paired_deficit,1,24000,41.67494617076591,41.830294999992475,0.5339788794517517,1.9154062271118164,1,0.4932000000000001,0.8888888888888888,0.0,0.0,0.0,0.0,0.0,0.4932,0.0,0.0,0.0,0.0,0.0,0.1190793094008046,0.11815554381681312,0.1194060143514431,0.108143648667278,0.1204217390962249,0.1052760319701774,0.11466545068784093,0.09735188909139449,0.09750037291802346,0.0022764907450374184,0.0038430113678416616,0.001722464862696088,0.02082117173330191,1.2847026136802584e-105,0.030332510354705088,0.00976150731182208,0.03912182530270624,0.03887002659901115
paired_deficit,1,25000,43.42863583518192,43.58992941689212,0.6017760038375854,1.643430233001709,0,0.0,1.0,0.0,0.0,0.0,0.0,0.0,0.0,0.0,0.0,0.0,0.0,0.0,0.11983856389568816,0.12057630242505783,0.10891375656663677,0.11742431450415208,0.12083584294875044,0.06882736873355336,0.11986542549170288,0.10436765366013302,0.11935077177432546,0.0016804566924790484,0.0004373365796358821,0.02008921152772394,0.005748567353043543,5.546221438430931e-110,0.08763644267087058,0.0016351937857179112,0.027749584048809724,0.002502406709744
paired_deficit,1,26000,45.274963618954644,45.443127334001474,0.5092547535896301,2.0736467838287354,0,0.0,1.0,0.0,0.0,0.0,0.0,0.0,0.0,0.0,0.0,0.0,0.0,0.0,0.10337330419504079,0.07048518437304635,0.11900510405371026,0.12122890080662796,0.12140462718782552,0.1060331419881959,0.11983351047446013,0.11831095340306653,0.12032527351802659,0.030121085689449777,0.08506025325466877,0.0040083715413130995,0.00029354858698202866,2.3943729791279686e-114,0.025677861965948116,0.002624529612737925,0.005167940988202469,0.0018030459767286588
paired_deficit,1,27000,47.106698568328284,47.28111529198941,0.4381405711174011,1.8629004955291748,1,0.5769,0.888888888888889,0.0,0.0,0.0,0.0,0.0,0.0,0.0,0.5769,0.0,0.0,0.0,0.12256132724495646,0.11838938610742195,0.12365805359990431,0.07946726551327808,0.12614517510960332,0.1243698652300615,0.12148815667594165,0.05889238441281895,0.12502838610601374,0.005584720070765012,0.012085867520319179,0.003875688349013152,0.07273831603050974,1.033680682753274e-118,0.002766470310837718,0.007257044745942558,0.11167521033378801,0.0017402954027935672
paired_deficit,1,28000,48.84224902407732,49.02245066699106,0.3851228952407837,1.7923351526260376,0,0.0,1.0,0.0,0.0,0.0,0.0,0.0,0.0,0.0,0.0,0.0,0.0,0.0,0.12207069760142623,0.0710302667344599,0.11692006032920535,0.12162956964133965,0.12376278988052121,0.08914694140278476,0.12123622905072659,0.1128969800901032,0.12130646526943303,0.002728891627736303,0.0850434356923277,0.011035489975426787,0.0034403128734407764,4.462528449875931e-123,0.05582609191291127,0.004074665891792094,0.01752364083920189,0.003961393683438053
paired_deficit,1,29000,50.70879597438034,50.894885083893314,0.4415382742881775,1.8839584589004517,0,0.0,1.0,0.0,0.0,0.0,0.0,0.0,0.0,0.0,0.0,0.0,0.0,0.0,0.1194862330267667,0.10808607531825046,0.12051251112491516,0.09767955765686867,0.12082512862394336,0.11719877652821797,0.09604682448157095,0.10025299386516864,0.119911899374298,0.0022564651301628406,0.021469358504275428,0.0005268599636322163,0.03900765221354472,1.9265291978669284e-127,0.006111557219959683,0.041759327164667306,0.034670593311437375,0.0015390818836172738
paired_deficit,1,30000,52.46008145168889,52.65117037494201,0.3566601872444153,1.7952461242675781,0,0.0,1.0,0.0,0.0,0.0,0.0,0.0,0.0,0.0,0.0,0.0,0.0,0.0,0.11776226636792306,0.10525208092663119,0.09718842813608584,0.11369059115321668,0.11813921428476767,0.10950138065996706,0.11781789075360721,0.10843885973678993,0.11220928798101126,0.0006625414955733847,0.02265103540092852,0.03682409311233335,0.007819110521932389,8.317066864496952e-132,0.015182265115551001,0.0005647734431856017,0.017049802167917842,0.010422719071691724
paired_deficit,1,31000,54.23498951038346,54.43255012494046,0.510425865650177,2.262127637863159,0,0.0,1.0,0.0,0.0,0.0,0.0,0.0,0.0,0.0,0.0,0.0,0.0,0.0,0.1055320081654563,0.11380074493610304,0.11769752126347847,0.11184532286519487,0.11981200559733184,0.11333615665836856,0.08097873863365297,0.11741363859607559,0.11958386328433832,0.02444579052352031,0.010290619421167279,0.0036197654332389907,0.01363808769338047,3.590581513381816e-136,0.011085943634029434,0.06647829693715508,0.004105741446448806,0.00039055463557312016
paired_deficit,1,32000,56.1006092838943,56.30535295896698,0.3624492287635803,2.4006543159484863,1,0.5743,0.888888888888889,0.0,0.0,0.0,0.0,0.0,0.5743,0.0,0.0,0.0,0.0,0.0,0.12432870379463778,0.12066471946967361,0.12531976159790548,0.11693502784215148,0.1255234245343807,0.05555555555555555,0.115356457744434,0.12011585217165291,0.09620049728960844,0.0018782804634437781,0.007638614194174277,0.0003201887286156202,0.013502249674505919,1.55009882862341e-140,0.13070975474145602,0.015983998987200772,0.008501516032738913,0.046100046264108886
paired_deficit,1,33000,57.892134993104264,58.103903458919376,0.47334277629852295,2.35124135017395,0,0.0,1.0,0.0,0.0,0.0,0.0,0.0,0.0,0.0,0.0,0.0,0.0,0.0,0.12136696354722366,0.07876386546053986,0.09718054098062473,0.11705371182725442,0.12145171135985267,0.11423820587691258,0.12118580938056821,0.1129709465892106,0.11578824497781331,0.00014146894117581345,0.07125852777922141,0.040515697905718684,0.007341550393661336,6.691970004147224e-145,0.01204145512645618,0.00044386834655660767,0.014156882345931826,0.009453985508267005
paired_deficit,1,34000,59.68830820929725,59.90577541699167,0.37461188435554504,2.027214527130127,0,0.0020999999999999908,0.9979,0.0,0.0,0.0,0.0,0.0,0.0,0.0021,0.0,0.0,0.0,0.0,0.09892565148664578,0.11467438297860408,0.1167335784031878,0.0739684363155012,0.12157588686325878,0.11325622687389533,0.1215628550873543,0.11804396683593253,0.12125901515562026,0.03773876686281822,0.011498964217155294,0.008068028742922373,0.079321315972286,2.8890069271374084e-149,0.0138618298439711,2.171293783441746e-05,0.005884720590012494,0.000527956875553723
paired_deficit,1,35000,61.553539192536846,61.777259708964266,0.34947669506073,1.8544975519180298,1,0.5325,0.888888888888889,0.0,0.0,0.0,0.0,0.0,0.5325,0.0,0.0,0.0,0.0,0.0,0.12383170289991222,0.11879258514018097,0.12437793645888902,0.1150604026087999,0.12465526519952223,0.05917523214381431,0.11372921351079568,0.11761314777388236,0.10276451426420327,0.001311030877320202,0.009332814998070624,0.0004414803134026739,0.015274085671525096,1.2472203282255398e-153,0.11040970281780142,0.017393208914371443,0.011210364281002748,0.0348479409724312
paired_deficit,1,36000,63.34560955874622,63.575591624947265,0.2615128755569458,2.0628933906555176,1,0.5675,0.8888888888888888,0.0,0.0,0.0,0.5675,0.0,0.0,0.0,0.0,0.0,0.0,0.0,0.12215552090630598,0.09525105428813573,0.116200933189436,0.05555555555555555,0.12406754203111704,0.12126087828766834,0.12395136257304319,0.12035510587875567,0.1212020472899825,0.00306986170666996,0.046266555894691946,0.01263030043499877,0.19181621580945066,5.384405736542672e-158,0.004506262738265288,0.0001865329126412231,0.0059605332988763625,0.00460071934474172
paired_deficit,1,37000,65.17962055676617,65.4154937089188,0.3920693099498749,1.7125530242919922,1,0.4912000000000001,0.8888888888888888,0.0,0.0,0.0,0.0,0.0,0.4912,0.0,0.0,0.0,0.0,0.0,0.1244772180179555,0.12527226203863018,0.12502435754496682,0.11293432856446528,0.1262603419751873,0.05632246162746542,0.1259167458864403,0.08124526492540056,0.12254701941948858,0.0027741210351925403,0.0015372197346897381,0.0019229007569210614,0.020732139214445215,2.324515122116486e-162,0.1149787497226049,0.0005345546132881556,0.07003286094506429,0.005777055582950524
paired_deficit,1,38000,66.93304556852672,67.17566429194994,0.2393113523721695,2.7475244998931885,1,0.42300000000000004,0.8888888888888888,0.0,0.0,0.0,0.423,0.0,0.0,0.0,0.0,0.0,0.0,0.0,0.11457529384018456,0.0888426304465887,0.12162031939421244,0.08665772004641072,0.12201315526912884,0.10603205996266543,0.12154989492676871,0.11770346507788654,0.12100546103615403,0.012311078954251927,0.0549035437061413,0.0006502182809346613,0.06285592454829365,1.0035221744670652e-166,0.026451760088950917,0.0007667842034506519,0.0071333590602103755,0.001667926107848718
paired_deficit,1,39000,68.75472765578888,69.00432187493425,0.2907003164291382,1.9842196702957153,0,0.0,1.0,0.0,0.0,0.0,0.0,0.0,0.0,0.0,0.0,0.0,0.0,0.0,0.1219482685641611,0.11666204741086572,0.12192175976828806,0.10849933376025983,0.12216782527438566,0.08232501381294906,0.12006019203290441,0.10644659617644413,0.09996896319974197,0.00036256440782820904,0.009091952091462685,0.0004063396396037329,0.02257142825038461,4.332330407599913e-171,0.06579432406758409,0.003480434723835871,0.025961211171351466,0.036658033700366924
paired_deficit,1,40000,70.5722131181974,70.82743683399167,0.4105101525783539,2.0109455585479736,1,0.04139999999999999,0.9585999999999999,0.0,0.0,0.0,0.0,0.0,0.0,0.0414,0.0,0.0,0.0,0.0,0.11533289077357149,0.1110058969225193,0.11682745043425799,0.05555555555555555,0.12211579109330299,0.11823273991179575,0.1210622308153973,0.11850990141612394,0.12135754307747564,0.011209681413271565,0.018360637532496976,0.008739714753038232,0.12356198496274559,1.8703210789121274e-175,0.006417279423892086,0.0022880291535772174,0.005959231683679221,0.0012531097744344249
paired_deficit,1,41000,72.3917359772604,72.6529628339922,0.5610730051994324,1.8940114974975586,1,0.16589999999999994,0.8888888888888888,0.0,0.0,0.1659,0.0,0.0,0.0,0.0,0.0,0.0,0.0,0.0,0.12095037182813878,0.12147790771526769,0.1163180563943725,0.11791467268562672,0.12309279880798248,0.06053331545035481,0.12168472506306025,0.09837419365647922,0.11965395839871759,0.003489437182118603,0.0026302231427286315,0.012401420311543117,0.008433774404001396,8.074409403508402e-180,0.10189256827701147,0.0022933733223687667,0.040259957850258425,0.005600945890037414
paired_deficit,1,42000,74.21336786064785,74.4812005419517,0.4934176504611969,1.8972488641738892,1,0.3124,0.8888888888888888,0.0,0.0,0.0,0.0,0.0,0.0,0.3124,0.0,0.0,0.0,0.0,0.12205678408748599,0.10031384825028972,0.1202365493656516,0.06950249611052324,0.12387928730773445,0.11840661814877718,0.10046892951106054,0.12227612616118722,0.12285936105729002,0.002934197958543692,0.037939940191224306,0.005864743674753026,0.08754567232054739,3.485823260538045e-184,0.008810900576520434,0.04151838710357731,0.002581061098358007,0.0016420632285693462
paired_deficit,1,43000,76.01229524600785,76.28588774998207,0.5027754306793213,1.628225564956665,1,0.36529999999999996,0.888888888888889,0.0,0.0,0.3653,0.0,0.0,0.0,0.0,0.0,0.0,0.0,0.0,0.12135111410406349,0.11920646274336105,0.11144670687381392,0.11224148688999114,0.12165660766369354,0.07797224925223963,0.12113439157670582,0.10444839368207354,0.11054258721405785,0.0005083775596238666,0.004077332094437149,0.021013924807969667,0.015667878983423318,1.5048733841051412e-188,0.07269595977683888,0.000869029580265605,0.02863651148670834,0.01849504978316999
paired_deficit,1,44000,77.80710324039683,78.08803662494756,0.3326510190963745,2.162487745285034,0,0.0,1.0,0.0,0.0,0.0,0.0,0.0,0.0,0.0,0.0,0.0,0.0,0.0,0.11000513989293972,0.11208775534354741,0.11684942990022745,0.05555555555555555,0.12365751757910973,0.11660767932082026,0.12361042596624781,0.11927281944771319,0.12235367699383885,0.022051663430185605,0.018687770632389102,0.010996594259913317,0.14156324144122864,6.496726118691715e-193,0.011387075869321174,7.606355618680957e-05,0.007082274579501841,0.0021059960699838613
paired_deficit,1,45000,79.56210781692062,79.84981366689317,0.3859162926673889,1.7796080112457275,0,0.0,1.0,0.0,0.0,0.0,0.0,0.0,0.0,0.0,0.0,0.0,0.0,0.0,0.1217540630068675,0.12223732425379247,0.12365506284432515,0.1187603127352287,0.1243143308195043,0.05555555555555555,0.12078909991014453,0.09459390303339624,0.11834034784118552,0.004095905697984559,0.0033227863840107155,0.0010546941389127458,0.008885294814008127,2.804717706293229e-197,0.13708469581344201,0.0056396496089553,0.04754661559811116,0.009557152888376302
paired_deficit,1,46000,81.37902941112407,81.67429783393163,0.5366306304931641,1.7877416610717773,1,0.44409999999999994,0.888888888888889,0.0,0.0,0.0,0.4441,0.0,0.0,0.0,0.0,0.0,0.0,0.0,0.11598572984931274,0.07335818742754734,0.11804367408561187,0.11636917029653956,0.11893754246947204,0.10549818152006743,0.11840366288279325,0.11623989728025769,0.11716395418839802,0.005122896962168733,0.07910337461369289,0.0015513165019292107,0.0071527451678380085,1.210831620154378e-201,0.0233241300314919,0.0009265527540881236,0.00468178713325289,0.003078078179895403
paired_deficit,1,47000,83.1805179445073,83.48312991694547,0.4921310544013977,2.4981980323791504,1,0.06769999999999998,0.9323,0.0,0.0,0.0,0.0,0.0,0.0677,0.0,0.0,0.0,0.0,0.0,0.11939592329370527,0.11524474432313869,0.11984077600381697,0.10258964694720105,0.12027763246194317,0.11874711869083883,0.11782597264625297,0.0880217362826192,0.09805644935048384,0.0014985305345879153,0.008553769003260367,0.0007424701537836343,0.030062051460984677,5.227311144633245e-206,0.0027965348783390498,0.004166778827508656,0.054821302858645754,0.03776655909537551
paired_deficit,1,48000,84.95304482989013,85.26170924992766,0.452495276927948,2.0832748413085938,0,0.0,1.0,0.0,0.0,0.0,0.0,0.0,0.0,0.0,0.0,0.0,0.0,0.0,0.096477045476728,0.09406919684183793,0.11619130481416051,0.11775937202017195,0.12023958886066223,0.10367384368373442,0.11998257661653175,0.11315955434767785,0.11844751733849532,0.0404099688698046,0.0445046942031582,0.006884407516994333,0.004217792838721928,2.2566954271745106e-210,0.02817127931504848,0.0004370683986417526,0.012040124225939312,0.0030475506452810708
paired_deficit,1,49000,86.78665824641939,87.10227516689338,0.5780458450317383,1.6995128393173218,0,0.0,1.0,0.0,0.0,0.0,0.0,0.0,0.0,0.0,0.0,0.0,0.0,0.0,0.11916968146214449,0.11533392873314004,0.12090373915515058,0.11220793238549068,0.12131105173806656,0.11878622525366803,0.11016060207823987,0.0738866783275743,0.10824016086652546,0.003582221168214328,0.009998913683458573,0.0006813785420521827,0.015228280325100398,9.7424356617051e-215,0.00422369124115447,0.01865318541854698,0.07933452529465711,0.021865822316643566
paired_deficit,1,50000,88.64106960932259,88.96383087499999,0.6663315296173096,1.4259512424468994,0,0.0,1.0,0.0,0.0,0.0,0.0,0.0,0.0,0.0,0.0,0.0,0.0,0.0,0.11608881659412754,0.07269544197346174,0.11440695026390046,0.11703188874500896,0.11932209157116368,0.10998555524088474,0.11818579038957046,0.11704073774269387,0.11524272747918851,0.005577537525120089,0.08043296337269763,0.008478828827499977,0.003950697758074187,4.205931003338879e-219,0.016105924212023993,0.001960168103606247,0.0039354328588627405,0.007037077410123579
