method,seed,step,mode_tv,spatial_tv,valid_fraction,coverage_1pct,coverage_half_target,coverage_relative
vanilla,0,600000,0.6086,0.782659535899856,0.658,27,33,72
vanilla,0,650000,0.6112,0.7878900832817486,0.6899,29,32,70
vanilla,0,700000,0.6199,0.7933238588597075,0.7159,30,31,73
vanilla,0,750000,0.6255000000000001,0.7912951640919825,0.7147999999999999,30,30,69
vanilla,0,800000,0.6219,0.7716655651162463,0.7343,30,30,72
vanilla,0,850000,0.6232,0.761921659098272,0.754,30,30,69
vanilla,0,900000,0.6221,0.7669026587792727,0.7558,30,32,67
vanilla,0,950000,0.5923,0.7732652569793794,0.7642000000000001,34,35,70
vanilla,0,1000000,0.5959,0.7341426885305071,0.7891000000000001,35,35,70
vanilla,0,1050000,0.5995,0.7418762130468559,0.7943,35,35,67
vanilla,0,1100000,0.5956999999999999,0.743950754757225,0.806,35,35,75
vanilla,0,1150000,0.6132,0.8353782513072419,0.7085000000000001,32,34,62
vanilla,0,1200000,0.6008,0.7629326627514311,0.8102,35,35,65
vanilla,1,600000,0.5691999999999999,0.8009426053595872,0.5818000000000001,29,39,71
vanilla,1,650000,0.5498,0.7376731505265686,0.6527000000000001,33,41,72
vanilla,1,700000,0.5452,0.7601253894246125,0.6646,34,41,71
vanilla,1,750000,0.538,0.7054512075372716,0.6976,36,42,72
vanilla,1,800000,0.5418,0.7479213227397665,0.6729,36,42,68
vanilla,1,850000,0.5408999999999999,0.732438378690039,0.7038,37,42,69
vanilla,1,900000,0.5498000000000001,0.757978035807612,0.6672,34,41,71
vanilla,1,950000,0.5405,0.741912593611613,0.7132000000000001,36,43,67
vanilla,1,1000000,0.5322,0.7037465550439698,0.7428,37,43,72
vanilla,1,1050000,0.5284,0.7255457395382497,0.7398,37,42,71
vanilla,1,1100000,0.5222,0.7018845467974524,0.7601,38,43,73
vanilla,1,1150000,0.5225,0.724837985477611,0.7587,38,44,71
vanilla,1,1200000,0.5244,0.7180032935290369,0.752,38,43,69
vanilla,2,600000,0.6222,0.7876981103999068,0.6286,27,30,71
vanilla,2,650000,0.6212,0.7717098142478276,0.6833,27,30,72
vanilla,2,700000,0.6215999999999999,0.7468433771717555,0.6968000000000001,28,31,73
vanilla,2,750000,0.6214999999999999,0.7635351257624367,0.7007,28,30,73
vanilla,2,800000,0.6155999999999999,0.7435988972378093,0.7312000000000001,30,31,70
vanilla,2,850000,0.6171,0.7517016108266719,0.7485000000000002,31,31,71
vanilla,2,900000,0.622,0.7700927623045972,0.7583,31,31,67
vanilla,2,950000,0.6281999999999999,0.7941116781238062,0.6925000000000001,29,31,70
vanilla,2,1000000,0.6174999999999999,0.7658131323754406,0.7637999999999999,31,31,70
vanilla,2,1050000,0.621,0.7317352460867792,0.7629999999999999,31,31,68
vanilla,2,1100000,0.6223000000000001,0.7658070912288621,0.7643,31,31,70
vanilla,2,1150000,0.6196999999999999,0.7307326513415373,0.7769,31,31,69
vanilla,2,1200000,0.6270999999999999,0.7450817465311101,0.7775000000000001,31,31,68
vanilla,3,600000,0.5537000000000001,0.7553933237232608,0.709,36,38,79
vanilla,3,650000,0.5594,0.7224447690564545,0.7239,36,38,78
vanilla,3,700000,0.5660999999999999,0.8301458182789672,0.6951,36,38,72
vanilla,3,750000,0.5566,0.7870870411932063,0.7202999999999999,36,38,72
vanilla,3,800000,0.5518000000000001,0.7472100256886076,0.7421,36,40,76
vanilla,3,850000,0.5199,0.7194451458751613,0.7468,39,44,73
vanilla,3,900000,0.5108,0.7819790813339623,0.77,43,44,77
vanilla,3,950000,0.5176000000000001,0.8115466182189363,0.7176,41,44,73
vanilla,3,1000000,0.5133000000000001,0.7184714897588194,0.7811,44,44,74
vanilla,3,1050000,0.5102,0.7360005798097244,0.8003,44,44,75
vanilla,3,1100000,0.5136,0.7294789842593203,0.8101,44,45,72
vanilla,3,1150000,0.5235000000000001,0.7865026438865261,0.7323999999999999,39,45,69
vanilla,3,1200000,0.515,0.732372716493011,0.823,44,45,72
vanilla,4,600000,0.6103,0.7508499326037713,0.7058,32,33,63
vanilla,4,650000,0.6105,0.7865187641096489,0.7174,33,34,59
vanilla,4,700000,0.6138,0.8135097731639358,0.6765,32,34,58
vanilla,4,750000,0.5818000000000001,0.767187468982608,0.7396,36,38,63
vanilla,4,800000,0.5686000000000001,0.760528990184567,0.7468999999999999,38,40,59
vanilla,4,850000,0.5598000000000001,0.7430895141256553,0.7841,40,40,63
vanilla,4,900000,0.5589000000000001,0.7463393476654134,0.7766,39,41,60
vanilla,4,950000,0.5616000000000001,0.7577223455222755,0.7775,39,41,58
vanilla,4,1000000,0.558,0.7261417500962513,0.81,40,41,62
vanilla,4,1050000,0.545,0.7161771213299366,0.812,39,42,58
vanilla,4,1100000,0.5434,0.6987991966594436,0.8046,41,44,53
vanilla,4,1150000,0.5399,0.7221708972423693,0.8248,40,44,59
vanilla,4,1200000,0.5387,0.7595957030704106,0.8178000000000001,42,44,54
paired,0,600000,0.4115,0.7132042585818655,0.6696,38,52,93
paired,0,650000,0.41,0.7644069847650601,0.6667000000000001,33,55,92
paired,0,700000,0.38859999999999995,0.6381419371669004,0.6989000000000001,40,57,93
paired,0,750000,0.3797,0.65117561635492,0.7144,43,58,93
paired,0,800000,0.3799,0.6643069027922615,0.728,42,58,91
paired,0,850000,0.3756,0.6454380518786849,0.736,45,58,92
paired,0,900000,0.3802,0.6799801983863459,0.7405,45,58,90
paired,0,950000,0.37820000000000004,0.7036382156179315,0.7413,49,58,91
paired,0,1000000,0.3719,0.6882117657598666,0.7399,50,58,88
paired,0,1050000,0.37570000000000003,0.6764238191963808,0.7547999999999999,49,58,90
paired,0,1100000,0.3685999999999999,0.6843987020761431,0.7550000000000001,50,60,88
paired,0,1150000,0.36200000000000004,0.7019503681935214,0.7501,48,64,84
paired,0,1200000,0.34409999999999996,0.6495444767506027,0.772,46,65,87
paired,1,600000,0.3995,0.6927983218299014,0.6491,29,53,93
paired,1,650000,0.3919,0.6844571850739252,0.6664,28,56,89
paired,1,700000,0.362,0.6683929305769472,0.6978,30,58,89
paired,1,750000,0.35569999999999996,0.6707018545395645,0.7092,35,57,92
paired,1,800000,0.3597,0.6743520388355257,0.6999,32,58,91
paired,1,850000,0.34840000000000004,0.6808962032905881,0.7206999999999999,36,61,90
paired,1,900000,0.3355,0.7030119628581109,0.732,32,63,92
paired,1,950000,0.3185,0.6267198235290192,0.7572,40,63,93
paired,1,1000000,0.3114,0.629070362954687,0.7639,43,64,92
paired,1,1050000,0.3016,0.6046307586851483,0.7701,44,66,95
paired,1,1100000,0.3223,0.7235517325751305,0.7351000000000001,37,66,91
paired,1,1150000,0.2990999999999999,0.6307237609097265,0.7735000000000001,43,66,92
paired,1,1200000,0.30169999999999997,0.6532071519151257,0.7681,40,68,90
paired,2,600000,0.4183,0.6884232647413977,0.6205,23,59,92
paired,2,650000,0.4122,0.7045418065853266,0.6322,22,60,91
paired,2,700000,0.39420000000000005,0.6960246006201485,0.6516,24,60,93
paired,2,750000,0.38150000000000006,0.6558448385100378,0.6800999999999999,28,60,92
paired,2,800000,0.3739,0.6378481401501644,0.6880999999999999,28,60,93
paired,2,850000,0.371,0.6352269156772512,0.6964,30,61,92
paired,2,900000,0.3694,0.7135197750582516,0.6945,32,62,91
paired,2,950000,0.38989999999999997,0.7122780744588723,0.659,30,61,94
paired,2,1000000,0.3538,0.6756188753080803,0.7152999999999999,33,65,92
paired,2,1050000,0.35,0.6548717049145614,0.7185,34,65,92
paired,2,1100000,0.3494,0.6410181932930671,0.7288,35,66,93
paired,2,1150000,0.3556,0.647030010966972,0.7195,32,66,91
paired,2,1200000,0.3494999999999999,0.633466768100404,0.7312000000000001,36,67,89
paired,3,600000,0.5085,0.7232742198887938,0.5646,23,40,88
paired,3,650000,0.5057,0.7312461759372619,0.5743,25,41,87
paired,3,700000,0.4787,0.7050168481643244,0.6113,28,46,87
paired,3,750000,0.4646,0.6914980823113779,0.6289,28,49,90
paired,3,800000,0.4603,0.7210530841250138,0.6205,29,49,89
paired,3,850000,0.4478,0.7001339516874956,0.6411,31,54,89
paired,3,900000,0.4384,0.70455212454792,0.6611,33,53,88
paired,3,950000,0.4248,0.7041497887516501,0.6721,37,55,89
paired,3,1000000,0.41159999999999997,0.6599190463397475,0.7056,41,55,89
paired,3,1050000,0.4132,0.6765655311332444,0.7037,44,56,88
paired,3,1100000,0.4125000000000001,0.7001464281942087,0.7163999999999999,44,57,88
paired,3,1150000,0.41719999999999996,0.6985544400890484,0.6935,44,57,89
paired,3,1200000,0.4069000000000001,0.6795271993509253,0.7245999999999999,45,56,87
paired,4,600000,0.40980000000000005,0.6913580798738744,0.6799999999999999,35,55,91
paired,4,650000,0.4362,0.750724860017625,0.6444000000000001,31,52,92
paired,4,700000,0.4088,0.6979736474368404,0.7005,34,56,93
paired,4,750000,0.4018999999999999,0.6772865375536521,0.7193,38,57,92
paired,4,800000,0.4067,0.701489280543875,0.7108,39,59,90
paired,4,850000,0.39890000000000003,0.7173100010620049,0.722,42,57,94
paired,4,900000,0.3941,0.6849399257883009,0.7333000000000001,40,59,93
paired,4,950000,0.3901999999999999,0.6666065316503245,0.7503000000000002,40,59,91
paired,4,1000000,0.39499999999999996,0.7079552091834848,0.7329,39,59,91
paired,4,1050000,0.388,0.6800986338515883,0.7466,39,59,91
paired,4,1100000,0.3886,0.6571524324393332,0.7429,45,59,89
paired,4,1150000,0.3896,0.6837471391339794,0.7381,41,59,92
paired,4,1200000,0.383,0.6584432022510265,0.7565999999999999,45,59,88
vanilla_deficit,0,600000,0.48519999999999996,0.7557877912110753,0.5834,29,47,76
vanilla_deficit,0,650000,0.5182,0.7918754026688359,0.5249,23,47,70
vanilla_deficit,0,700000,0.46309999999999996,0.7331927434657328,0.6059000000000001,29,51,72
vanilla_deficit,0,750000,0.4474,0.7243271167803543,0.6143,26,57,75
vanilla_deficit,0,800000,0.4204,0.6850961820074092,0.6561,30,57,76
vanilla_deficit,0,850000,0.4102,0.6366897011284599,0.6857,39,57,75
vanilla_deficit,0,900000,0.4012,0.6363795787885174,0.7029000000000001,46,57,78
vanilla_deficit,0,950000,0.39960000000000007,0.6525590246686018,0.7125999999999999,49,57,77
vanilla_deficit,0,1000000,0.3942,0.6663252719501735,0.7242999999999999,50,58,78
vanilla_deficit,0,1050000,0.3929999999999999,0.6471964093592346,0.7368000000000001,50,57,79
vanilla_deficit,0,1100000,0.3949,0.6595359400003641,0.7255,45,60,77
vanilla_deficit,0,1150000,0.3888,0.6366878638306495,0.745,49,59,79
vanilla_deficit,0,1200000,0.3934,0.6471619237735643,0.742,48,59,74
vanilla_deficit,1,600000,0.4858,0.7297244290544975,0.5272,15,49,89
vanilla_deficit,1,650000,0.4779,0.7410580804607196,0.5399,13,51,88
vanilla_deficit,1,700000,0.4497,0.7213640096885422,0.5671,15,53,90
vanilla_deficit,1,750000,0.46709999999999996,0.7807554889172241,0.5431,11,53,89
vanilla_deficit,1,800000,0.4164,0.7302866836824107,0.6104,19,58,90
vanilla_deficit,1,850000,0.41790000000000005,0.7254161115522534,0.5971,13,61,89
vanilla_deficit,1,900000,0.37370000000000003,0.7138415817817609,0.6534,22,66,93
vanilla_deficit,1,950000,0.3607,0.6580567607171608,0.6608,17,66,92
vanilla_deficit,1,1000000,0.3291,0.6497755008444056,0.6974,24,72,92
vanilla_deficit,1,1050000,0.32809999999999995,0.6994294154620946,0.7029000000000001,25,73,93
vanilla_deficit,1,1100000,0.35419999999999996,0.7557016462492872,0.6738000000000001,19,69,90
vanilla_deficit,1,1150000,0.3334000000000001,0.6524648216338134,0.6978999999999999,24,73,92
vanilla_deficit,1,1200000,0.3709,0.7074804545071416,0.653,17,71,92
vanilla_deficit,2,600000,0.4927,0.7327331594538155,0.635,36,46,81
vanilla_deficit,2,650000,0.47030000000000005,0.695720468133391,0.6721999999999999,40,49,81
vanilla_deficit,2,700000,0.4105,0.6554381756195757,0.7088,43,57,80
vanilla_deficit,2,750000,0.4024,0.696741187371523,0.7261,48,58,79
vanilla_deficit,2,800000,0.39159999999999995,0.6687859969654906,0.7527,52,58,81
vanilla_deficit,2,850000,0.4117,0.7774951778148758,0.7122999999999999,47,58,81
vanilla_deficit,2,900000,0.3782,0.7100604934814363,0.798,56,59,79
vanilla_deficit,2,950000,0.3774,0.6861773563309702,0.7967,56,59,83
vanilla_deficit,2,1000000,0.37529999999999997,0.6885480328859281,0.7997000000000001,57,60,79
vanilla_deficit,2,1050000,0.38180000000000003,0.7005643750672397,0.7765,53,60,76
vanilla_deficit,2,1100000,0.37129999999999996,0.6081758995504738,0.8189000000000001,57,60,79
vanilla_deficit,2,1150000,0.34379999999999994,0.6447849919344029,0.8298000000000001,58,64,81
vanilla_deficit,2,1200000,0.34099999999999997,0.6331903775236583,0.8382000000000001,62,64,73
vanilla_deficit,3,600000,0.47830000000000006,0.7494351631960254,0.5849,25,52,75
vanilla_deficit,3,650000,0.4299,0.7016231036349777,0.6567999999999999,37,54,76
vanilla_deficit,3,700000,0.4402,0.7636652561435177,0.6401,32,57,72
vanilla_deficit,3,750000,0.4105,0.698686928700996,0.7109000000000001,43,57,74
vanilla_deficit,3,800000,0.4113,0.7057649178140528,0.718,43,59,69
vanilla_deficit,3,850000,0.4077,0.6870389181196005,0.7255,41,59,74
vanilla_deficit,3,900000,0.40630000000000005,0.6794456352722278,0.726,43,59,73
vanilla_deficit,3,950000,0.4054,0.7182757717539925,0.7428000000000001,43,59,71
vanilla_deficit,3,1000000,0.3957,0.6918148937564256,0.7643,47,60,74
vanilla_deficit,3,1050000,0.3982,0.6641925545831835,0.7656000000000001,45,59,72
vanilla_deficit,3,1100000,0.4014,0.7130067459126935,0.7464,43,59,73
vanilla_deficit,3,1150000,0.399,0.7464146619166373,0.7622,44,60,76
vanilla_deficit,3,1200000,0.396,0.6703072360929572,0.7741,45,59,70
vanilla_deficit,4,600000,0.47279999999999994,0.7241572222630768,0.6221000000000001,33,50,79
vanilla_deficit,4,650000,0.47670000000000007,0.7549424239640529,0.6081999999999999,32,51,79
vanilla_deficit,4,700000,0.44249999999999995,0.6956869394297724,0.6808000000000001,39,54,79
vanilla_deficit,4,750000,0.4491,0.7428709325050722,0.6584,38,54,75
vanilla_deficit,4,800000,0.4466,0.7587526455184401,0.6834,38,53,76
vanilla_deficit,4,850000,0.43310000000000004,0.6682583900033806,0.7242999999999999,44,54,80
vanilla_deficit,4,900000,0.44460000000000005,0.7103157783292589,0.7091,40,54,78
vanilla_deficit,4,950000,0.43119999999999997,0.6896573550410496,0.7415,47,54,81
vanilla_deficit,4,1000000,0.4575000000000001,0.7623976042668779,0.6769,39,53,79
vanilla_deficit,4,1050000,0.4313999999999999,0.694345915925911,0.7575000000000001,45,54,78
vanilla_deficit,4,1100000,0.4356,0.7156292682480427,0.7299,45,55,78
vanilla_deficit,4,1150000,0.4237,0.6418909575424951,0.7693,50,55,81
vanilla_deficit,4,1200000,0.42500000000000004,0.676628772160841,0.7742,48,55,77
paired_deficit,0,600000,0.26970000000000005,0.5916758089191505,0.7545999999999999,26,73,95
paired_deficit,0,650000,0.2759,0.6290700229226217,0.7494000000000001,26,72,96
paired_deficit,0,700000,0.2594,0.6694458080745447,0.776,42,72,92
paired_deficit,0,750000,0.26749999999999996,0.5791056648251164,0.7644000000000001,35,72,93
paired_deficit,0,800000,0.2595,0.6186541754075352,0.7882,43,72,93
paired_deficit,0,850000,0.25810000000000005,0.5923633706712714,0.7949999999999999,47,72,95
paired_deficit,0,900000,0.2581,0.599212715846799,0.7986,52,72,95
paired_deficit,0,950000,0.27260000000000006,0.6391806044113784,0.7827999999999999,50,72,89
paired_deficit,0,1000000,0.26700000000000007,0.6496523787769468,0.7821999999999999,52,72,95
paired_deficit,0,1050000,0.25630000000000003,0.5995799797847305,0.8169,57,72,92
paired_deficit,0,1100000,0.2621,0.653629051167059,0.8049000000000001,50,72,96
paired_deficit,0,1150000,0.26359999999999995,0.6502676772441233,0.7957000000000001,48,72,93
paired_deficit,0,1200000,0.25949999999999995,0.6390135124759603,0.8141,54,72,93
paired_deficit,1,600000,0.2617,0.6626112695747248,0.7399,9,82,99
paired_deficit,1,650000,0.2499,0.6549048247249194,0.7562,12,81,99
paired_deficit,1,700000,0.23190000000000005,0.5939927424239927,0.7790999999999999,17,81,99
paired_deficit,1,750000,0.2246,0.597395565415914,0.7873,19,81,99
paired_deficit,1,800000,0.23369999999999996,0.5713191981973302,0.7775000000000001,17,81,99
paired_deficit,1,850000,0.20240000000000002,0.590913417591796,0.8056,10,90,100
paired_deficit,1,900000,0.19480000000000003,0.5592675421128915,0.8127,13,90,99
paired_deficit,1,950000,0.18610000000000002,0.5654786988895022,0.8218,17,90,100
paired_deficit,1,1000000,0.17240000000000005,0.6205601927050199,0.8372999999999999,17,90,100
paired_deficit,1,1050000,0.17390000000000005,0.521967175980868,0.8351,18,90,98
paired_deficit,1,1100000,0.1962,0.6474121961144529,0.8125,12,90,97
paired_deficit,1,1150000,0.20390000000000003,0.6207386241260948,0.8024,10,90,97
paired_deficit,1,1200000,0.16689999999999997,0.6103044857443417,0.8478000000000001,22,90,98
paired_deficit,2,600000,0.3143,0.6534356362296176,0.7323999999999999,34,69,94
paired_deficit,2,650000,0.31420000000000003,0.6294008568484393,0.7343,35,70,96
paired_deficit,2,700000,0.30169999999999997,0.6452934795197567,0.7476,35,70,94
paired_deficit,2,750000,0.29519999999999996,0.6630792319511507,0.7513000000000001,36,71,97
paired_deficit,2,800000,0.2963,0.61881922492276,0.7512,37,71,98
paired_deficit,2,850000,0.2792,0.5842558775499894,0.7722,36,71,96
paired_deficit,2,900000,0.2561,0.631308321364353,0.7833,34,81,98
paired_deficit,2,950000,0.24320000000000003,0.5808277371040447,0.7875,28,81,92
paired_deficit,2,1000000,0.23800000000000002,0.5813069271249476,0.7947,31,81,95
paired_deficit,2,1050000,0.2324,0.6132567220839931,0.7944,32,81,92
paired_deficit,2,1100000,0.2365,0.6195656236211605,0.7993,32,81,91
paired_deficit,2,1150000,0.21489999999999998,0.6196470534397643,0.8281000000000001,42,81,93
paired_deficit,2,1200000,0.2249,0.6401983033883027,0.8185,36,81,88
paired_deficit,3,600000,0.29939999999999994,0.5752802733473239,0.7123000000000002,12,75,98
paired_deficit,3,650000,0.27909999999999996,0.6474893167094171,0.7340000000000001,16,77,99
paired_deficit,3,700000,0.2625,0.6373808982153154,0.7517,17,80,98
paired_deficit,3,750000,0.25460000000000005,0.6140966945677275,0.7596999999999999,20,81,96
paired_deficit,3,800000,0.2466,0.6139245573241279,0.7705,22,81,97
paired_deficit,3,850000,0.23270000000000007,0.5679607034295624,0.7910999999999999,31,81,97
paired_deficit,3,900000,0.231,0.5729977955240767,0.7943,27,81,96
paired_deficit,3,950000,0.2268,0.5768562792882631,0.8015,31,81,95
paired_deficit,3,1000000,0.2633,0.6508631956258241,0.7521,25,80,95
paired_deficit,3,1050000,0.231,0.6331473012703226,0.7932,30,81,95
paired_deficit,3,1100000,0.2215,0.5866335778848958,0.8054,32,81,96
paired_deficit,3,1150000,0.22319999999999998,0.6676736575332176,0.8044,32,81,95
paired_deficit,3,1200000,0.22299999999999998,0.6420296941353123,0.8082,33,81,95
paired_deficit,4,600000,0.3037,0.7201729331693933,0.6999,5,81,96
paired_deficit,4,650000,0.24059999999999998,0.5634098654332027,0.7688,16,85,90
paired_deficit,4,700000,0.21989999999999998,0.5545389450995597,0.7893,14,90,94
paired_deficit,4,750000,0.1965,0.5991227832062271,0.814,18,90,93
paired_deficit,4,800000,0.2132,0.5739322130593438,0.7951,12,90,92
paired_deficit,4,850000,0.181,0.6672712670276525,0.8349,25,90,93
paired_deficit,4,900000,0.17810000000000012,0.5546623879188081,0.8403999999999998,24,90,94
paired_deficit,4,950000,0.26339999999999997,0.746271031828964,0.7406,8,89,91
paired_deficit,4,1000000,0.17219999999999996,0.5652552165911922,0.8480000000000001,25,90,92
paired_deficit,4,1050000,0.1773,0.5937743236658816,0.8367,21,90,95
paired_deficit,4,1100000,0.17169999999999996,0.5515967613124833,0.8424,20,90,92
paired_deficit,4,1150000,0.17150000000000004,0.5647685446780294,0.8454999999999999,25,90,91
paired_deficit,4,1200000,0.1699,0.5923003360864627,0.8507,29,90,90
