method,seed,step,training_seconds,wall_seconds,d_loss,g_loss,coverage,valid_fraction,mode_tv,mode_0_mass,mode_1_mass,mode_2_mass,mode_3_mass,mode_4_mass,mode_5_mass,mode_6_mass,mode_7_mass,mode_8_mass,mode_9_mass,mode_10_mass,mode_11_mass,mode_12_mass,mode_13_mass,mode_14_mass,mode_15_mass
vanilla,1,0,0.0,0.002426750026643276,nan,nan,0,0.0,1.0,0.0,0.0,0.0,0.0,0.0,0.0,0.0,0.0,0.0,0.0,0.0,0.0,0.0,0.0,0.0,0.0
vanilla,1,1000,0.7147838670061901,0.7196358750225045,0.5168573260307312,1.0912643671035767,10,0.2633,0.7367000000000001,0.0069,0.0055,0.0052,0.0057,0.0071,0.0068,0.0103,0.0122,0.0177,0.0261,0.0343,0.0401,0.035,0.0254,0.0149,0.0101
vanilla,1,2000,1.4300163678708486,1.4373185410513543,0.669001042842865,0.7473862171173096,16,0.6747000000000001,0.3252999999999999,0.0403,0.0404,0.0233,0.0381,0.052,0.0435,0.0417,0.0467,0.0514,0.0455,0.0406,0.0432,0.0443,0.0413,0.044,0.0384
vanilla,1,3000,2.140728688624222,2.1503087080200203,0.6720725893974304,0.76180499792099,16,0.704,0.29600000000000004,0.0423,0.0406,0.0459,0.0558,0.045,0.0447,0.0418,0.0443,0.0527,0.0419,0.0407,0.0458,0.0448,0.0386,0.0437,0.0354
vanilla,1,4000,2.8590291092987172,2.8710435000248253,0.6779557466506958,0.759084939956665,16,0.7321000000000001,0.2678999999999999,0.0486,0.0428,0.0487,0.0476,0.0458,0.0523,0.0411,0.0466,0.048,0.0459,0.0448,0.044,0.0458,0.0403,0.048,0.0418
vanilla,1,5000,3.5790438394178636,3.5935515830060467,0.6724104881286621,0.7303972840309143,16,0.7575,0.24250000000000002,0.0434,0.0419,0.0566,0.0496,0.0477,0.0564,0.0446,0.0511,0.0465,0.0454,0.0535,0.0445,0.0489,0.0397,0.0446,0.0431
vanilla,1,6000,4.291839638201054,4.30877570802113,0.6695501804351807,0.7190909385681152,16,0.7662,0.2338,0.0404,0.0446,0.0578,0.0562,0.0515,0.0556,0.0427,0.0487,0.0427,0.0479,0.0515,0.0443,0.0494,0.0417,0.0429,0.0483
vanilla,1,7000,5.014049737947062,5.033463666040916,0.6658387184143066,0.7413330078125,16,0.7875,0.21250000000000002,0.0383,0.0485,0.0584,0.0597,0.0538,0.0543,0.043,0.053,0.0438,0.0495,0.0553,0.0453,0.0443,0.0453,0.0466,0.0484
vanilla,1,8000,5.732246029772796,5.754079375008587,0.6726279854774475,0.7199031710624695,16,0.7842,0.2158,0.0394,0.0508,0.0575,0.0625,0.0577,0.0504,0.0434,0.0516,0.0462,0.0451,0.0525,0.048,0.0427,0.0435,0.0436,0.0493
vanilla,1,9000,6.438317282940261,6.4626238330383785,0.6675777435302734,0.8099021911621094,16,0.7968000000000001,0.20319999999999996,0.0397,0.0567,0.0547,0.0605,0.0613,0.0494,0.0452,0.0509,0.0484,0.0456,0.0538,0.0467,0.0432,0.0456,0.0435,0.0516
vanilla,1,10000,7.142366593820043,7.1691247910493985,0.6695445775985718,0.7498204708099365,16,0.8074,0.1926,0.0397,0.0602,0.058,0.0608,0.0615,0.0494,0.0412,0.0535,0.0457,0.0498,0.0581,0.047,0.044,0.0465,0.042,0.05
vanilla,1,11000,7.8479284549248405,7.877453332999721,0.6566015481948853,0.7194936275482178,16,0.8174,0.1843,0.0382,0.0611,0.0584,0.0636,0.0631,0.0494,0.0441,0.0519,0.0445,0.0501,0.0559,0.0483,0.0438,0.0459,0.0444,0.0547
vanilla,1,12000,8.556276129558682,8.58826400001999,0.6709387302398682,0.7436354160308838,16,0.8263,0.17709999999999998,0.0383,0.0626,0.0606,0.0627,0.0656,0.05,0.0436,0.0534,0.0477,0.0476,0.057,0.0487,0.0438,0.0482,0.0451,0.0514
vanilla,1,13000,9.26670004951302,9.301287208043505,0.6675984859466553,0.7714650630950928,16,0.8325,0.1691,0.0391,0.0601,0.0618,0.0641,0.0624,0.0522,0.0427,0.0538,0.0472,0.0467,0.0558,0.0496,0.0438,0.0493,0.0475,0.0564
vanilla,1,14000,9.973151675309055,10.010180666053202,0.6546313762664795,0.7713803052902222,16,0.8361000000000001,0.16819999999999996,0.039,0.0596,0.0638,0.0653,0.0627,0.054,0.0441,0.0551,0.0509,0.0412,0.0569,0.0487,0.0411,0.051,0.0491,0.0536
vanilla,1,15000,10.676285892783199,10.715735125006177,0.6789723634719849,0.748349666595459,16,0.8419,0.1646,0.0418,0.0607,0.0645,0.0657,0.0638,0.0551,0.0434,0.0553,0.0494,0.0454,0.0517,0.0476,0.0434,0.0536,0.0473,0.0532
vanilla,1,16000,11.38685423124116,11.428785041032825,0.6610561013221741,0.7494235634803772,16,0.85,0.1552,0.0424,0.0596,0.0634,0.0651,0.0642,0.0564,0.0429,0.0545,0.0496,0.0432,0.056,0.0501,0.041,0.0541,0.052,0.0555
vanilla,1,17000,12.096920763608068,12.141283208038658,0.6564074754714966,0.7356914281845093,16,0.8565,0.1503,0.042,0.0613,0.0654,0.0656,0.0633,0.0558,0.0468,0.0542,0.0499,0.0429,0.055,0.0506,0.0409,0.0566,0.0528,0.0534
vanilla,1,18000,12.817117730039172,12.86404241604032,0.6586660742759705,0.7863834500312805,16,0.8606,0.1457,0.0456,0.0624,0.0639,0.0654,0.0645,0.0538,0.0455,0.0546,0.048,0.0432,0.0563,0.0538,0.0418,0.0564,0.0515,0.0539
vanilla,1,19000,13.537586204416584,13.5870178330224,0.6701643466949463,0.784898042678833,16,0.8582000000000001,0.14679999999999996,0.0483,0.0626,0.0642,0.0648,0.0634,0.0546,0.0473,0.0543,0.0552,0.0385,0.0544,0.0527,0.0399,0.0538,0.0509,0.0533
vanilla,1,20000,14.265429957013112,14.317344833048992,0.6625970602035522,0.7927615642547607,16,0.8696999999999999,0.13760000000000003,0.0465,0.063,0.0648,0.0638,0.0657,0.0562,0.0461,0.0573,0.0528,0.0396,0.0565,0.0553,0.0407,0.0548,0.0562,0.0504
vanilla,1,21000,14.975859745987691,15.030289916030597,0.6649385690689087,0.7184474468231201,16,0.8717999999999999,0.13580000000000003,0.047,0.0636,0.0635,0.0643,0.0662,0.0572,0.0476,0.0558,0.053,0.0388,0.0575,0.0579,0.04,0.0533,0.054,0.0521
vanilla,1,22000,15.687853560375515,15.744826291047502,0.6589335203170776,0.7408089637756348,16,0.8754,0.13240000000000002,0.0508,0.0613,0.0638,0.0658,0.0657,0.0567,0.0507,0.0552,0.0549,0.0375,0.0578,0.06,0.04,0.0529,0.0525,0.0498
vanilla,1,23000,16.39681409765035,16.45640645804815,0.6712551116943359,0.7500982284545898,16,0.8802,0.12919999999999998,0.0517,0.0638,0.0658,0.0662,0.0636,0.0587,0.0506,0.0568,0.0598,0.0347,0.0546,0.0616,0.0386,0.0524,0.053,0.0483
vanilla,1,24000,17.109874797810335,17.172090291045606,0.6576254963874817,0.7336574196815491,16,0.8818999999999999,0.12710000000000005,0.051,0.0646,0.0656,0.0645,0.0643,0.0594,0.0517,0.0529,0.0598,0.0338,0.0549,0.0624,0.0381,0.0526,0.0553,0.051
vanilla,1,25000,17.82336693065008,17.888227833027486,0.6636584401130676,0.7511328458786011,16,0.8791,0.1287,0.0527,0.0651,0.0636,0.0645,0.0646,0.059,0.0517,0.0557,0.0593,0.0334,0.057,0.0545,0.0366,0.0562,0.0563,0.0489
vanilla,1,26000,18.533467380097136,18.60091283300426,0.6809751987457275,0.7904484272003174,16,0.8837999999999999,0.12520000000000003,0.0523,0.064,0.064,0.0654,0.0656,0.0578,0.052,0.0545,0.0607,0.0334,0.0581,0.0595,0.0372,0.0527,0.0574,0.0492
vanilla,1,27000,19.243718570971396,19.313727166038007,0.6721160411834717,0.7831547856330872,16,0.887,0.12069999999999999,0.053,0.0653,0.0638,0.0632,0.0654,0.0583,0.0527,0.0551,0.0595,0.0344,0.0583,0.0582,0.0364,0.0553,0.057,0.0511
vanilla,1,28000,19.95504497847287,20.02756825002143,0.6795055270195007,0.753429651260376,16,0.8909,0.11699999999999999,0.0569,0.0646,0.065,0.0637,0.0646,0.0603,0.0511,0.0553,0.0563,0.0348,0.0605,0.0612,0.0368,0.0536,0.0546,0.0516
vanilla,1,29000,20.662128129741177,20.737225000048056,0.6752258539199829,0.7857562899589539,16,0.8903000000000001,0.12219999999999995,0.0588,0.0675,0.0655,0.0648,0.0647,0.0571,0.05,0.0543,0.0599,0.033,0.0597,0.06,0.037,0.056,0.0528,0.0492
vanilla,1,30000,21.375148933788296,21.452862875012215,0.661142110824585,0.7579976320266724,16,0.8880000000000001,0.12279999999999994,0.0546,0.0665,0.0649,0.0635,0.0659,0.0611,0.0495,0.0538,0.0542,0.0334,0.0623,0.0582,0.0362,0.0565,0.0544,0.053
vanilla,1,31000,22.100334855320398,22.180744208046235,0.6632620096206665,0.7623802423477173,16,0.8937,0.11839999999999998,0.0548,0.0688,0.0653,0.0628,0.0652,0.0576,0.0528,0.0539,0.0567,0.0329,0.0594,0.0622,0.039,0.0571,0.0563,0.0489
vanilla,1,32000,22.844080138078425,22.9270896660164,0.673093318939209,0.760934591293335,16,0.8986999999999999,0.11310000000000002,0.0548,0.0676,0.0641,0.0644,0.0657,0.0601,0.0507,0.0538,0.0536,0.0338,0.0595,0.0616,0.0395,0.0588,0.058,0.0527
vanilla,1,33000,23.552025970770046,23.637598750006873,0.6600358486175537,0.7209585905075073,16,0.9012,0.11069999999999999,0.0554,0.0687,0.0642,0.0641,0.0649,0.0621,0.0521,0.0538,0.0589,0.0317,0.058,0.0611,0.0379,0.0585,0.0565,0.0533
vanilla,1,34000,24.26156222447753,24.34979629103327,0.6566246747970581,0.70585036277771,16,0.899,0.11289999999999999,0.0553,0.0678,0.0645,0.0648,0.0648,0.06,0.0527,0.0533,0.0562,0.0331,0.0597,0.0614,0.0382,0.0585,0.0555,0.0532
vanilla,1,35000,24.970979220350273,25.061989041045308,0.6798337697982788,0.7463806867599487,16,0.9047999999999999,0.10880000000000002,0.0562,0.0684,0.0652,0.0639,0.0661,0.0597,0.0529,0.0557,0.0594,0.0306,0.0581,0.0605,0.038,0.0592,0.058,0.0529
vanilla,1,36000,25.681468519906048,25.775051708042156,0.6723116636276245,0.7429431676864624,16,0.9002,0.1134,0.0574,0.0684,0.0641,0.0644,0.0667,0.0573,0.0539,0.0537,0.0587,0.0304,0.06,0.0592,0.0392,0.0571,0.0567,0.053
vanilla,1,37000,26.395278394804336,26.491553708037827,0.6711586713790894,0.7216675877571106,16,0.9061999999999999,0.11140000000000005,0.0559,0.0699,0.0647,0.0642,0.0688,0.0576,0.0531,0.0549,0.0587,0.0317,0.0609,0.0606,0.0391,0.0591,0.0548,0.0522
vanilla,1,38000,27.114488282764796,27.213513041031547,0.687675416469574,0.7389259338378906,16,0.8993,0.1106,0.0587,0.0676,0.0618,0.0614,0.0659,0.0566,0.0532,0.0536,0.0566,0.0323,0.0639,0.0587,0.0406,0.0591,0.0552,0.0541
vanilla,1,39000,27.82399186992552,27.925702916050795,0.6747958064079285,0.7250899076461792,16,0.9062,0.1073,0.0597,0.0669,0.0655,0.0643,0.0668,0.0577,0.0544,0.0544,0.0593,0.0304,0.0614,0.0595,0.0408,0.0563,0.0556,0.0532
vanilla,1,40000,28.530045475345105,28.634524291031994,0.6626046895980835,0.7487193942070007,16,0.8976,0.11600000000000003,0.0576,0.0682,0.0651,0.0642,0.0661,0.058,0.0533,0.0544,0.0578,0.031,0.0614,0.0544,0.0401,0.0573,0.0552,0.0535
vanilla,1,41000,29.242924647114705,29.35019791603554,0.6754677295684814,0.7999626398086548,16,0.9024999999999999,0.11040000000000007,0.0566,0.0654,0.0663,0.0652,0.066,0.057,0.0521,0.055,0.0598,0.0314,0.061,0.0578,0.0427,0.0572,0.0559,0.0531
vanilla,1,42000,29.9543281722581,30.06431133300066,0.6709513068199158,0.7328405380249023,16,0.8899,0.1243,0.0575,0.0704,0.0652,0.0632,0.0654,0.0574,0.0516,0.0551,0.0552,0.03,0.0596,0.0596,0.0379,0.0517,0.0542,0.0559
vanilla,1,43000,30.67183192417724,30.78451079101069,0.6874446868896484,0.7261190414428711,16,0.915,0.10489999999999998,0.059,0.0728,0.0658,0.0639,0.0674,0.0585,0.0528,0.0552,0.0582,0.031,0.0616,0.0591,0.0432,0.0554,0.0559,0.0552
vanilla,1,44000,31.39717471890617,31.512569791055284,0.6767899990081787,0.7560526728630066,16,0.9097999999999999,0.10550000000000004,0.06,0.0703,0.0655,0.0631,0.0664,0.0597,0.0502,0.0553,0.0601,0.0303,0.0622,0.0576,0.0449,0.055,0.0554,0.0538
vanilla,1,45000,32.106210572994314,32.22439308301546,0.6737912893295288,0.7556496858596802,16,0.915,0.10579999999999999,0.0612,0.0703,0.0665,0.0651,0.0689,0.0579,0.0525,0.0551,0.0597,0.0315,0.0621,0.0589,0.0429,0.053,0.0544,0.055
vanilla,1,46000,32.81653274933342,32.9374705000082,0.6848169565200806,0.7257195711135864,16,0.9158,0.10260000000000004,0.0611,0.0703,0.0655,0.0641,0.0685,0.0571,0.0532,0.0571,0.0603,0.0305,0.0611,0.0583,0.0464,0.0532,0.0538,0.0553
vanilla,1,47000,33.53441539121559,33.65811591601232,0.6769626140594482,0.7211362719535828,16,0.9077,0.10980000000000002,0.0587,0.0709,0.0658,0.0651,0.0657,0.058,0.0505,0.0552,0.0594,0.0298,0.0613,0.0561,0.0503,0.0522,0.0526,0.0561
vanilla,1,48000,34.248562186490744,34.377431333006825,0.6801108121871948,0.7227832078933716,16,0.9148000000000001,0.10349999999999998,0.0614,0.0728,0.0654,0.0629,0.0672,0.0579,0.0515,0.0557,0.0605,0.0309,0.0584,0.0561,0.0518,0.054,0.0526,0.0557
vanilla,1,49000,34.95776355499402,35.08939000003738,0.6891979575157166,0.743427038192749,16,0.9182000000000001,0.09899999999999992,0.0609,0.0701,0.0657,0.0632,0.0682,0.0577,0.0533,0.0563,0.061,0.0292,0.0586,0.0549,0.0523,0.0548,0.0551,0.0569
vanilla,1,50000,35.6671160304104,35.80155100004049,0.7030004858970642,0.7516534924507141,16,0.9076,0.10570000000000002,0.059,0.0703,0.0628,0.0649,0.0653,0.058,0.0508,0.0548,0.0569,0.0293,0.0592,0.0577,0.054,0.053,0.0549,0.0567
