method,step,train_frechet_inception_distance,train_kernel_inception_distance_mean,train_kernel_inception_distance_std,train_precision,train_recall,train_f_score,heldout_frechet_inception_distance,heldout_kernel_inception_distance_mean,heldout_kernel_inception_distance_std,heldout_precision,heldout_recall,heldout_f_score,d_train_bce,d_heldout_bce,d_train_real_acceptance,d_heldout_real_acceptance,d_train_minus_heldout_margin,d_train_membership_auc_from_margin,nn_inception_train_closer_fraction,nn_inception_train50k_mean,nn_inception_train10k_mean,nn_inception_heldout10k_mean,nn_pixel_rms_train_closer_fraction,nn_pixel_rms_train50k_mean,nn_pixel_rms_train10k_mean,nn_pixel_rms_heldout10k_mean,exact_train_copies,unique_generated
vanilla,10000,81.64451490470424,0.0623969316482544,0.0016638191187887833,0.6018000245094299,0.0746999979019165,0.1329030571440044,81.61069518816294,0.06251091718673706,0.0017446958503879219,0.5983999967575073,0.07440000027418137,0.13234530356495156,0.5197429656982422,0.5325294137001038,0.7085000276565552,0.6880999803543091,0.011112971231341362,0.50746013,0.5311,13.81079387664795,14.289618492126465,14.33011531829834,0.5267,0.16586147248744965,0.1728208214044571,0.1733795553445816,0,10000
vanilla,20000,57.29490401856515,0.03982771873474121,0.0016216881379069567,0.6092000007629395,0.2304999977350235,0.33445420756750066,57.266902948006475,0.03990662574768066,0.0015434751550980883,0.5975000262260437,0.22300000488758087,0.32478367755304993,0.6068436503410339,0.6684759259223938,0.6410999894142151,0.6011000275611877,0.12404941767454147,0.526436665,0.5185,13.857771873474121,14.331865310668945,14.349543571472168,0.5136,0.16455933451652527,0.17153772711753845,0.171736940741539,0,10000
vanilla,30000,48.718784157692085,0.033216869831085204,0.001286320620034386,0.5813999772071838,0.32120001316070557,0.4137949973929558,48.60318668745964,0.03323702573776245,0.0012602720221064733,0.5672000050544739,0.3151000142097473,0.40513368638816954,0.3426155745983124,0.4343473017215729,0.858299970626831,0.7811999917030334,0.23711054027080536,0.551768285,0.5113,13.965700149536133,14.434082984924316,14.451506614685059,0.5232,0.16368766129016876,0.1705104261636734,0.1708928942680359,0,10000
vanilla,40000,43.587632764081434,0.02888364315032959,0.0011755498837534852,0.5755000114440918,0.3483999967575073,0.43403874952085963,43.505259490756885,0.028902552127838134,0.001246741215549774,0.5716999769210815,0.34769999980926514,0.432412631928351,0.26978909969329834,0.41966304183006287,0.8974000215530396,0.7857000231742859,0.4775932729244232,0.57951132,0.5171,13.870521545410156,14.337584495544434,14.351846694946289,0.5263,0.16041108965873718,0.16714715957641602,0.167671799659729,0,10000
vanilla,50000,41.29353470688591,0.027209248542785645,0.0012791824092415781,0.5741000175476074,0.3346000015735626,0.42278829697965953,41.1918193400499,0.027231881618499754,0.0012538857997276575,0.5751000046730042,0.3305000066757202,0.41976712235363056,0.3887403905391693,0.7623100876808167,0.8009999990463257,0.5889000296592712,0.758346438407898,0.615526775,0.5183,13.775887489318848,14.234803199768066,14.255105972290039,0.5302,0.15857455134391785,0.16539449989795685,0.16591861844062805,0,10000
vanilla,60000,40.40989490118511,0.025964744091033935,0.0012581120658732754,0.5934000015258789,0.3472000062465668,0.4380788486796212,40.345578424674954,0.025999808311462404,0.0011741309131038033,0.5879999995231628,0.350600004196167,0.4392772245541416,0.44674795866012573,1.145496129989624,0.7651000022888184,0.4991999864578247,1.2393351793289185,0.647476155,0.514,13.739418983459473,14.20935344696045,14.22679328918457,0.5331,0.1535157710313797,0.16012920439243317,0.16074401140213013,0,10000
vanilla,70000,38.6179500665163,0.024409527778625487,0.0011249833024915556,0.5983999967575073,0.3589000105857849,0.4486906163655487,38.619726588344236,0.024517600536346437,0.001071176032004066,0.5946999788284302,0.3571000099182129,0.44624368743194615,0.27241581678390503,1.0891892910003662,0.8743000030517578,0.5519999861717224,1.653566837310791,0.66507527,0.5075,13.65375804901123,14.12727165222168,14.129552841186523,0.5286,0.15019309520721436,0.15690885484218597,0.15750078856945038,0,10000
vanilla,80000,38.01738235192778,0.023655471801757814,0.0011019834694104898,0.6169999837875366,0.3634999990463257,0.4574798520039441,38.082547383869326,0.02377920150756836,0.0010182309113599647,0.6093000173568726,0.35690000653266907,0.4501328395741867,0.4224318265914917,1.7629656791687012,0.7768999934196472,0.44440001249313354,2.0718953609466553,0.68090887,0.5098,13.54067325592041,14.020490646362305,14.02472972869873,0.5336,0.147817924618721,0.15452654659748077,0.1551344096660614,0,10000
vanilla,90000,38.5654440351027,0.02393723964691162,0.0010624275589443473,0.6093999743461609,0.37880000472068787,0.4671943291824278,38.624589360572145,0.024074804782867432,0.0011047711895902223,0.6018000245094299,0.37860000133514404,0.4647929091729346,0.2213890552520752,1.687798023223877,0.9121000170707703,0.4916999936103821,2.629256248474121,0.70326402,0.5078,13.587406158447266,14.058670043945312,14.059743881225586,0.5334,0.14547774195671082,0.15236692130565643,0.15301474928855896,0,10000
vanilla,100000,38.339715858345926,0.023583719730377196,0.0010632961154677675,0.6209999918937683,0.3531999886035919,0.45029192044888156,38.43600069806513,0.02373761177062988,0.0010019515924349135,0.6140000224113464,0.3474000096321106,0.44373539960559555,0.09864570200443268,1.5042808055877686,0.9746999740600586,0.5501999855041504,3.198282480239868,0.709337815,0.517,13.478987693786621,13.954465866088867,13.969876289367676,0.5414,0.1441161334514618,0.15085385739803314,0.15155456960201263,0,10000
rsgan,10000,91.31135829257107,0.07856714487075805,0.0019766636400890994,0.5960000157356262,0.03519999980926514,0.06647401750174389,91.37107844865295,0.07889349460601806,0.0018040647296297416,0.6085000038146973,0.033900000154972076,0.06422213604031266,0.19122135639190674,0.19321666657924652,0.9373999834060669,0.934499979019165,-0.009528953582048416,0.499642165,0.5283,13.641834259033203,14.13281536102295,14.174034118652344,0.5074,0.16155102849006653,0.16832293570041656,0.1684248298406601,0,10000
rsgan,20000,63.62466164562073,0.04661780595779419,0.0016187430003560398,0.602400004863739,0.17720000445842743,0.2738462859702179,63.5575786215918,0.046769101619720456,0.001475031164474365,0.5879999995231628,0.1729000061750412,0.26722355838383993,0.3381860852241516,0.366443008184433,0.8450999855995178,0.8256999850273132,0.04846278578042984,0.50824027,0.5228,13.842697143554688,14.323712348937988,14.345847129821777,0.5225,0.16076475381851196,0.1675720512866974,0.16799147427082062,0,10000
rsgan,30000,52.35090215242093,0.03368960380554199,0.001413587180497165,0.5929999947547913,0.2363000065088272,0.33793778465399604,52.19200882305074,0.0336823844909668,0.0011195845554063555,0.5776000022888184,0.23119999468326569,0.3302203708164412,0.3408922553062439,0.4017035663127899,0.8422999978065491,0.8073999881744385,0.13985861837863922,0.521315455,0.5212,13.851454734802246,14.329021453857422,14.348509788513184,0.5221,0.16141963005065918,0.1683502197265625,0.16865776479244232,0,10000
rsgan,40000,47.89313547046464,0.03054844379425049,0.0013508117372985574,0.5982999801635742,0.290800005197525,0.39137473896275893,47.86015738864239,0.03058911323547363,0.0011843998955074543,0.5845000147819519,0.2953000068664551,0.3923683885689434,0.20714613795280457,0.3155868947505951,0.9200999736785889,0.8562999963760376,0.3735576272010803,0.55250024,0.511,13.809259414672852,14.288580894470215,14.300426483154297,0.5087,0.1614992469549179,0.16858305037021637,0.16875596344470978,0,10000
rsgan,50000,45.62275591771186,0.028630387783050538,0.0012109804608549128,0.5820000171661377,0.3133000135421753,0.40732850889201727,45.6876386414188,0.028690102100372313,0.0009586792889249078,0.566100001335144,0.31130000948905945,0.4017026068231856,0.28367725014686584,0.47101089358329773,0.8748000264167786,0.7797999978065491,0.6226127743721008,0.566103175,0.4992,13.862881660461426,14.346334457397461,14.349115371704102,0.525,0.1573677808046341,0.16431091725826263,0.1647266149520874,0,10000
rsgan,60000,42.998228700631614,0.02692797899246216,0.0011995129346951882,0.5864999890327454,0.3361000120639801,0.4273198637656701,43.03511436715576,0.027019584178924562,0.000949491923384203,0.5845000147819519,0.3303000032901764,0.4220821009873763,0.17774809896945953,0.4248506724834442,0.9301999807357788,0.8091999888420105,0.9049705266952515,0.59114866,0.5103,13.701467514038086,14.182381629943848,14.191840171813965,0.5224,0.1571187525987625,0.1640571504831314,0.16449278593063354,0,10000
rsgan,70000,39.94198221828583,0.024076054096221922,0.001145631257504825,0.5889999866485596,0.3546999990940094,0.44276422144104227,39.9721967544595,0.02417374849319458,0.0009526443065283254,0.5794000029563904,0.35269999504089355,0.4384816620716441,0.13165555894374847,0.4446756839752197,0.951200008392334,0.8050000071525574,1.275678277015686,0.6130564,0.5152,13.633101463317871,14.106822967529297,14.122062683105469,0.5305,0.1547165960073471,0.1614149510860443,0.16202068328857422,0,10000
rsgan,80000,39.489233280553606,0.023742876052856444,0.0011548280155889807,0.5799000263214111,0.3508000075817108,0.43715252223007994,39.52079880731486,0.023812801837921144,0.0009455804502131436,0.578000009059906,0.34630000591278076,0.43310917085930717,0.11286838352680206,0.4725818336009979,0.9563999772071838,0.8055999875068665,1.6326243877410889,0.62565845,0.508,13.648229598999023,14.122734069824219,14.137673377990723,0.5215,0.15359459817409515,0.1605025827884674,0.16090093553066254,0,10000
rsgan,90000,39.07053814743358,0.02302557706832886,0.0011183588731972784,0.588699996471405,0.35179999470710754,0.44041394489158436,39.15152530559544,0.023154940605163574,0.0010070712802039375,0.5812000036239624,0.34369999170303345,0.4319568330254664,0.10292397439479828,0.5424107313156128,0.9623000025749207,0.7864000201225281,1.895849585533142,0.63922985,0.5122,13.582344055175781,14.068841934204102,14.078720092773438,0.5425,0.15181557834148407,0.15854278206825256,0.15918603539466858,0,10000
rsgan,100000,38.64076017337919,0.023100988864898683,0.0010907825641859404,0.5903000235557556,0.35100001096725464,0.4402322471963661,38.735657347678966,0.02323925495147705,0.0009560751262489471,0.5803999900817871,0.3483999967575073,0.43542497314341483,0.10241464525461197,0.6349759697914124,0.9605000019073486,0.7709000110626221,2.2694830894470215,0.65205045,0.5059,13.634968757629395,14.1100435256958,14.118420600891113,0.5377,0.1522894948720932,0.15907011926174164,0.15976931154727936,0,10000
paired,10000,121.2314326743832,0.10641103744506836,0.002440547692063467,0.6241999864578247,0.011599999852478504,0.022776721946307203,121.12008790997402,0.1065865159034729,0.002440854768235596,0.6546000242233276,0.011900000274181366,0.023375064310341497,0.43947285413742065,0.4393746554851532,0.7934499979019165,0.7929999828338623,-0.006309533026069403,0.500092335,0.5044,13.58316707611084,14.130935668945312,14.142822265625,0.5209,0.16962629556655884,0.17614692449569702,0.17656052112579346,0,10000
paired,20000,76.0493022830521,0.05829511642456055,0.0017240767543432224,0.5989000201225281,0.12700000405311584,0.2095613788395966,75.9612561535115,0.05838433027267456,0.0015233865311669037,0.5846999883651733,0.12530000507831573,0.20637440052956443,0.45462557673454285,0.47472530603408813,0.7820000052452087,0.7662500143051147,0.03480684012174606,0.51105351,0.5263,13.949881553649902,14.43554973602295,14.47341537475586,0.5131,0.16766588389873505,0.17469164729118347,0.1749330461025238,0,10000
paired,30000,61.06541168947797,0.0438489031791687,0.0016263896345775307,0.5679000020027161,0.23149999976158142,0.32891881420584324,60.958381336610046,0.04389536380767822,0.0014912820437534443,0.5583000183105469,0.2289000004529953,0.32468209196671344,0.5066280364990234,0.5509454011917114,0.7447500228881836,0.7181000113487244,0.10622436553239822,0.52505077,0.5158,13.983153343200684,14.45435619354248,14.470108985900879,0.517,0.16486527025699615,0.17184963822364807,0.1721338927745819,0,10000
paired,40000,53.67709072898617,0.035782876014709475,0.0014552359203582515,0.5776000022888184,0.2754000127315521,0.3729684529496435,53.56039576995295,0.03580770254135132,0.001297389190708748,0.5604000091552734,0.2721000015735626,0.3663299493281139,0.4182741343975067,0.4807511270046234,0.8025000095367432,0.7620499730110168,0.17228567600250244,0.54340005,0.5081,13.940293312072754,14.413818359375,14.429352760314941,0.5186,0.16549719870090485,0.17237716913223267,0.1727847158908844,0,10000
paired,50000,48.33008308804045,0.03136160850524902,0.0012703511411663064,0.5697000026702881,0.2865000069141388,0.3812638469444632,48.23623590099231,0.03138749837875366,0.001201335634628458,0.5562000274658203,0.28690001368522644,0.37854059471710666,0.38881832361221313,0.5406647324562073,0.8216999769210815,0.7455999851226807,0.2981202006340027,0.56930688,0.513,13.881241798400879,14.354619979858398,14.371318817138672,0.5211,0.16339942812919617,0.1702650934457779,0.17053773999214172,0,10000
paired,60000,47.94512421608846,0.031020355224609376,0.0012615888976816537,0.5687999725341797,0.3003999888896942,0.3931604073010324,47.8632334783789,0.03105692148208618,0.0011845650045155774,0.5546000003814697,0.299699991941452,0.38912236249260723,0.3563443422317505,0.6045212149620056,0.8334000110626221,0.732450008392334,0.4456067383289337,0.589559785,0.5169,13.897918701171875,14.368209838867188,14.391214370727539,0.527,0.16187168657779694,0.16873355209827423,0.16908690333366394,0,10000
paired,70000,45.653031910586606,0.029284908771514892,0.0012049400325398073,0.5916000008583069,0.3091999888420105,0.40613391597656995,45.60973855443268,0.029330503940582276,0.001121201837435881,0.5688999891281128,0.31459999084472656,0.4051520892547647,0.3329671025276184,0.6362494826316833,0.8468000292778015,0.7332500219345093,0.66285640001297,0.602865475,0.5167,13.775750160217285,14.250529289245605,14.269754409790039,0.5188,0.1604979783296585,0.1673334687948227,0.16769972443580627,0,10000
paired,80000,43.97209447873257,0.027893879413604737,0.001241850050835172,0.5834000110626221,0.3384000062942505,0.4283414269870326,43.97651582210841,0.027974750995635986,0.0010862497940639588,0.5723000168800354,0.3255999982357025,0.4150593191880345,0.27059799432754517,0.6581422090530396,0.8824999928474426,0.7337499856948853,0.8480963110923767,0.62716315,0.5168,13.765998840332031,14.235674858093262,14.248922348022461,0.5202,0.15905100107192993,0.16586583852767944,0.16624675691127777,0,10000
paired,90000,45.19517365619811,0.029494590759277343,0.0013596419645940702,0.5917999744415283,0.33070001006126404,0.4242997523898101,45.23827614082768,0.029592876434326173,0.0012456677634198926,0.5719000101089478,0.3303999900817871,0.4188313368676215,0.2607674300670624,0.8378346562385559,0.8817499876022339,0.7186499834060669,1.0272284746170044,0.64214565,0.5153,13.769840240478516,14.242630958557129,14.259418487548828,0.5252,0.15766219794750214,0.1644217073917389,0.16487666964530945,0,10000
paired,100000,42.46353025601735,0.027043967247009276,0.0012767456584521924,0.5911999940872192,0.335999995470047,0.428479718663605,42.52645755783499,0.027131822109222412,0.0011612358315039178,0.5837000012397766,0.33090001344680786,0.42236242107503424,0.2073071002960205,0.6529046893119812,0.9186999797821045,0.7535499930381775,1.227698802947998,0.655420475,0.5142,13.674836158752441,14.152809143066406,14.16828727722168,0.528,0.157675102353096,0.16451755166053772,0.16498880088329315,0,10000
