method,seed,step,training_seconds,wall_seconds,d_loss,g_loss,coverage,valid_fraction,mode_tv,mode_0_mass,mode_1_mass,mode_2_mass,mode_3_mass,mode_4_mass,mode_5_mass,mode_6_mass,mode_7_mass,mode_8_mass,mode_9_mass,mode_10_mass,mode_11_mass,mode_12_mass,mode_13_mass,mode_14_mass,mode_15_mass,mode_16_mass,mode_17_mass,mode_18_mass,mode_19_mass,mode_20_mass,mode_21_mass,mode_22_mass,mode_23_mass,mode_24_mass,d_pair_rms_before_mean,d_pair_rms_after_mean,reference_weight_0,reference_weight_1,reference_weight_2,reference_weight_3,reference_weight_4,reference_weight_5,reference_weight_6,reference_weight_7,reference_weight_8,reference_weight_9,reference_weight_10,reference_weight_11,reference_weight_12,reference_weight_13,reference_weight_14,reference_weight_15,reference_weight_16,reference_weight_17,reference_weight_18,reference_weight_19,reference_weight_20,reference_weight_21,reference_weight_22,reference_weight_23,reference_weight_24,ema_mass_0,ema_mass_1,ema_mass_2,ema_mass_3,ema_mass_4,ema_mass_5,ema_mass_6,ema_mass_7,ema_mass_8,ema_mass_9,ema_mass_10,ema_mass_11,ema_mass_12,ema_mass_13,ema_mass_14,ema_mass_15,ema_mass_16,ema_mass_17,ema_mass_18,ema_mass_19,ema_mass_20,ema_mass_21,ema_mass_22,ema_mass_23,ema_mass_24
vanilla_deficit,2,0,0.0,0.00215849990490824,nan,nan,1,0.9612,0.9600000000000001,0.0,0.0,0.0,0.0,0.0,0.0,0.0,0.0,0.0,0.0,0.0,0.0,0.9612,0.0,0.0,0.0,0.0,0.0,0.0,0.0,0.0,0.0,0.0,0.0,0.0,0.0,0.0,0.04,0.04,0.04,0.04,0.04,0.04,0.04,0.04,0.04,0.04,0.04,0.04,0.04,0.04,0.04,0.04,0.04,0.04,0.04,0.04,0.04,0.04,0.04,0.04,0.04,0.04,0.04,0.04,0.04,0.04,0.04,0.04,0.04,0.04,0.04,0.04,0.04,0.04,0.04,0.04,0.04,0.04,0.04,0.04,0.04,0.04,0.04,0.04,0.04,0.04
vanilla_deficit,2,1000,0.8962379019940272,0.9010908339405432,0.682213544845581,0.7316556572914124,0,0.10609999999999997,0.8938999999999999,0.0025,0.0025,0.0033,0.0044,0.0025,0.0027,0.007,0.0078,0.0061,0.0021,0.0038,0.0061,0.0055,0.0073,0.0024,0.0038,0.0069,0.0049,0.0067,0.0025,0.0027,0.0032,0.0046,0.0033,0.0015,0.0,0.0,0.04117237241296219,0.04076714628714155,0.04060836296032212,0.0407323493220824,0.041193858992204735,0.040721280938167174,0.03860022688473368,0.0382693496085665,0.03879226428040358,0.040566872392993614,0.04085146750525974,0.03872887038280496,0.03859807610122595,0.03851440456642579,0.04046973661457118,0.0404079605048928,0.038357460409782274,0.03909910983573903,0.03839352529307068,0.040613207456677416,0.04141024155853939,0.04049888956846258,0.040661690067026204,0.04052814888893431,0.04144312716701011,0.0024841070543238117,0.0031944823118240993,0.00351189741420796,0.003294545081646445,0.002524565346059852,0.003274885837194115,0.007071291133975283,0.007651330315265104,0.006734643011590704,0.0035455692977330445,0.003124789332634972,0.006845774682184171,0.0070359990310221825,0.007182678093135317,0.003715851639399899,0.0038241472724400314,0.007496869067300256,0.006157669758815814,0.007394583593458594,0.003503404846412917,0.002067114306882926,0.00370380801418264,0.0034184131723419254,0.00365251542471226,0.00212665221052945
vanilla_deficit,2,2000,1.8410882512107491,1.8486695839092135,0.6788601279258728,0.7316635847091675,0,0.1049,0.8951,0.0076,0.0023,0.0015,0.0032,0.0067,0.0041,0.0041,0.005,0.0048,0.0038,0.0043,0.0037,0.0036,0.0054,0.0032,0.004,0.005,0.0052,0.0058,0.0043,0.0049,0.0018,0.0022,0.0035,0.0049,0.0,0.0,0.038148032789855874,0.040994641085872426,0.04083897137151425,0.04032342037098517,0.03868920719793284,0.04048511937089917,0.03951775138416262,0.03982232982946929,0.03930883418799899,0.04053274484431867,0.04059721227750536,0.040528373737321696,0.04011500346437244,0.03965378004900581,0.04051740387366287,0.04071104090743262,0.03938968936193006,0.03933637602138171,0.038760822029290605,0.039751557978244395,0.039631810309021326,0.04100993033230424,0.040927152088516834,0.04066858096331851,0.03974021417368226,0.007798297647765482,0.002830725119874356,0.003026393126723276,0.0038550229132969004,0.006807413728756803,0.003609688055895368,0.005350164288874799,0.004736344541147512,0.005678546847510138,0.0035259240326626523,0.0033734757501500466,0.003533611966907882,0.0042215880590924185,0.005071853600371227,0.003552905841559451,0.003173273141815005,0.005497275689383196,0.005669168573997591,0.006642394551227952,0.004938943579190283,0.005110494136167444,0.0026866467839125954,0.002832237751055245,0.003287014495165316,0.004919832643776755
vanilla_deficit,2,3000,2.7691452484577894,2.779370083939284,0.6597713232040405,0.7242794036865234,0,0.14439999999999997,0.8556000000000001,0.0041,0.007,0.0094,0.008,0.0095,0.0044,0.0031,0.003,0.0044,0.0076,0.0087,0.003,0.0047,0.0037,0.0056,0.0085,0.0038,0.0037,0.0028,0.0051,0.0096,0.008,0.006,0.0059,0.0048,0.0,0.0,0.03817696150127806,0.039611906341424453,0.039163861545214174,0.039007613417199,0.03924589234724202,0.038610537859656374,0.042040127063122434,0.041755564923701076,0.04172436980336365,0.03899303991302831,0.03788992222084896,0.04183230628904233,0.0417173838681653,0.041370186649378415,0.039367329471442836,0.03792564760725815,0.0419654925722942,0.0417835913599658,0.04162941921219877,0.03946484328763482,0.039541399221163794,0.038992444102542934,0.03948528252416691,0.03971018429314615,0.038994692605521096,0.009470383430099767,0.006965420865055461,0.007906288289873775,0.008049100598644407,0.007808850000318906,0.008631716756570824,0.002924816146686749,0.003437395371480619,0.0034893046354528556,0.00811241368228743,0.009908959663883405,0.003309696303549462,0.0034618668623454456,0.004078672031246561,0.0074505263532874105,0.009810449452396282,0.0030880718360038768,0.003351696357098551,0.0036863666958900252,0.0072882615384414415,0.007238996032515773,0.00819153012208406,0.0072151877663880265,0.006880009514389357,0.007992476071053849
vanilla_deficit,2,4000,3.6601579992566258,3.673110708943568,0.6448754668235779,0.7828280925750732,11,0.22530000000000006,0.7746999999999999,0.0216,0.0102,0.0115,0.0101,0.0129,0.0098,0.0033,0.0044,0.0038,0.0064,0.0117,0.0039,0.0045,0.0039,0.0088,0.0106,0.0038,0.0038,0.0037,0.0077,0.0158,0.0095,0.012,0.0108,0.0208,0.0,0.0,0.03381633325551045,0.03927493952872684,0.03939953822681478,0.03929728413740182,0.03538773439289639,0.03994169122507252,0.043453060511394574,0.04338076506261945,0.04318567712160497,0.04026851703939377,0.037776443466827014,0.04301710906215513,0.04255796717905801,0.042738995015717075,0.03996096234673566,0.039014470939056294,0.043133997896363505,0.043070851449280884,0.043043353306629076,0.04061986156326021,0.035059394458797,0.03906359519892645,0.039099134477079106,0.0396224844999509,0.0348158386387281,0.018478736797932587,0.010072340911605322,0.009880455670094575,0.009959804632050573,0.01605873810304458,0.008928338426823612,0.0035207382361396445,0.003632075110932278,0.003932515623167623,0.008425018157227245,0.012380063890681768,0.0041921148268101805,0.004860142789855057,0.00458135520466716,0.008937722897347703,0.01043440682628282,0.0040121029765567235,0.004148412650362996,0.004151698006518882,0.008001125936089171,0.01648626515655012,0.010475941686135902,0.010264960271794589,0.009380862600534967,0.017056659965373953
vanilla_deficit,2,5000,4.48400189622771,4.499742291984148,0.6058710217475891,0.8265198469161987,14,0.26339999999999997,0.7366,0.0289,0.01,0.0107,0.0109,0.0219,0.0117,0.0041,0.0044,0.0041,0.0104,0.012,0.0042,0.0042,0.0048,0.0113,0.0128,0.0034,0.0031,0.0034,0.0084,0.0219,0.0097,0.0128,0.0112,0.0231,0.0,0.0,0.0305005128715129,0.039585365663469735,0.03861655823447624,0.03900761666916578,0.03308156274355333,0.03986984057453442,0.04459445016293925,0.04437464722893658,0.044239594239836866,0.03964681528115975,0.038234431100879124,0.04443568640900508,0.04369301406054202,0.04343306500201484,0.04028723296843883,0.039038615151442316,0.04406167341493815,0.044282601169539776,0.04375018744775139,0.04042432786916768,0.03231019526450376,0.039455313039130205,0.03957466873407749,0.039872680700133195,0.03362934399885135,0.024461590040699855,0.010825572543219437,0.012254721821650105,0.011638784224458286,0.020380682189184915,0.010366863061050762,0.0033972918314511985,0.003760599578882061,0.003842637307906458,0.010656799315147156,0.012896546790194401,0.0035924318133744478,0.004727057393458464,0.005032399735166221,0.009751141070571531,0.011553993897387458,0.004183224600114466,0.003818257558484102,0.004642717304158572,0.009470778688208848,0.02183107527618764,0.01105648391707247,0.010880414762144838,0.01036267341166464,0.01980699032025067
vanilla_deficit,2,6000,5.370016668457538,5.388459166977555,0.5931990146636963,0.8693865537643433,14,0.266,0.734,0.0251,0.0105,0.0116,0.0097,0.0263,0.0106,0.0031,0.0039,0.0041,0.0114,0.0129,0.0048,0.005,0.0049,0.0117,0.0112,0.0035,0.0039,0.0041,0.0094,0.0207,0.0105,0.0137,0.0109,0.0225,0.0,0.0,0.028619072706821656,0.04003905563611944,0.03868080746383443,0.039108508528027136,0.030973449327478572,0.04007737584707734,0.0452635070399461,0.044331395068689494,0.044658418261938074,0.039738196382231916,0.03842253972146213,0.044630035978784954,0.04456491674737439,0.04420080169429556,0.04023419571355938,0.039894102406989713,0.043941363061872935,0.04448772221574764,0.04444947153557053,0.04067522720482627,0.032854227161904254,0.03914898864785106,0.03963524814781277,0.03914255135252373,0.03222882214726062,0.027337560169094978,0.010610754675108072,0.012547175275420562,0.01188604956080424,0.02387421091444833,0.01047689543545112,0.0028949444290891765,0.004211577805873321,0.0037750064674813713,0.011009272275530765,0.013039996308984614,0.0038162866413563243,0.0039109983028787505,0.004401517324579972,0.010365998699926365,0.010743454663003882,0.004856978841114255,0.004101397698513401,0.004078905810198891,0.009685484751302187,0.021216867608166948,0.011866236375018286,0.011237128746886184,0.01179747399989815,0.022009290783512617
vanilla_deficit,2,7000,6.2502766730031,6.272166749928147,0.5456604361534119,0.9221436977386475,15,0.2793,0.7207000000000001,0.0329,0.0102,0.0102,0.0102,0.0272,0.0119,0.0037,0.0031,0.0036,0.0121,0.0139,0.004,0.0045,0.0041,0.0112,0.0124,0.0042,0.0042,0.0037,0.0081,0.0227,0.0117,0.0129,0.011,0.0256,0.0,0.0,0.027201476005771694,0.03949749959116937,0.03876551874514648,0.039373096921513334,0.029527325280718622,0.039095085816687095,0.04561378687349557,0.045376131721081216,0.04562324747487302,0.04050417064043352,0.03874575029954302,0.04505000926423491,0.0447096538426882,0.044962683897995945,0.04009244917646998,0.03929198652108601,0.04522090934024882,0.04465924227312233,0.04500945678994139,0.041884181109629236,0.029180428703401182,0.03987312841814626,0.039289985266755124,0.04005268520295811,0.03140011082288958,0.02955411399200341,0.011845027362809542,0.013007133174547103,0.0120226148342016,0.02631203941172975,0.012497606631847631,0.00307483396522549,0.0034531542777567884,0.003022266254436078,0.010368920411458878,0.012918165553411251,0.0038405760593140954,0.0044045657023654,0.0040433598871482766,0.011034786606284406,0.012138401665427285,0.0036356750459591363,0.004398404296015455,0.003976590583617613,0.008477050953971318,0.02672911669453202,0.011308809179154528,0.012102195998783163,0.011130613028859355,0.023599535499151336
vanilla_deficit,2,8000,7.099193278118037,7.124214499955997,0.5085756778717041,0.9948039054870605,14,0.28669999999999995,0.7133,0.0348,0.0105,0.0116,0.0093,0.0228,0.012,0.0037,0.0032,0.0039,0.0112,0.0139,0.0043,0.0034,0.0048,0.0103,0.0132,0.0046,0.0037,0.0045,0.0093,0.0251,0.0118,0.0131,0.013,0.0287,0.0,0.0,0.023797064317365165,0.04030165617739786,0.039316364789748606,0.04036676453297071,0.028880561484135498,0.03963781407363681,0.04583744905593399,0.04542844955545086,0.04514779226301384,0.03994124189444408,0.03899171307811147,0.045257196807652944,0.04556228266105021,0.04502056515848011,0.04104694191506608,0.03941820775522241,0.0451242983565493,0.045359516000359895,0.04516939786808058,0.04172780840274835,0.028246774605678385,0.03965453258602934,0.03992073294186574,0.03978516636501271,0.031059707353995124,0.03448766974779356,0.010960318191163899,0.012240671037757337,0.010828905798579834,0.027238159169783963,0.011901913880929328,0.0029911449790012354,0.0035322086333822843,0.003930293803579718,0.011393405922981424,0.01274022052799279,0.003814176559647695,0.0033423793431545177,0.0041498156214982065,0.009942265099585446,0.012135279161061791,0.003963617633052772,0.003669046700774182,0.004016835846639943,0.008898396971098812,0.02809806193517471,0.011839137791328867,0.01150062088464544,0.011731971435851987,0.02414725193927704
vanilla_deficit,2,9000,7.945899032289162,7.973829541937448,0.48116037249565125,1.0889742374420166,15,0.3092999999999999,0.6907000000000001,0.0312,0.0105,0.0118,0.01,0.0344,0.0127,0.004,0.0037,0.0033,0.0127,0.0133,0.004,0.0036,0.0048,0.0125,0.0134,0.004,0.003,0.0044,0.0086,0.0338,0.0132,0.013,0.0135,0.0299,0.0,0.0,0.025272100594917996,0.040788599752284264,0.03974043783852716,0.040781257736498426,0.027455044052576184,0.03984644562125742,0.046162449728368124,0.04616752096272857,0.04628881937274487,0.03949502056714027,0.0400115433865684,0.046140499828407955,0.046203396000914235,0.046200721822806906,0.03980872676247054,0.03967635345797897,0.04590833329322875,0.04572425045763827,0.046100350550938626,0.041434479366835385,0.02556893180817312,0.039664497176176136,0.039278496205307246,0.03922650161159448,0.027055222043917686,0.03255148430662441,0.010960710197603548,0.01252583073860257,0.010931789973433574,0.02961408668794205,0.01234032886773476,0.0035372626981108823,0.0034521322844503015,0.00332363290934485,0.01286485066616239,0.012190387472408491,0.0034894593354283686,0.003441636932314715,0.0034843935474970114,0.012392433777471972,0.012458107034769041,0.003849237168515868,0.00406446707929126,0.0035449216305729263,0.010107553258848979,0.03225862855316241,0.012552610327035158,0.013046770368555855,0.013235783308120034,0.030283589139722858
vanilla_deficit,2,10000,8.79023781453725,8.82190170895774,0.4649139940738678,1.1474237442016602,12,0.30889999999999995,0.6911,0.0382,0.0091,0.0097,0.0094,0.031,0.0141,0.0031,0.0042,0.0038,0.0116,0.0132,0.0039,0.0031,0.0037,0.0125,0.0163,0.0037,0.0035,0.0041,0.0085,0.0343,0.013,0.0131,0.0137,0.0281,0.0,0.0,0.020723479951899416,0.041393121688702975,0.04054382548383882,0.04107583270689301,0.029173390591152558,0.038205232188574745,0.04647889011546945,0.04655129143902559,0.04663336618635769,0.04076090096757738,0.0390358447090849,0.0469317730555325,0.046626550857100935,0.046417976886519316,0.040451722744881874,0.03926757021261541,0.046379810312237896,0.046486749997164345,0.04617309468210772,0.04108406298443301,0.024936242517889645,0.04001392775905592,0.039744647118958844,0.038830146332245914,0.026080548510680125,0.039003712641374165,0.010456310263760232,0.011771100895762405,0.01096725502135263,0.02728172104367577,0.014844031682850069,0.0035187196638997624,0.003380893181828343,0.0033470585038020465,0.011357796720941197,0.01394535280959666,0.0028618711846399476,0.003278230420259695,0.0036018125240361966,0.01189673994229198,0.013394876772321682,0.003614813752610645,0.0035470603541776524,0.003935860859870303,0.010877902947820282,0.03325700545285201,0.012337694164636648,0.012822212357011423,0.014265012262862187,0.03146166152293267
vanilla_deficit,2,11000,9.687875911360607,9.726852374966256,0.4693630337715149,1.1721704006195068,13,0.32699999999999996,0.673,0.039,0.0096,0.0099,0.0088,0.0334,0.0145,0.0042,0.0045,0.004,0.0116,0.0133,0.004,0.0024,0.0043,0.0155,0.0152,0.0034,0.0036,0.0034,0.0107,0.0352,0.013,0.0142,0.0129,0.0364,0.0,0.0,0.020078309733214297,0.04143104066615988,0.04121241052337675,0.04106892432120471,0.02540558431271413,0.03815821518214575,0.047067183157002576,0.04710496367003157,0.04709818545758271,0.04032548986306883,0.039638753106535446,0.04687848212795598,0.047412956497326915,0.046997895983607325,0.04069848278853648,0.03907882605239903,0.0467823686310465,0.04670679444559415,0.04683216005247009,0.04147096662194358,0.022332468047945777,0.03992033824093741,0.03990972729865305,0.039484841951644006,0.026904631266903137,0.04000247527567368,0.01088952782683825,0.011183615055201306,0.011454748480151069,0.03260219261138548,0.01521379749784402,0.0031909633826932007,0.0031792059627069103,0.003149261078818598,0.012493831272319315,0.01330039795723182,0.003444791889207137,0.0027258512897157566,0.0033232265389500594,0.011757730141359337,0.01409263837378201,0.0035740775931570592,0.003714797634301892,0.003546163870499396,0.010796759495031604,0.036931263765331165,0.012999752716905653,0.012974963375066742,0.013468366859123542,0.030820145912476275
vanilla_deficit,2,12000,10.54532992374152,10.587350874906406,0.45298442244529724,1.3982229232788086,12,0.3197,0.6813,0.041,0.0106,0.0099,0.0097,0.0343,0.0164,0.0032,0.0025,0.0042,0.0096,0.0132,0.0031,0.0028,0.0028,0.0131,0.0169,0.0037,0.0034,0.0034,0.0096,0.0378,0.0128,0.0135,0.013,0.0292,0.0,0.0,0.02,0.04176265057051348,0.04165132648157337,0.040991492323612155,0.026604410559661378,0.03854961468053418,0.047542103774992905,0.047168435121842836,0.046933260807285195,0.04039839253805617,0.040227994224031255,0.047475005018165914,0.047661952914637054,0.04714950460829903,0.04052794994960342,0.03841917116671956,0.047377433654559334,0.04681121909289497,0.04720610083666392,0.04158034041971445,0.02,0.03921905443383809,0.03990598253633167,0.03897021464020889,0.02586638964626082,0.042181812728387946,0.010669605980902417,0.010857257713544361,0.011698905328810953,0.03129261080865445,0.015036313460116395,0.0029945742096656523,0.0033370764470523236,0.003650974106309273,0.012490542097231036,0.012717980336030037,0.002966946416671324,0.00271741871116624,0.0034014063488139123,0.012317616034703483,0.015249484742908761,0.003097179272688036,0.0038138686322308334,0.0032868023355328967,0.01099106848016224,0.04495217718742992,0.014064657327811817,0.013147783714908389,0.014318669912212183,0.03200424277780486
vanilla_deficit,2,13000,11.389807964093052,11.4358392090071,0.40960434079170227,1.3408079147338867,13,0.3388,0.6636,0.0382,0.0083,0.0096,0.0085,0.0332,0.0176,0.0034,0.0034,0.0037,0.0124,0.0133,0.0036,0.0026,0.0032,0.0157,0.0175,0.0027,0.0029,0.0036,0.0122,0.0424,0.0143,0.0145,0.0142,0.0378,0.0,0.0,0.020917184720056745,0.04208156272635633,0.042437737366289474,0.04131615200749633,0.022899563998906233,0.03851757473985511,0.047542247358578246,0.04794619039143808,0.047791725312642426,0.0399090146107241,0.03983997258660766,0.04766236878884149,0.04774130333580247,0.04768007670936156,0.040271370469997694,0.03900811667375233,0.04715020831238197,0.047839815666405286,0.047428954363642514,0.04133027571333075,0.02,0.04024513118616979,0.03992768878283169,0.03960123649050762,0.022914527688024138,0.03874372722842203,0.010599042314448266,0.010051872983960267,0.011685132278611393,0.03605501838170074,0.01556587505255257,0.0033688356953515512,0.0027978229435351946,0.003040299615529823,0.013460058406276015,0.013550979449905931,0.0032106484761669917,0.0031067000262194155,0.0031873290176950815,0.013139124063664511,0.014646445707079516,0.00384604715574019,0.0029379072058319717,0.003518030587409513,0.011705595351801112,0.042953951103483344,0.01305649092530535,0.01339640399665756,0.01394349463888621,0.03623062528574575
vanilla_deficit,2,14000,12.225073511363007,12.274313958943821,0.4048108756542206,1.382254719734192,15,0.34850000000000003,0.6613,0.0474,0.0108,0.01,0.0087,0.0385,0.0181,0.003,0.0027,0.0028,0.0103,0.0126,0.0033,0.0029,0.0036,0.0153,0.0175,0.0031,0.0029,0.0036,0.0122,0.035,0.0128,0.0141,0.0149,0.0424,0.0,0.0,0.02,0.042328186848688165,0.04149464885253576,0.042353614331525194,0.022106952372590496,0.03780906230267711,0.04795969678543907,0.04848355916385419,0.048042831977156475,0.03979465388018187,0.040120006944040484,0.048423250060201255,0.04865372805937601,0.0483313738199387,0.03927684184629738,0.038364230086460414,0.04770615674773014,0.047903706735766355,0.04785322286118104,0.04155586666353128,0.02100024398482703,0.040520872147724464,0.04061081415717106,0.03922969618121229,0.020076783189893824,0.047435659884397574,0.010761463055632216,0.011920539979496898,0.010689425590341375,0.03725827898679375,0.016621971388478003,0.0033411993569547323,0.002739967149002555,0.0032333876604962574,0.01392982144450942,0.013742270843113167,0.002779114930862673,0.0024411630727692786,0.0028591997272399148,0.014679457421587157,0.015941079085315647,0.0037090586158346705,0.0034528710867563345,0.0035183397775767206,0.01180208876431433,0.03865442227996957,0.013222419300492687,0.012988592860700705,0.014779659542829202,0.04000823823077734
vanilla_deficit,2,15000,13.090699119842611,13.142925666994415,0.39097124338150024,1.4898266792297363,15,0.352,0.6620999999999999,0.0502,0.0114,0.0113,0.0091,0.0411,0.0178,0.0027,0.0029,0.0027,0.0134,0.0139,0.0026,0.0025,0.002,0.0133,0.0179,0.0025,0.0022,0.0035,0.0101,0.0428,0.0137,0.0125,0.015,0.0349,0.0,0.0,0.02,0.04186265980602904,0.04258689885450169,0.041665474329886584,0.02,0.03801755876415687,0.04838020735504095,0.0488422401884788,0.048477719576692155,0.040063884662192004,0.039277464308839195,0.04856189562175792,0.04883658932738488,0.048451351621178834,0.039998150018377004,0.03939812409945828,0.04787934480452232,0.04840033859279512,0.048081016875321056,0.040966498562842124,0.02,0.04012643760434403,0.04091195348476546,0.03921419154143567,0.02,0.0479987318805727,0.011412280837325414,0.010673825575940769,0.011861826302288308,0.039937527924770205,0.0164088658566353,0.003087274581984608,0.002413446594862726,0.0029224887188064974,0.013848644916988218,0.015018833580480902,0.0028530223051432134,0.002420732299665149,0.002917422655264726,0.013933397170170368,0.014863265853480922,0.00373304106412264,0.002983194200468983,0.0033948984932933948,0.012606771893207705,0.045784935563758386,0.01380705735968394,0.012677097341079666,0.014905099214799393,0.040073563542866356
vanilla_deficit,2,16000,13.981896067620255,14.037177166901529,0.38223597407341003,1.6453843116760254,15,0.365,0.6553,0.0505,0.01,0.0104,0.0092,0.0473,0.0185,0.0028,0.0027,0.0023,0.0142,0.014,0.0025,0.0018,0.0033,0.0145,0.0169,0.0025,0.0027,0.0036,0.0134,0.0373,0.0137,0.012,0.0164,0.0425,0.0,0.0,0.02,0.041497397528143715,0.04207698968155868,0.0417732468884396,0.02,0.037079844598798414,0.04830259385721722,0.04901036928001132,0.048518785931472824,0.03881353713451283,0.04070734835240161,0.04872970130193048,0.04906590315302152,0.048471567423423484,0.04037796481809096,0.03922631669948737,0.04813282990293251,0.0486372419899303,0.04839642839571505,0.04071068592968308,0.02,0.03956056395582181,0.04143467908360342,0.03947600409380386,0.02,0.04940091778693784,0.01204938759212977,0.011265425650725292,0.011733924874378816,0.04394660886955867,0.01768782208731085,0.0033032599672009493,0.0023154927058750465,0.003064469576335852,0.01569403268961903,0.013221019160401292,0.002676210874436667,0.00224411984352591,0.0030470304225169364,0.013605284701110925,0.015007272975915954,0.0034823803290154227,0.0027950407955385547,0.0031045375869575434,0.013060479662281002,0.044514460830744486,0.014499569015836,0.012169056660090626,0.01476449646015832,0.04258130500152575
vanilla_deficit,2,17000,14.816673319088295,14.875011166906916,0.3871053457260132,1.5170295238494873,14,0.3678,0.6646000000000001,0.0566,0.0113,0.0119,0.0098,0.0453,0.0206,0.003,0.0028,0.0027,0.0113,0.0151,0.0024,0.0029,0.0026,0.0115,0.0163,0.0026,0.003,0.0028,0.0093,0.0505,0.0138,0.0151,0.0149,0.0297,0.0,0.0,0.02,0.04222079329476766,0.04201285621934753,0.04182734874183133,0.02,0.03708596216410813,0.0483665701634519,0.04880994741189794,0.04845683986027701,0.04018844893152056,0.03818259433950856,0.04845029626649275,0.04865431969707583,0.04817116719474149,0.04069942273816287,0.03835764941113129,0.04837469060997984,0.048680478994813536,0.04801402013929937,0.042060176259838204,0.02,0.040883239412117245,0.04037804558466973,0.03981212692361294,0.020313005641354267,0.05658788051532478,0.010785017138294727,0.011250339161670554,0.011334973503655232,0.041933849527977525,0.017608925146869688,0.0027655678807395716,0.002228898134401532,0.0027264762767944596,0.013424047872699074,0.016106806227554473,0.0026568482349982126,0.0023919206402538197,0.0030193016717968875,0.01283866544522248,0.01599668199703276,0.0027940858547469104,0.002397014885676172,0.0032233595650518862,0.011110768353830859,0.0530811558808198,0.012639039137934658,0.013177853672617028,0.013990832847288335,0.03946699481119499
vanilla_deficit,2,18000,15.661146438214928,15.722534124972299,0.3850025534629822,1.5810000896453857,15,0.3889,0.6508,0.0566,0.0109,0.0097,0.0104,0.0454,0.0213,0.0028,0.0026,0.0021,0.0116,0.0144,0.0025,0.0028,0.0024,0.0158,0.0159,0.0027,0.003,0.0027,0.0115,0.0525,0.0155,0.0139,0.0147,0.0452,0.0,0.0,0.02,0.04213496732254725,0.04316112290032528,0.04185442451062901,0.02,0.036404745118144725,0.048312910599370346,0.04914069683795954,0.04842112786223227,0.0396807997444998,0.038335685160014024,0.04864006477623402,0.04900790873814502,0.048617813458655026,0.040154240126256686,0.038444411427191114,0.04859201261309501,0.04877370207404903,0.04815785971462652,0.042045557078072164,0.02,0.04037049327858465,0.040945284933358694,0.038804171726009876,0.02,0.06054160004130355,0.011185615770346755,0.009901982327473842,0.011586292870668773,0.0450475934176531,0.01861083084375602,0.003105171348577666,0.0020381698888976437,0.0030047437579558997,0.014348993301892723,0.016200009123959656,0.002722538043572636,0.002248393843057241,0.002751219588674244,0.013816862229906052,0.015942675436000277,0.002784476411015767,0.002511219488580308,0.0033440916290455895,0.011378988955105005,0.05899878488899432,0.013459990835682823,0.012719094809552873,0.015518013430711608,0.042193787274318134
vanilla_deficit,2,19000,16.60270392440725,16.667365624918602,0.35526490211486816,1.5319348573684692,16,0.40359999999999996,0.6466000000000001,0.0575,0.0113,0.0106,0.0106,0.0507,0.0236,0.0033,0.0024,0.0018,0.0129,0.0153,0.0023,0.0023,0.0019,0.0156,0.0165,0.0022,0.002,0.0028,0.0136,0.0529,0.0125,0.0139,0.016,0.0491,0.0,0.0,0.02,0.042372158029818946,0.04316813117170962,0.04220898296050481,0.02,0.0352142162672365,0.04855600774411188,0.048885519290774546,0.048627007204077845,0.03963057545181409,0.0395864586589086,0.0484595111208681,0.049180798886773916,0.04868735654996202,0.03893466470057684,0.03850556729009273,0.048667198868645255,0.04918936697828787,0.04852222624815134,0.041412135859129076,0.02,0.03984424644417782,0.04128438003866968,0.03906349023570854,0.02,0.06493663183729316,0.011001147032910854,0.00989856197302703,0.011015849585534422,0.04452984739559379,0.020291926406300988,0.0028859512906344387,0.0024227897839460785,0.0027555086834668997,0.014412523129124626,0.01450836630415404,0.003010147612374762,0.002042749130964422,0.0026778358434617748,0.01530819753365653,0.015860468880144904,0.0027428423588086235,0.0020317215383441147,0.002929429885015767,0.012119559478078145,0.05781253088230736,0.014293767119358473,0.01232305056063994,0.015103329671025682,0.04872377012576399
vanilla_deficit,2,20000,17.512447964865714,17.58045841695275,0.36169201135635376,1.7258121967315674,15,0.4174,0.6496999999999999,0.0647,0.0127,0.0098,0.0103,0.0512,0.0237,0.0025,0.0019,0.0025,0.0128,0.0147,0.002,0.0024,0.0023,0.0136,0.0161,0.0025,0.0028,0.0026,0.0111,0.0675,0.0152,0.0136,0.0152,0.0437,0.0,0.0,0.02,0.04214769182352614,0.04314554634500403,0.04278986220805259,0.02,0.03547761965116385,0.04843515655058861,0.04896280303263935,0.048917031544104844,0.03969692473772904,0.03858607649506525,0.04861555997334008,0.04909089072648429,0.04874351972631638,0.03963891575455439,0.038078850646096264,0.04872308776394742,0.048981621709378226,0.04860922241650348,0.041215801887564546,0.02,0.04048399010862258,0.0408149409235671,0.03884488597575163,0.02,0.06895446780018177,0.010993607097461331,0.009740301249846095,0.0101619020133287,0.049593585368096875,0.019827643946881586,0.0027722906551176036,0.0020889108663254144,0.002148191675032498,0.014245835878010822,0.015684547711171046,0.0025386416929220517,0.0019230184665003814,0.0024119774953366055,0.014399091041896057,0.016263354777108774,0.002399377391284068,0.0021426629125151646,0.0025859122610126886,0.012278666606225407,0.06803511570835233,0.013265532978593335,0.012875965504337875,0.015310288873726555,0.04775862639372236
vanilla_deficit,2,21000,18.40214120876044,18.474310499965213,0.3709948658943176,1.5910365581512451,14,0.4204,0.6524000000000001,0.0626,0.0116,0.0083,0.0089,0.0461,0.0223,0.0026,0.0028,0.0016,0.0118,0.0136,0.0019,0.0018,0.0021,0.0155,0.0152,0.0029,0.0023,0.0025,0.0134,0.0652,0.0138,0.0153,0.0174,0.0589,0.0,0.0,0.02,0.04276093358607042,0.04302309356528465,0.04292000406795923,0.02,0.035037929044467564,0.04846216613033866,0.049013319834024065,0.04884930348182666,0.03969224169137878,0.03859267153584143,0.04906714389950066,0.049300978448532255,0.04888854887298396,0.038858075692775614,0.03899583821218916,0.048970549312161764,0.049115741175583906,0.04889703995274264,0.04079907559673506,0.02,0.03988883711459443,0.040444784846171006,0.03842172393883807,0.02,0.06790668887708559,0.01035006690774436,0.010089941998313617,0.010066702434300454,0.046974594799278756,0.020392739488806287,0.0029550326933642838,0.002165785839781643,0.002377406684588762,0.014348485670135948,0.015650010159044554,0.002135402250690457,0.0017946365110549371,0.002326770618609817,0.01534663697410665,0.015286077436384674,0.0022209701787093126,0.00203363748666447,0.0023548775678505123,0.012998526683542016,0.06769603919921725,0.01397764242795704,0.013455647616529712,0.015987761489485424,0.05888679149351097
vanilla_deficit,2,22000,19.256918352213688,19.333153916988522,0.33774545788764954,1.7635149955749512,14,0.4284,0.6554,0.0762,0.0108,0.0089,0.0096,0.0472,0.0252,0.003,0.0016,0.0021,0.0116,0.0148,0.0023,0.0022,0.0022,0.014,0.0161,0.0016,0.0025,0.0021,0.0111,0.068,0.0133,0.0132,0.0164,0.0524,0.0,0.0,0.02,0.04252534048656492,0.04294913125612217,0.04278848549125592,0.02,0.032917962025972275,0.04877702046127083,0.049085528377518464,0.048805541728939486,0.03894552580606721,0.03884999435359632,0.04905415749559754,0.048916133976866824,0.04889243108702085,0.039840591220960134,0.03851313897821791,0.04876527806378754,0.04897893852641995,0.0488562429199651,0.04110181206702394,0.02,0.041227668606745975,0.04164452212573491,0.038564554944351764,0.02,0.08027129872467283,0.010604634482540305,0.00993972468487274,0.010303598998009696,0.046678124711525014,0.023177802884267726,0.00244661542631633,0.0020478887978144385,0.0023706910232687913,0.015348502087146491,0.015237595341779651,0.0020493711439033206,0.002227757659707646,0.002258392119493928,0.014074500138072713,0.015868271736978894,0.0024227292194111435,0.0021856493210384784,0.0023051629966153496,0.012561640857219043,0.06770752104512104,0.012203666878808226,0.011782098031070965,0.0157627574094956,0.05749885266066532
vanilla_deficit,2,23000,20.113473312812857,20.193215624894947,0.3934827744960785,1.6955695152282715,13,0.4171,0.6655,0.0828,0.0113,0.0088,0.0095,0.0362,0.0225,0.0026,0.0017,0.0021,0.0117,0.0129,0.0021,0.0021,0.0022,0.0127,0.0164,0.0028,0.0023,0.0022,0.0096,0.0599,0.0121,0.0126,0.0181,0.0599,0.0,0.0,0.02,0.042403840251025525,0.04313664156520257,0.04224185315761028,0.02,0.03554229099411973,0.048628880057973375,0.04875582126806023,0.04870281566154958,0.038470051479607116,0.03971626500154535,0.04913657445735141,0.04918486566504589,0.04898780033409902,0.039104403292962324,0.03894271343263092,0.04861501287464672,0.04891040762959139,0.04866315009504299,0.04084438107344618,0.02,0.04046529812802367,0.041581254023327546,0.03796567955713821,0.02,0.07644174673717252,0.010553879528920632,0.009681942619245244,0.010802954981047608,0.05226709078712101,0.019605987743460795,0.002522305292364045,0.0024358536108837914,0.0024655117951548904,0.015732081180162075,0.01411639084826689,0.001825027391718538,0.0017624188290493092,0.002017909998385502,0.014987782033885648,0.015158347129401239,0.002501221311804786,0.002118248056215046,0.0024778748905168882,0.012810061443903736,0.06489240729887841,0.01326247222606881,0.011776595741849132,0.01646411405747749,0.06721142860242103
vanilla_deficit,2,24000,20.980240966193378,21.064072166918777,0.35417741537094116,1.778425931930542,13,0.44699999999999995,0.6522000000000001,0.0754,0.0099,0.0074,0.0088,0.0513,0.0261,0.0025,0.0014,0.0019,0.0123,0.0147,0.0019,0.0023,0.002,0.0167,0.016,0.0023,0.0017,0.0026,0.0136,0.0683,0.0128,0.013,0.0179,0.0642,0.0,0.0,0.02,0.04228274006744484,0.04342644346745206,0.04335441899133552,0.02,0.0334418911217979,0.04868980100683239,0.04926598661130824,0.04910861012477366,0.039097739930937514,0.03860896415934696,0.04903892206403025,0.04938122043538647,0.04899886336182406,0.03766007564141985,0.03985959195615658,0.04894612954793222,0.04889496683722282,0.04892014728141109,0.04119662065554158,0.02,0.04050884271317351,0.041098005013185585,0.03822001901148686,0.02,0.0805759489627063,0.010829350762990957,0.009350638308099252,0.009482822407536569,0.053293653165308666,0.022298888548508006,0.0025455589947206946,0.0017615368927274098,0.002004073974287887,0.014986350982381703,0.01573548451060518,0.002094174784845843,0.0016516117348361976,0.002106904822910096,0.016923255182346827,0.014079465289514313,0.002175085216004426,0.0022412343046156174,0.002247740604782109,0.01235079945682047,0.07058502949502665,0.01312285108085651,0.012361113701239546,0.01631648292551922,0.06583852371986916
vanilla_deficit,2,25000,21.870341721572913,21.958363458979875,0.3812907040119171,1.6766548156738281,15,0.4683999999999999,0.6487,0.0814,0.0111,0.0103,0.0096,0.0566,0.0254,0.0022,0.0017,0.0017,0.0138,0.0157,0.0018,0.0015,0.0015,0.0155,0.0148,0.0027,0.0017,0.0019,0.0114,0.0764,0.0148,0.0134,0.0188,0.0627,0.0,0.0,0.02,0.04282139399633129,0.043351426185382846,0.04226793701328263,0.02,0.03359395182045693,0.04890641580209358,0.04893841338019918,0.04850419581565629,0.03794556105352502,0.03858848567990254,0.04926337644755607,0.04937244917190234,0.049262243903252484,0.039007162038043615,0.03886347783264068,0.048860470709166666,0.04913978192287675,0.048941934973259105,0.04167582123002028,0.02,0.040659754635778776,0.04130994568911971,0.03872580069955314,0.02,0.0829676143539189,0.01000442640824692,0.009355217585207522,0.01072311591019948,0.05699122178594177,0.022025749544196255,0.00214180652840909,0.0020611936926526763,0.0026250452922501576,0.0164531085981626,0.015540116221516498,0.0016392141130560235,0.0014585156334985386,0.001601622274239125,0.015230820597551738,0.015222088686797655,0.0021624058575379183,0.001799707322296172,0.0020566207411138277,0.011570130653042698,0.07653901023957009,0.013006727640919492,0.012045236972630574,0.015361806314683828,0.06755937113251902
vanilla_deficit,2,26000,22.73216601938475,22.82376470894087,0.369282603263855,1.7011810541152954,14,0.47540000000000004,0.6505,0.0793,0.0109,0.0085,0.0097,0.0568,0.0232,0.002,0.0014,0.0021,0.0145,0.0148,0.0022,0.0019,0.0012,0.0163,0.0145,0.0027,0.0012,0.0019,0.0113,0.0805,0.0157,0.0155,0.018,0.0693,0.0,0.0,0.02,0.042566582219180596,0.044141086340601474,0.04270269632107801,0.02,0.0335006674514613,0.048497208842243046,0.04939658119643674,0.049001148009107834,0.03885116819777157,0.03951710936757562,0.04926913753473832,0.049378683335307004,0.049212083267320614,0.038954707242794026,0.03905835567637085,0.048849808865477726,0.04923864524328886,0.04886493378660913,0.040720988054100564,0.02,0.040205567172341514,0.040469584849896975,0.037603257026298235,0.02,0.07902374458192132,0.010424463152799738,0.008299815607604486,0.010208481091610735,0.05856334356261478,0.022208236032487637,0.0025596521359637836,0.0014297206813962242,0.001904637739770905,0.015292778530643189,0.014349070773992292,0.0016344330030509772,0.0014139216176835255,0.0016304664907814302,0.015080074657800847,0.014867228602959966,0.002101346637001392,0.0016350040365914692,0.0020816874365784718,0.012862407952776562,0.08081478527801138,0.013493283651371056,0.01307199147759463,0.016797611774873766,0.0686736979528755
vanilla_deficit,2,27000,23.58828180038836,23.683457291917875,0.34609881043434143,1.7505213022232056,15,0.4808,0.6516,0.0791,0.0102,0.0083,0.0101,0.0642,0.0238,0.0019,0.0011,0.002,0.015,0.0151,0.0014,0.0011,0.0016,0.0158,0.0142,0.0022,0.0016,0.0019,0.0134,0.0809,0.0146,0.0149,0.0182,0.0682,0.0,0.0,0.02,0.04262555620222055,0.0434397448927981,0.042689642197059195,0.02,0.03289686760972943,0.04872957266225252,0.04913921969471091,0.04884789475347381,0.03892386509075754,0.03909648301362126,0.04897144294455412,0.04931944668389299,0.049241364145665524,0.03863111490367033,0.03893863949574108,0.04901168508609771,0.04927146747761261,0.0493802788297259,0.04075075307043084,0.02,0.040116785536742805,0.04102051268055323,0.03895766302868954,0.02,0.08471392010302511,0.010251055783615369,0.009349767905065927,0.010285002914631221,0.06220896020531076,0.023160945759850345,0.002283574856194054,0.0018686777685872004,0.002129888008435298,0.0150591286669233,0.014952105251127583,0.0019694130553860076,0.00151739604693722,0.0016188163230776971,0.015595627637929696,0.015235250906626219,0.0019171431215379846,0.0016187780419282952,0.0014383820552222185,0.012725272873252697,0.0809224369494575,0.013587786605632368,0.012413948529135785,0.015093354015658669,0.06903667163184422
vanilla_deficit,2,28000,24.453868307406083,24.552479124977253,0.34862375259399414,1.8377693891525269,15,0.48649999999999993,0.6528,0.0777,0.0108,0.0084,0.0117,0.072,0.0242,0.0021,0.001,0.0023,0.0152,0.0135,0.0016,0.0016,0.0009,0.0155,0.0139,0.0019,0.0021,0.0019,0.0121,0.0814,0.0145,0.0134,0.0186,0.0682,0.0,0.0,0.02,0.041799119035904275,0.04364346236622991,0.04218173518480402,0.02,0.0341724228375094,0.04865101659686083,0.0490903633623882,0.04918589998620557,0.0382104797926716,0.040291057400236974,0.04900031965097734,0.04923351906367614,0.048874968779442404,0.038954081431653284,0.03887382569912527,0.04900711651059266,0.04918360591498566,0.04922885822472277,0.04126773722509135,0.02,0.0397234348389983,0.040836646127298884,0.03859032997062517,0.02,0.08501779453444491,0.011340954598417594,0.008862020840705837,0.010764772546882472,0.06829373410933838,0.021385924374335084,0.002304551570154758,0.0018107724430830158,0.0016864110189535799,0.016207651423536706,0.013343083043108038,0.0018889211625873143,0.0015853620675452523,0.0020130297301535318,0.01520063176623192,0.015070726830097851,0.0018410110907599313,0.001611272245099755,0.0016304916499553027,0.01203266209349834,0.08514655919034597,0.013964778154436138,0.012554757196822116,0.015556944876941188,0.0697262359450272
vanilla_deficit,2,29000,25.37071926437784,25.472804999910295,0.37466883659362793,1.9307554960250854,14,0.4799,0.6579,0.0811,0.01,0.0082,0.0087,0.0686,0.0292,0.0022,0.0014,0.0018,0.0142,0.016,0.0011,0.0014,0.001,0.0165,0.0128,0.0019,0.0016,0.0012,0.0115,0.0849,0.0132,0.0125,0.0157,0.0632,0.0,0.0,0.02,0.04276129205188639,0.043418292503509176,0.04307847867628544,0.02,0.03354623722562865,0.048493461495180516,0.049214377785388605,0.04911005486778278,0.03901135707392931,0.03978504704929128,0.048834566053008975,0.049050498454211056,0.04878518123221731,0.03979429643580068,0.03797774801116477,0.048559986395525015,0.049018210155679184,0.04913094208607856,0.04116006416471153,0.02,0.039268467726803105,0.041397107944260186,0.03860433261165751,0.02,0.09028259176523343,0.009769890205165981,0.008985847115473625,0.009431777765208933,0.07234660528273229,0.0221360533590694,0.0022086204273614233,0.0013016394060493964,0.001399477710852781,0.014768977235603175,0.013792742399925015,0.001800058478577678,0.0014776323592875513,0.0018258026564065598,0.013702479621514154,0.01616442350814289,0.002160383678014915,0.0015590661249326176,0.0014501928467460321,0.01198833590862352,0.09081391165587813,0.014587826249226034,0.011560080764633125,0.015303107010138584,0.0668849500880953
vanilla_deficit,2,30000,26.278320134384558,26.384115374996327,0.36297470331192017,1.8324813842773438,15,0.5108,0.6496,0.0884,0.0113,0.0098,0.0104,0.0755,0.0255,0.002,0.001,0.002,0.015,0.0142,0.002,0.0015,0.001,0.0171,0.0166,0.0019,0.0017,0.0019,0.0119,0.0855,0.0146,0.0134,0.0156,0.071,0.0,0.0,0.02,0.04192172100618906,0.04328630965598271,0.042749754083250616,0.02,0.032835366623341335,0.04853909861645997,0.049119652020292705,0.0487739565613175,0.038660410636559284,0.03934907972344283,0.04927909908009449,0.049294065357032193,0.04937108765525452,0.0382882303030134,0.03905082138655319,0.04883973995628157,0.049244953628803795,0.04922890329938696,0.04065935327972139,0.02,0.03985269801630173,0.04215938885364309,0.03949631025707774,0.02,0.0933945802950638,0.011107965770772818,0.009327091940651937,0.010105455637513881,0.07529281239688716,0.02304435350369576,0.0023546851800517604,0.001597026552281653,0.002048180822232285,0.015403242984308488,0.014426361604772729,0.0013889381322778121,0.0014084687015844693,0.0012688872684534893,0.015967086677775397,0.01489373245322856,0.0019623293632114744,0.0014335000891946192,0.0014544467764088227,0.012755434880526453,0.08683387618298008,0.013769108125302411,0.010914981813714267,0.014351404018130832,0.07302292890685567
vanilla_deficit,2,31000,27.135076865088195,27.244368999963626,0.3810591697692871,1.8491294384002686,15,0.5056,0.6548,0.0863,0.0112,0.0094,0.0107,0.0783,0.0256,0.0015,0.0012,0.0025,0.0162,0.0121,0.0017,0.0016,0.0015,0.0165,0.0152,0.0025,0.0019,0.0017,0.0128,0.0799,0.0124,0.0125,0.0145,0.0759,0.0,0.0,0.02,0.04094630315651393,0.04376734497601206,0.04291817475077387,0.02,0.03279715158720646,0.04823564563333006,0.049194512370979146,0.04884902128419613,0.03834163422262607,0.040746823091065504,0.048968678483941125,0.049183651925212055,0.04912343637552539,0.038667830721525534,0.039258062452391565,0.04872879804284255,0.048914419300359786,0.04886808884965903,0.040149154475357135,0.02,0.0402014301742821,0.04205434998357173,0.04008548814262888,0.02,0.09333129790272429,0.012366848010498775,0.008472217223325057,0.00962482257172775,0.07558100826012883,0.023053079322962133,0.0025737356179579875,0.0013163443829074934,0.0018084598956484752,0.015782429925154266,0.012550307312064093,0.0016515497555189694,0.0013696485170992929,0.0014095485062720718,0.01527655349472509,0.01446350210148304,0.001927049803425149,0.0016836389799217073,0.0017834560147696943,0.013294985919508253,0.08277535043811068,0.013226435199107267,0.010757582368529686,0.01326128602586384,0.07711017541507632
vanilla_deficit,2,32000,27.97288125345949,28.086437333957292,0.37898963689804077,1.899723768234253,14,0.5035000000000001,0.661,0.0912,0.0111,0.0088,0.0093,0.0789,0.0251,0.0013,0.001,0.0024,0.0163,0.0117,0.0008,0.001,0.0012,0.0173,0.0139,0.0021,0.0018,0.002,0.0116,0.0788,0.014,0.0129,0.0134,0.0756,0.0,0.0,0.02,0.042290846771386274,0.043546173746221974,0.0427485709722747,0.02,0.03232437855470894,0.04831274979011688,0.04928167143595853,0.049021093442620914,0.03696952708668784,0.040714791342527396,0.049136943110064016,0.04921409586214079,0.04922255659881478,0.03874248727596645,0.038819870464068866,0.04900408932829563,0.04942408939507564,0.049100182358380595,0.04107763496899142,0.02,0.03949115436245604,0.0418026433630152,0.039754449770227136,0.02,0.08964908881167594,0.010637034254676558,0.009038424521961274,0.00996177223056786,0.07820475183035845,0.02379532163926166,0.0026638032221377897,0.0013997691442599097,0.0018178385194706338,0.017579112027021462,0.01281030934364929,0.0016276410663117595,0.0014879267661939157,0.001476889073387914,0.015305209275819682,0.015087069353881249,0.0018009592167018392,0.0012139737763904432,0.0016755983423780727,0.012297888950614587,0.08265841069052521,0.014250389499343364,0.011195808789087432,0.01394596254444289,0.07570327715135683
vanilla_deficit,2,33000,28.830558738904074,28.948340333998203,0.33519312739372253,1.9236127138137817,15,0.496,0.6634,0.0994,0.0113,0.01,0.0098,0.0669,0.0256,0.0014,0.0014,0.0013,0.016,0.0116,0.0014,0.0013,0.0023,0.012,0.0151,0.0017,0.0017,0.0013,0.0114,0.0796,0.0144,0.0114,0.0142,0.0735,0.0,0.0,0.02,0.04131038198656649,0.04362523313814902,0.04316372241693408,0.02,0.03230077764967243,0.048625956233112166,0.048905001181892616,0.04889722692793789,0.03822925083391056,0.04147362954275953,0.04929579754603247,0.049277628533469064,0.049367081526481796,0.03806035100723312,0.03931751468677211,0.04865294463944715,0.04923741949913844,0.0491098662772116,0.04123451773684487,0.02,0.03927598993669086,0.04215493803287598,0.0384847706668677,0.02,0.09802778164561046,0.011829392296808667,0.008804309451802229,0.009407418712015106,0.07936914764758998,0.02364234336895349,0.002191163123602086,0.0018655654220317405,0.0018366624358540768,0.015933986552398763,0.011537932896715092,0.001315804263829811,0.001339547806985363,0.0012617117692922072,0.01623283242590165,0.01455088922588832,0.0022340192619466626,0.0013920935872549379,0.0015587820860866722,0.011850407857196437,0.08085229805329061,0.014644216903598819,0.010686651054617968,0.015600069331540251,0.07818182634461822
vanilla_deficit,2,34000,29.725800661952235,29.84726712491829,0.3843638002872467,2.025545120239258,14,0.5178,0.6527,0.0949,0.0116,0.0098,0.0084,0.0718,0.0304,0.0013,0.0012,0.0017,0.017,0.0129,0.0017,0.0012,0.0016,0.0166,0.0124,0.003,0.0017,0.0015,0.0115,0.0834,0.0159,0.0122,0.0137,0.0804,0.0,0.0,0.02,0.04180886075419435,0.04404694713064171,0.04328146739362762,0.02,0.029937750636153056,0.04860232478298874,0.04917560086757961,0.049357313569296984,0.03781828260515023,0.04142766818013017,0.049163404044133316,0.04968478429990185,0.04933586162473953,0.03701459238381395,0.0396983257344584,0.04917668689156257,0.04955941759422299,0.04945190770231618,0.040976531154794806,0.02,0.03853823144797829,0.04189340449155665,0.040050636710758994,0.02,0.09346900821097184,0.011394569559919925,0.008609219379414883,0.009484770052404138,0.0822987000011976,0.026985330953065004,0.002506111977478993,0.0017626395832192649,0.001566041847174997,0.016569885207471782,0.011888931985514196,0.0017784574444099253,0.0011022879032496222,0.0015548000238268735,0.01765124043371806,0.014366062968429724,0.0018784186364472187,0.0012648739369894284,0.00140430176049546,0.01255212922798296,0.08493784284152316,0.015831507807772056,0.011284926167275567,0.013909156615426844,0.07612499613312936
vanilla_deficit,2,35000,30.622311868006364,30.747402166947722,0.33175620436668396,2.0317981243133545,14,0.5197,0.6556,0.0985,0.0119,0.0098,0.0094,0.0815,0.0312,0.0018,0.0009,0.0011,0.0161,0.012,0.0015,0.0011,0.0018,0.0142,0.0146,0.0018,0.0009,0.0013,0.0108,0.0827,0.0152,0.0128,0.0142,0.0726,0.0,0.0,0.02,0.04060920090610838,0.04415962538334098,0.043514525628117584,0.02,0.029126653332215084,0.04821560552875831,0.04950493752485739,0.049207111445651555,0.038156355998389284,0.04100386707400555,0.048984302238573196,0.04968918501304408,0.049505028510541005,0.038768311045400135,0.039221514354160415,0.04892803125133373,0.04962799166741658,0.049581367817766606,0.04099764878057331,0.02,0.03867311703495889,0.042244823182681496,0.040280796282106485,0.02,0.10146486967208808,0.013097243097966825,0.008295824422940929,0.009210862863882008,0.08108322465188911,0.027915881463671167,0.0029947783732580903,0.0013220769520692936,0.001747521010474675,0.016279415863019446,0.01262428956025578,0.001997517712031394,0.0010830453944310977,0.0013219589127413786,0.015407377363675836,0.014741293776636685,0.0020705202905852028,0.0011624339433138563,0.0012619834085072703,0.012476106798401526,0.0833413741818667,0.01541368882052752,0.0109362230921968,0.013445170412618869,0.07617156688495264
vanilla_deficit,2,36000,31.48786369699519,31.61668545892462,0.3337111473083496,2.009279251098633,14,0.5354000000000001,0.6514,0.0959,0.0102,0.0094,0.0097,0.0854,0.0327,0.0018,0.0009,0.0017,0.0168,0.0124,0.0019,0.0016,0.0018,0.0165,0.0153,0.0016,0.001,0.0011,0.0116,0.0912,0.0158,0.012,0.0128,0.0743,0.0,0.0,0.02,0.04052021600869808,0.04441904674175717,0.043780755332487785,0.02,0.02904314760538898,0.04804729313211256,0.049492896057023374,0.049229509465559956,0.038547891072863064,0.04087490725517298,0.04941815345614564,0.04959101418576661,0.049361345426340464,0.037985653539512845,0.03950605811627794,0.048720804140174254,0.04937058378621286,0.04936294026622863,0.04179579910880089,0.02,0.038193482544898974,0.0423473638770787,0.04039113888149823,0.02,0.09940052117657758,0.013104255372634398,0.00796226478240607,0.00883035068076262,0.08351702707806896,0.028049923402188415,0.003171713594420453,0.0012941406989063083,0.0016362315432535436,0.01574406849380293,0.012760764038093102,0.001391217620327819,0.001166703256775901,0.001465000825364111,0.0164352493651106,0.014421460351793732,0.002296946400901489,0.0014920643913577392,0.0014629294210420014,0.01152563202669652,0.09385198853353574,0.016087192628884535,0.010574875618501156,0.013154715372016863,0.07615724265441065
vanilla_deficit,2,37000,32.351118368213065,32.48360758391209,0.33123353123664856,1.7773112058639526,14,0.5406000000000001,0.6469,0.0923,0.012,0.0082,0.0097,0.0854,0.0332,0.0022,0.0011,0.0021,0.0184,0.0124,0.0014,0.0016,0.0013,0.0168,0.0139,0.0019,0.0012,0.0015,0.0131,0.094,0.0168,0.0116,0.0127,0.0758,0.0,0.0,0.02,0.04106129144524197,0.04422841651233729,0.04404125129146208,0.02,0.029341997225218915,0.047929086920537836,0.049486087336705877,0.049277504301392216,0.03858559444183296,0.04139965026161393,0.04924107104961083,0.04963554255315383,0.04935595521080624,0.03777427878931017,0.03957287995690624,0.048721963529268504,0.04960484697939231,0.04932212338171857,0.04064758210450486,0.02,0.037471141253077794,0.042649747722011105,0.0406519877338965,0.02,0.09571480571493649,0.012406489965599838,0.008254663972003196,0.008575837879570492,0.08772954566500513,0.027781174481996653,0.0033318619685509024,0.001309973241244133,0.0015808348822744195,0.015621379191987542,0.011928041663577367,0.0016672088539419804,0.0011158937700793028,0.0014789601443205669,0.016635874517078285,0.014261185521464801,0.002302248706607664,0.0011557544110413535,0.0015619559619653163,0.012865599409298024,0.09556630765594792,0.01699046018888816,0.010304690804473247,0.01282081584955318,0.080145210222111
vanilla_deficit,2,38000,33.23940795403905,33.376882791984826,0.3816736340522766,2.0734057426452637,14,0.5447,0.6473,0.0962,0.0115,0.0089,0.0086,0.0913,0.0352,0.0025,0.0016,0.0018,0.0169,0.0115,0.0015,0.001,0.0014,0.0195,0.0138,0.002,0.0011,0.0015,0.0122,0.0889,0.0169,0.0104,0.0129,0.0756,0.0,0.0,0.02,0.04101998579133273,0.0445409906142735,0.043353904600826665,0.02,0.02813103272663376,0.04808031627842392,0.049589087806420865,0.04968530969845357,0.03781084869318982,0.04153485613436736,0.04952836436907153,0.04968898736016821,0.049818036004048064,0.03792963823352154,0.03892749720979133,0.048886758140229525,0.049616597341202585,0.0496181636674339,0.040411982353991675,0.02,0.03789022036628781,0.043451926140033556,0.0404854964702981,0.02,0.09645606784340222,0.01260959600172794,0.007945140934400057,0.009673537880466479,0.09336238389446455,0.029372463128762887,0.003452337573853143,0.0013866188503037049,0.001262351287232953,0.01667597115986915,0.011983719562421148,0.0014650412697892574,0.0012576017021913048,0.0011300019161588806,0.01675693318509308,0.015311979537204055,0.002293655640437027,0.0013901536468225455,0.0013881307855003714,0.01331668841848107,0.09118453645180556,0.01661252762736062,0.009351633629375734,0.01322174723730376,0.07800372851433847
vanilla_deficit,2,39000,34.12338638107758,34.264554833993316,0.33962205052375793,1.8717725276947021,13,0.5480999999999999,0.6409,0.0962,0.0129,0.009,0.0089,0.0839,0.038,0.0028,0.0014,0.0015,0.0163,0.0128,0.0022,0.0011,0.0017,0.0147,0.0155,0.002,0.0008,0.0015,0.009,0.0966,0.0208,0.0102,0.016,0.0723,0.0,0.0,0.02,0.03992539675684996,0.04444644598813084,0.044090481701769074,0.02,0.025841039195864418,0.048281985275064686,0.04954158921674531,0.04991643536294653,0.03874761722934417,0.041934430444668394,0.049414924970008225,0.04996220469226989,0.049859642149510636,0.03885483264197877,0.03884337371378889,0.048717282474464024,0.0496744001640346,0.049974751681217996,0.041982850198191125,0.02,0.03586105167762084,0.043616171645012136,0.040513092820519445,0.02,0.09602911317581259,0.014043370034745114,0.00828366307140561,0.008896478511903859,0.09020174342528745,0.03230350296853166,0.003364139537217144,0.0017094890399923757,0.0012287054265331843,0.01578838374033427,0.011505614056605842,0.0019500756121853828,0.0011700009586849875,0.0013406118030206038,0.01545555505128611,0.015548377454360229,0.002766757943965656,0.0015391436121634115,0.0011539079916219976,0.011521635112634755,0.0940439579584247,0.01945167600777367,0.009426711114879516,0.013484894240613682,0.07683958535575051
vanilla_deficit,2,40000,34.978643341804855,35.12370816699695,0.36682432889938354,2.3283660411834717,14,0.5334,0.651,0.0968,0.0128,0.0074,0.0071,0.0785,0.036,0.0026,0.0009,0.0015,0.0145,0.0112,0.0015,0.0007,0.0011,0.0158,0.0134,0.002,0.0011,0.0014,0.0107,0.0958,0.0228,0.0104,0.0141,0.0733,0.0,0.0,0.02,0.039308684844338214,0.04461178353945787,0.04508691254385791,0.02,0.023732436896827018,0.048280700754630326,0.0497969904648592,0.04995718304099717,0.03844242526683589,0.04184931980533885,0.049598970358293526,0.05023996014053331,0.050132402390841005,0.03841712545321069,0.039507785124908074,0.04945117557597319,0.04991062528155708,0.050066017219662105,0.04221625270289786,0.02,0.034565327672178445,0.04324401392065117,0.04158390700215104,0.02,0.09606929740855136,0.015047643916804994,0.00828292259344873,0.00767684009485825,0.09122785647106431,0.0352294661161792,0.0035246654771170604,0.0016295234818074482,0.0014251791544727184,0.016269846611201517,0.011806767500274783,0.001999308739147106,0.0010254014604014912,0.0011626039234643348,0.01634118197628412,0.014832730771453227,0.002148775733490333,0.0014455065105095045,0.0012863484572801136,0.011338701763794586,0.09440468299088764,0.021215537098811937,0.010183922378003087,0.012262520007723848,0.07920902870132962
vanilla_deficit,2,41000,35.859816702548414,36.00984187494032,0.3445282280445099,2.05324125289917,14,0.5569,0.6401,0.0923,0.0142,0.0076,0.0075,0.0964,0.0369,0.003,0.0015,0.0011,0.0176,0.0111,0.0015,0.0007,0.0014,0.0154,0.0137,0.0026,0.001,0.001,0.0106,0.093,0.0265,0.0101,0.0149,0.0753,0.0,0.0,0.02,0.038183146458394525,0.04580834257386446,0.0450782644366008,0.02,0.020663297332786185,0.04791217290438081,0.05065811331275072,0.050458942047417535,0.03820382326001062,0.04280100582987666,0.04993052809810501,0.05100023409592522,0.050618688777026466,0.03848310485532139,0.04055777347058568,0.048872301121186096,0.05091325834086257,0.05072485319373033,0.042488604898599826,0.02,0.03141546434869568,0.04417137716626973,0.04105670347760973,0.02,0.09105623417913283,0.01693339015128882,0.007317143450920617,0.008308500585353375,0.09339839915676239,0.03919998940596556,0.004724589737315329,0.0012897779107900232,0.001499852579093149,0.017141901180421432,0.01115705285931769,0.0021608292255153715,0.0008227671171686476,0.0013000303417142936,0.01659724398103164,0.014119292754018627,0.003484532582073987,0.00093156239590068,0.0012062950603279594,0.011469700510499944,0.09587530189163423,0.025672311635464882,0.00940383528929982,0.013299884158010516,0.07802713354562663
vanilla_deficit,2,42000,36.72420825320296,36.87875329190865,0.3532906174659729,2.253401756286621,13,0.5640000000000001,0.6258999999999999,0.084,0.0172,0.0081,0.0064,0.0881,0.0475,0.0036,0.0012,0.0016,0.0189,0.0096,0.0021,0.001,0.0013,0.0146,0.0147,0.004,0.0008,0.0013,0.0108,0.0865,0.0311,0.0105,0.0153,0.0838,0.0,0.0,0.02,0.03809878784111288,0.04568148872223081,0.04554871924223006,0.02,0.02,0.04729809920921339,0.050874515184369806,0.05049413830954705,0.038196105198949476,0.04489843903319729,0.04997816317346138,0.05110913583069279,0.05079617790282326,0.03904225036280795,0.040870851846549705,0.048914848096914036,0.05078634763803272,0.050888860521588225,0.04221231564465019,0.02,0.028523767658330174,0.04437854748237387,0.04140844110092494,0.02,0.08965437630663894,0.017208403656375097,0.007722654680016961,0.007888061659780515,0.09200893330631842,0.0429568493142321,0.005708647710159324,0.0011358867995726336,0.0016488307219897297,0.01716528866780069,0.008737256769891805,0.002330705778704867,0.0008435915183209545,0.0012725435143231144,0.015993955923015675,0.013715846160025143,0.003694468317808429,0.0012457277626667122,0.0011180150800857872,0.012083685158172914,0.08884123831883407,0.02925435045859014,0.009345885977547878,0.013085168785175523,0.08646397740278514
vanilla_deficit,2,43000,37.588701765751466,37.74722337489948,0.356812447309494,1.8986709117889404,12,0.58,0.6032,0.0802,0.0238,0.0093,0.0067,0.087,0.0504,0.0078,0.0015,0.0017,0.0178,0.0089,0.0028,0.0007,0.0011,0.0183,0.0128,0.0065,0.0009,0.0011,0.011,0.0801,0.0483,0.0095,0.0146,0.0772,0.0,0.0,0.02,0.03335552126445081,0.047160528739412455,0.04686570094766339,0.02,0.02,0.045571544529720565,0.051982019625164064,0.05187562315996995,0.038661672004571615,0.04552375382187747,0.05034860513170489,0.05251765490022188,0.051981810003589216,0.03845962213344515,0.04191652363254456,0.048463634684984574,0.0520849016771642,0.052221297585300364,0.0427607593279318,0.02,0.02,0.04550491401581824,0.04274391281446471,0.02,0.08497781120165485,0.023736944683891738,0.007337381612715163,0.007572101230184394,0.09046679059729203,0.044677339454610325,0.009155871750723318,0.0014261892124643825,0.0015531842733887728,0.01752069868789892,0.009212914847437866,0.003375836437427862,0.0007868537395695364,0.0014264394172491073,0.01780092836997265,0.013518512940634407,0.005625741415804564,0.0013033889630580987,0.0011405864993485407,0.012549893809720807,0.07952645582324065,0.04368000220477114,0.009274464582459542,0.01264812684620692,0.08064752032596204
vanilla_deficit,2,44000,38.45494273270015,38.61737420898862,0.38342124223709106,2.0603747367858887,13,0.5949,0.5828,0.0734,0.0318,0.0084,0.0061,0.0861,0.053,0.0182,0.0021,0.0019,0.0198,0.0075,0.0049,0.0007,0.0013,0.0165,0.0135,0.0093,0.0013,0.0011,0.0125,0.0686,0.0622,0.0078,0.0125,0.0744,0.0,0.0,0.02,0.026445230234965443,0.04838193211935743,0.04804573313637321,0.02,0.02,0.03874624124650011,0.05270605230763288,0.05312910841036689,0.039390147982365384,0.04739008561511758,0.05048057961035453,0.05349586081725624,0.05350746141263252,0.03985075922402278,0.043006664644902395,0.04679883400740309,0.053185601049665784,0.05307400150532901,0.042452600952742975,0.02,0.02,0.04596793805894224,0.04394516766406947,0.02,0.07665086920612234,0.03241125990348753,0.006778945749191316,0.00712912869541058,0.08964098410776293,0.049334921159082994,0.018130296736114507,0.0017334906740237642,0.001243683536528009,0.017580105003767547,0.007966351208759376,0.004349167491567956,0.0008190638574186661,0.0008056328860232063,0.016812442167197964,0.013236713717457493,0.008650892232143425,0.0012173398226340262,0.001307485370938188,0.013761011706717934,0.07112168219997568,0.05861867273052422,0.00965195188439423,0.012189193434751751,0.07760120446221329
vanilla_deficit,2,45000,39.32445246831048,39.491847166907974,0.35672083497047424,2.0244526863098145,14,0.6176999999999999,0.5623,0.0622,0.0444,0.0087,0.0053,0.0823,0.0568,0.0261,0.0021,0.0014,0.0221,0.0054,0.0056,0.0009,0.0014,0.0192,0.014,0.0113,0.0015,0.0007,0.0136,0.0671,0.0698,0.0074,0.011,0.0774,0.0,0.0,0.02,0.02,0.048984595232072284,0.04927326712062967,0.02,0.02,0.03154120124026679,0.05394486506309164,0.053979571424223605,0.0369894031292829,0.04900411165117673,0.050981748299691654,0.05481884703044558,0.05440631330802417,0.039680457544289095,0.04399017157235316,0.04641908593529956,0.0543800889160725,0.05426914610086335,0.044205051163633324,0.02,0.02,0.04809656513630307,0.04503551013228092,0.02,0.06419309401406556,0.0417247928504582,0.007264081516415772,0.006823677517485063,0.08751934622048232,0.05307175799054093,0.026951130873692386,0.001632104159867358,0.0015541820792141982,0.020968144405123137,0.007242229618449103,0.004988871861351368,0.0006144725548934964,0.0010763731095967761,0.017837871042148876,0.012817112301073212,0.010058473605007289,0.0011057357059880105,0.001229954757911002,0.012615581130756635,0.06885985412765906,0.06758609578943608,0.00825837985261339,0.011646680807983926,0.07643865393437178
vanilla_deficit,2,46000,40.23288721824065,40.404513499932364,0.39057743549346924,1.6733243465423584,14,0.6241,0.5533,0.0589,0.0544,0.0059,0.0047,0.0778,0.0546,0.0347,0.0013,0.0015,0.023,0.0063,0.0063,0.0007,0.001,0.0174,0.0146,0.0149,0.0007,0.0013,0.0136,0.0658,0.0738,0.0078,0.011,0.0721,0.0,0.0,0.02,0.02,0.0502954561234729,0.05059075300444242,0.02,0.02,0.024743421928187424,0.05413358370212479,0.0546100665977729,0.03735056196607528,0.04979201807699179,0.05052141126391397,0.0552514853099559,0.05498224044717319,0.04035252947429127,0.043052515923744136,0.045094144325656005,0.05483479596408919,0.054633743745359106,0.0430849087405846,0.02,0.02,0.04964188286698217,0.04703448053918294,0.02,0.06363049457202698,0.0508795808267086,0.006274409583283108,0.005870690773599305,0.08055554121217001,0.05750585603089819,0.03468241151594441,0.002042497020296301,0.0014390028368024583,0.02082086409187016,0.0067904369675899955,0.0060252718519521785,0.0007317757187358157,0.0010286446200374374,0.017393712618197436,0.014299524916618147,0.0120093666137954,0.0011912166418161956,0.0014128964564718279,0.014263808655048268,0.06818925400313895,0.0738395688380844,0.006955975780036018,0.009909017895649536,0.07390115884299393
vanilla_deficit,2,47000,41.109673125552945,41.285348291974515,0.34553247690200806,2.01111102104187,13,0.6496999999999999,0.5418000000000001,0.0575,0.0579,0.0056,0.0056,0.0831,0.0618,0.0407,0.0018,0.0029,0.024,0.0071,0.0057,0.0005,0.0005,0.0169,0.0183,0.0157,0.0009,0.0015,0.0152,0.0649,0.0728,0.0068,0.0092,0.0728,0.0,0.0,0.02,0.02,0.051682076610883476,0.05142551510691232,0.02,0.02,0.02140766327287144,0.054601788977702695,0.055255416768512866,0.032878469267179744,0.05077278494870907,0.051426786927104146,0.056359794282440465,0.056252418283864125,0.04169837979521209,0.04118657232891034,0.04338404574785961,0.05576176903528819,0.05579497258446901,0.0415866235580447,0.02,0.02,0.050469489766001116,0.0480554327380346,0.02,0.06311518526944564,0.05477276739392485,0.00562942474898053,0.005865772346559751,0.08014546983540899,0.057832609631907686,0.03840142108387471,0.002456149768142641,0.00179356494046031,0.025970711292705378,0.006644581095996561,0.0059034695905968975,0.0005689905294087962,0.0006842550324142828,0.01658096063105322,0.01697411863675226,0.014810517740264673,0.001210950406957542,0.001175307519859041,0.016661864672046126,0.0651606292731386,0.07182543788669195,0.006892033217162392,0.009561566793052279,0.07718825433867046
vanilla_deficit,2,48000,42.00451846898068,42.184553708997555,0.3848925232887268,1.7366191148757935,13,0.6745000000000001,0.5176999999999999,0.0611,0.0582,0.006,0.0046,0.0796,0.0635,0.0411,0.0021,0.0026,0.035,0.007,0.0062,0.001,0.0005,0.0149,0.0233,0.0198,0.0015,0.0014,0.0201,0.0634,0.072,0.0074,0.0089,0.0733,0.0,0.0,0.02,0.02,0.05308359354283251,0.05265775330756206,0.02,0.02,0.02,0.05546133841112255,0.056088837129660854,0.02764734377201622,0.05134774537679118,0.05224679237969408,0.057347415452340345,0.05738814143482768,0.043498823070316946,0.038984439511728336,0.04056197528259399,0.05673550860860535,0.05654846540784367,0.03858392910475589,0.02,0.02,0.052340509658347245,0.04947738854896105,0.02,0.06143956731415799,0.05427791134695648,0.005052842403932367,0.0055756461145321755,0.08106531516131966,0.06037278185662671,0.04107822545391875,0.0026089724926842734,0.001953714257432203,0.03180966275064297,0.00698266915297389,0.00600478728151273,0.0006003959888044705,0.0005578683554800245,0.015139752441368812,0.020010094943011376,0.018323709070507396,0.001278435090220409,0.001434690276179191,0.02050644827514914,0.06500366301929814,0.0701728178929504,0.005906924103774384,0.008857642506944197,0.07750252863668987
vanilla_deficit,2,49000,42.85997018893249,43.04404649999924,0.3803129196166992,1.7849379777908325,13,0.6631,0.5085,0.0608,0.0583,0.0047,0.0053,0.0738,0.0628,0.0433,0.0018,0.0031,0.0332,0.006,0.0056,0.0004,0.0006,0.0149,0.0293,0.0252,0.0009,0.0023,0.0242,0.0592,0.0678,0.0057,0.0083,0.0656,0.0,0.0,0.02,0.02,0.05467795822952201,0.054921208970693816,0.02,0.02,0.02,0.057662000294319074,0.057526037517394796,0.022768717605255565,0.05314007516644881,0.0533426491826309,0.05953971795304262,0.05947648511357695,0.04566800519642594,0.03183761589788766,0.03469832302351014,0.058123288944986876,0.05787433047731899,0.033217507999432794,0.02,0.02,0.053623655670742704,0.0519024227568103,0.02,0.06443447504184467,0.056304721180359264,0.005319427423469723,0.0050393536564316945,0.07958362673138085,0.058097371637845306,0.04447027842339244,0.0023237952724709555,0.002419443815811162,0.03716927243613479,0.006882214553462975,0.0066815055234561846,0.0004243022147321529,0.0004869529046524337,0.014285493335664454,0.0281838664405883,0.025388558752651117,0.0018667534495677978,0.002074357395242077,0.026660428237308496,0.05792423200897614,0.06458949688920936,0.006324961105618112,0.008069410086481545,0.06998931249116398
vanilla_deficit,2,50000,43.74896927794907,43.93714929197449,0.381603479385376,1.8656748533248901,13,0.6951999999999999,0.4733,0.0599,0.0616,0.0045,0.0055,0.0746,0.0604,0.0481,0.0022,0.003,0.0425,0.0053,0.0059,0.0005,0.0004,0.013,0.0393,0.0368,0.0018,0.0032,0.0335,0.0509,0.0672,0.0052,0.0066,0.0633,0.0,0.0,0.02,0.02,0.05675414801026803,0.05675855248278827,0.02,0.02,0.02,0.05939128862130272,0.059563912004546096,0.02,0.0561399866188524,0.05537678654969083,0.06197190948900884,0.06164662913310516,0.04892652759184331,0.023815953643525865,0.02651262115286554,0.059654412448907804,0.05958850000098012,0.024487179380395997,0.02,0.02,0.05593706829730072,0.05347452457461828,0.02,0.0621565600133991,0.057884892892827285,0.005261453550084453,0.0051010698293677504,0.07705667801371538,0.05673391006371037,0.04329037481572706,0.0026301732878666025,0.002468161411933237,0.04129769488301797,0.005720673702857705,0.006436958325451452,0.00020818838643294602,0.0005134731032197165,0.012529769363930292,0.036213933218429806,0.034034597796329,0.0024613492123003755,0.002484147389199912,0.035779281580536816,0.05129818573049265,0.0638417282801926,0.006028305726178665,0.00826134692269115,0.06160917355090817
