modes,method,seed,step,mode_tv,spatial_tv,valid_fraction,coverage_1pct,coverage_relative,source
9,vanilla,0,10000,0.5179555555555555,0.6507184414160464,0.847,4,7,results/grid3-50k-v1/vanilla_seed0/samples_step10000.npy
9,vanilla,0,50000,0.5414555555555556,0.7308941958614145,0.9256,4,4,results/grid3-50k-v1/vanilla_seed0/final_samples.npy
9,vanilla,1,10000,0.5170555555555555,0.6273524661091985,0.8665,5,7,results/grid3-50k-v1/vanilla_seed1/samples_step10000.npy
9,vanilla,1,50000,0.5420555555555556,0.6829489352816842,0.9494,4,4,results/grid3-50k-v1/vanilla_seed1/final_samples.npy
9,vanilla,2,10000,0.5219555555555555,0.6150443197101412,0.8759,5,6,results/grid3-50k-v1/vanilla_seed2/samples_step10000.npy
9,vanilla,2,50000,0.5421555555555557,0.6593610630261195,0.9618999999999999,4,4,results/grid3-50k-v1/vanilla_seed2/final_samples.npy
9,vanilla,3,10000,0.5155555555555555,0.6156150149009694,0.8623999999999999,6,8,results/grid3-50k-v1/vanilla_seed3/samples_step10000.npy
9,vanilla,3,50000,0.5421555555555556,0.6540361500388108,0.9517,4,4,results/grid3-50k-v1/vanilla_seed3/final_samples.npy
9,vanilla,4,10000,0.5227555555555556,0.6466920910381263,0.8704999999999999,4,6,results/grid3-50k-v1/vanilla_seed4/samples_step10000.npy
9,vanilla,4,50000,0.5443555555555555,0.667700081553066,0.9540000000000001,4,4,results/grid3-50k-v1/vanilla_seed4/final_samples.npy
9,rsgan,0,10000,0.5119555555555555,0.6681689351928072,0.857,7,8,results/grid3-50k-v1/rsgan_seed0/samples_step10000.npy
9,rsgan,0,50000,0.5378555555555555,0.6684331765676311,0.9411,4,4,results/grid3-50k-v1/rsgan_seed0/final_samples.npy
9,rsgan,1,10000,0.5144555555555556,0.6292276926145636,0.8593999999999999,6,6,results/grid3-50k-v1/rsgan_seed1/samples_step10000.npy
9,rsgan,1,50000,0.5409555555555556,0.7231800672243148,0.944,4,4,results/grid3-50k-v1/rsgan_seed1/final_samples.npy
9,rsgan,2,10000,0.5170555555555556,0.6524062604746657,0.8656,5,7,results/grid3-50k-v1/rsgan_seed2/samples_step10000.npy
9,rsgan,2,50000,0.5422555555555555,0.7065794039490358,0.9504,4,4,results/grid3-50k-v1/rsgan_seed2/final_samples.npy
9,rsgan,3,10000,0.5135555555555555,0.6935007565097342,0.8361999999999999,7,8,results/grid3-50k-v1/rsgan_seed3/samples_step10000.npy
9,rsgan,3,50000,0.5382555555555555,0.7201384339532727,0.9369,4,4,results/grid3-50k-v1/rsgan_seed3/final_samples.npy
9,rsgan,4,10000,0.5128555555555555,0.6817527563863306,0.8476000000000001,7,8,results/grid3-50k-v1/rsgan_seed4/samples_step10000.npy
9,rsgan,4,50000,0.5402555555555555,0.6983478361595408,0.9445,4,4,results/grid3-50k-v1/rsgan_seed4/final_samples.npy
9,paired,0,10000,0.19989999999999997,0.5668485679774318,0.8001,9,9,results/grid3-50k-v1/paired_seed0/samples_step10000.npy
9,paired,0,50000,0.05829999999999999,0.6168600122549511,0.9417,9,9,results/grid3-50k-v1/paired_seed0/final_samples.npy
9,paired,1,10000,0.16799999999999993,0.49517573386753144,0.8320000000000001,9,9,results/grid3-50k-v1/paired_seed1/samples_step10000.npy
9,paired,1,50000,0.05209999999999994,0.6247597311861224,0.9479000000000001,9,9,results/grid3-50k-v1/paired_seed1/final_samples.npy
9,paired,2,10000,0.23189999999999997,0.5733454151481591,0.7681,9,9,results/grid3-50k-v1/paired_seed2/samples_step10000.npy
9,paired,2,50000,0.06698888888888896,0.6351883730506453,0.9348999999999998,9,9,results/grid3-50k-v1/paired_seed2/final_samples.npy
9,paired,3,10000,0.14879999999999993,0.5187451333530373,0.8512000000000001,9,9,results/grid3-50k-v1/paired_seed3/samples_step10000.npy
9,paired,3,50000,0.059688888888888826,0.6150259831015323,0.9430000000000001,9,9,results/grid3-50k-v1/paired_seed3/final_samples.npy
9,paired,4,10000,0.15879999999999994,0.5504168957349166,0.8412000000000001,9,9,results/grid3-50k-v1/paired_seed4/samples_step10000.npy
9,paired,4,50000,0.05408888888888889,0.6108726484942186,0.9479,9,9,results/grid3-50k-v1/paired_seed4/final_samples.npy
9,pacgan2,0,10000,0.22419999999999995,0.5375263906328781,0.7758,9,9,results/grid3-pacgan2-v1/pacgan2_seed0/samples_step10000.npy
9,pacgan2,0,50000,0.06198888888888886,0.5558942942574217,0.9393,9,9,results/grid3-pacgan2-v1/pacgan2_seed0/samples_step50000.npy
9,pacgan2,1,10000,0.16210000000000005,0.4995831476011001,0.8378999999999999,9,9,results/grid3-pacgan2-v1/pacgan2_seed1/samples_step10000.npy
9,pacgan2,1,50000,0.08228888888888887,0.655122694443189,0.9194,9,9,results/grid3-pacgan2-v1/pacgan2_seed1/samples_step50000.npy
9,pacgan2,2,10000,0.19010000000000005,0.5478482562031923,0.8098999999999998,9,9,results/grid3-pacgan2-v1/pacgan2_seed2/samples_step10000.npy
9,pacgan2,2,50000,0.06188888888888889,0.5828613084834589,0.942,9,9,results/grid3-pacgan2-v1/pacgan2_seed2/samples_step50000.npy
9,pacgan2,3,10000,0.1829,0.5568993194941538,0.8170999999999999,9,9,results/grid3-pacgan2-v1/pacgan2_seed3/samples_step10000.npy
9,pacgan2,3,50000,0.058,0.6482612495440483,0.942,9,9,results/grid3-pacgan2-v1/pacgan2_seed3/samples_step50000.npy
9,pacgan2,4,10000,0.19069999999999998,0.5234497873592945,0.8093,9,9,results/grid3-pacgan2-v1/pacgan2_seed4/samples_step10000.npy
9,pacgan2,4,50000,0.057199999999999925,0.5507166509381036,0.9428000000000001,9,9,results/grid3-pacgan2-v1/pacgan2_seed4/samples_step50000.npy
9,dual_slot,0,10000,0.18339999999999998,0.49476086020550364,0.8166,9,9,results/grid3-dual-slot-v1/dual_slot_seed0/samples_step10000.npy
9,dual_slot,0,50000,0.06027777777777776,0.569506620625398,0.9435,9,9,results/grid3-dual-slot-v1/dual_slot_seed0/samples_step50000.npy
9,dual_slot,1,10000,0.19729999999999998,0.5577968155016297,0.8027,9,9,results/grid3-dual-slot-v1/dual_slot_seed1/samples_step10000.npy
9,dual_slot,1,50000,0.05838888888888884,0.5849250599438618,0.9429000000000001,9,9,results/grid3-dual-slot-v1/dual_slot_seed1/samples_step50000.npy
9,dual_slot,2,10000,0.1901,0.49425675390448154,0.8099,9,9,results/grid3-dual-slot-v1/dual_slot_seed2/samples_step10000.npy
9,dual_slot,2,50000,0.1305,0.6917136437443451,0.8694999999999999,9,9,results/grid3-dual-slot-v1/dual_slot_seed2/samples_step50000.npy
9,dual_slot,3,10000,0.16939999999999997,0.5184730584550359,0.8306,9,9,results/grid3-dual-slot-v1/dual_slot_seed3/samples_step10000.npy
9,dual_slot,3,50000,0.05448888888888886,0.5623602634678814,0.9473,9,9,results/grid3-dual-slot-v1/dual_slot_seed3/samples_step50000.npy
9,dual_slot,4,10000,0.1849,0.494185354475697,0.8150999999999999,9,9,results/grid3-dual-slot-v1/dual_slot_seed4/samples_step10000.npy
9,dual_slot,4,50000,0.05969999999999996,0.6035535752656132,0.9403,9,9,results/grid3-dual-slot-v1/dual_slot_seed4/samples_step50000.npy
25,vanilla,0,10000,0.6557999999999999,0.7722901500654062,0.36719999999999997,14,23,results/grid5-50k-v1/vanilla_seed0/samples_step10000.npy
25,vanilla,0,50000,0.7112,0.7890137129479884,0.7121000000000001,9,13,results/grid5-50k-v1/vanilla_seed0/final_samples.npy
25,vanilla,1,10000,0.6566000000000001,0.7581257451479065,0.3899,16,16,results/grid5-50k-v1/vanilla_seed1/samples_step10000.npy
25,vanilla,1,50000,0.7473000000000001,0.8097203732508762,0.7244999999999999,5,15,results/grid5-50k-v1/vanilla_seed1/final_samples.npy
25,vanilla,2,10000,0.6525,0.7439962267408313,0.3803000000000001,16,16,results/grid5-50k-v1/vanilla_seed2/samples_step10000.npy
25,vanilla,2,50000,0.7335999999999999,0.8100707914556616,0.7489000000000001,6,16,results/grid5-50k-v1/vanilla_seed2/final_samples.npy
25,vanilla,3,10000,0.6520999999999999,0.7540715907151552,0.378,16,22,results/grid5-50k-v1/vanilla_seed3/samples_step10000.npy
25,vanilla,3,50000,0.7090000000000001,0.7803729303653475,0.6957,10,16,results/grid5-50k-v1/vanilla_seed3/final_samples.npy
25,vanilla,4,10000,0.6657000000000001,0.7759002561032252,0.35739999999999994,14,21,results/grid5-50k-v1/vanilla_seed4/samples_step10000.npy
25,vanilla,4,50000,0.6867000000000001,0.7797118597242103,0.8019,6,19,results/grid5-50k-v1/vanilla_seed4/final_samples.npy
25,rsgan,0,10000,0.6527000000000001,0.7542527377211186,0.41159999999999997,14,18,results/grid5-50k-v1/rsgan_seed0/samples_step10000.npy
25,rsgan,0,50000,0.7222999999999999,0.8011921940526596,0.7043,9,16,results/grid5-50k-v1/rsgan_seed0/final_samples.npy
25,rsgan,1,10000,0.6517000000000001,0.7470928387899416,0.37670000000000003,16,19,results/grid5-50k-v1/rsgan_seed1/samples_step10000.npy
25,rsgan,1,50000,0.7312000000000001,0.8040462188595905,0.7193,7,16,results/grid5-50k-v1/rsgan_seed1/final_samples.npy
25,rsgan,2,10000,0.6584,0.7557826811889206,0.396,16,18,results/grid5-50k-v1/rsgan_seed2/samples_step10000.npy
25,rsgan,2,50000,0.6618,0.7858413126878628,0.7415,7,19,results/grid5-50k-v1/rsgan_seed2/final_samples.npy
25,rsgan,3,10000,0.6607000000000001,0.7707081256283532,0.3649,15,16,results/grid5-50k-v1/rsgan_seed3/samples_step10000.npy
25,rsgan,3,50000,0.642,0.7548351626874715,0.74,10,19,results/grid5-50k-v1/rsgan_seed3/final_samples.npy
25,rsgan,4,10000,0.6736,0.7871426090867052,0.36,12,17,results/grid5-50k-v1/rsgan_seed4/samples_step10000.npy
25,rsgan,4,50000,0.674,0.7911439283294429,0.77,6,19,results/grid5-50k-v1/rsgan_seed4/final_samples.npy
25,paired,0,10000,0.7458,0.8150193134935477,0.2542,10,25,results/grid5-50k-v1/paired_seed0/samples_step10000.npy
25,paired,0,50000,0.2292,0.5823494364374625,0.7708,25,25,results/grid5-50k-v1/paired_seed0/final_samples.npy
25,paired,1,10000,0.7087,0.7905599662320759,0.2912999999999999,13,24,results/grid5-50k-v1/paired_seed1/samples_step10000.npy
25,paired,1,50000,0.21240000000000003,0.5983687035391716,0.7876,25,25,results/grid5-50k-v1/paired_seed1/final_samples.npy
25,paired,2,10000,0.7409000000000001,0.8021821185701722,0.2591,12,24,results/grid5-50k-v1/paired_seed2/samples_step10000.npy
25,paired,2,50000,0.23060000000000003,0.5649165940795753,0.7694,25,25,results/grid5-50k-v1/paired_seed2/final_samples.npy
25,paired,3,10000,0.7315,0.8073524910256815,0.26849999999999996,13,23,results/grid5-50k-v1/paired_seed3/samples_step10000.npy
25,paired,3,50000,0.20940000000000003,0.5865961249636122,0.7906,25,25,results/grid5-50k-v1/paired_seed3/final_samples.npy
25,paired,4,10000,0.7115,0.7835449890439896,0.2885,14,25,results/grid5-50k-v1/paired_seed4/samples_step10000.npy
25,paired,4,50000,0.32989999999999997,0.653963667106026,0.6701,22,25,results/grid5-50k-v1/paired_seed4/final_samples.npy
25,pacgan2,0,10000,0.7318,0.8111767142918112,0.2682,11,23,results/grid5-pacgan2-v1/pacgan2_seed0/samples_step10000.npy
25,pacgan2,0,50000,0.18110000000000004,0.5870555609278846,0.8189,25,25,results/grid5-pacgan2-v1/pacgan2_seed0/samples_step50000.npy
25,pacgan2,1,10000,0.7881,0.8599924383156052,0.21189999999999998,9,24,results/grid5-pacgan2-v1/pacgan2_seed1/samples_step10000.npy
25,pacgan2,1,50000,0.2648,0.6170490911472551,0.7352000000000001,23,25,results/grid5-pacgan2-v1/pacgan2_seed1/samples_step50000.npy
25,pacgan2,2,10000,0.7162,0.8008040235694303,0.28380000000000005,12,23,results/grid5-pacgan2-v1/pacgan2_seed2/samples_step10000.npy
25,pacgan2,2,50000,0.19490000000000007,0.6541641999544671,0.8050999999999999,25,25,results/grid5-pacgan2-v1/pacgan2_seed2/samples_step50000.npy
25,pacgan2,3,10000,0.7471,0.8094883974719314,0.2529,11,24,results/grid5-pacgan2-v1/pacgan2_seed3/samples_step10000.npy
25,pacgan2,3,50000,0.20240000000000008,0.6055360606968426,0.7975999999999999,25,25,results/grid5-pacgan2-v1/pacgan2_seed3/samples_step50000.npy
25,pacgan2,4,10000,0.7210000000000001,0.7950853814556762,0.279,12,23,results/grid5-pacgan2-v1/pacgan2_seed4/samples_step10000.npy
25,pacgan2,4,50000,0.23570000000000002,0.6447940782416028,0.7646,25,25,results/grid5-pacgan2-v1/pacgan2_seed4/samples_step50000.npy
25,dual_slot,0,10000,0.7292000000000001,0.7903158570239114,0.27079999999999993,14,23,results/grid5-dual-slot-v1/dual_slot_seed0/samples_step10000.npy
25,dual_slot,0,50000,0.21059999999999995,0.6677766749623281,0.7894000000000001,25,25,results/grid5-dual-slot-v1/dual_slot_seed0/samples_step50000.npy
25,dual_slot,1,10000,0.7124,0.7924072220846248,0.2876000000000001,12,25,results/grid5-dual-slot-v1/dual_slot_seed1/samples_step10000.npy
25,dual_slot,1,50000,0.17459999999999998,0.6135321725806044,0.8254,25,25,results/grid5-dual-slot-v1/dual_slot_seed1/samples_step50000.npy
25,dual_slot,2,10000,0.6992,0.781318349597845,0.30079999999999996,15,24,results/grid5-dual-slot-v1/dual_slot_seed2/samples_step10000.npy
25,dual_slot,2,50000,0.24550000000000005,0.6692535659913277,0.7545999999999999,20,25,results/grid5-dual-slot-v1/dual_slot_seed2/samples_step50000.npy
25,dual_slot,3,10000,0.8107,0.8697538245893296,0.18930000000000002,5,23,results/grid5-dual-slot-v1/dual_slot_seed3/samples_step10000.npy
25,dual_slot,3,50000,0.22160000000000002,0.6035613478543161,0.7784,25,25,results/grid5-dual-slot-v1/dual_slot_seed3/samples_step50000.npy
25,dual_slot,4,10000,0.7609,0.8309556854335789,0.23909999999999998,11,25,results/grid5-dual-slot-v1/dual_slot_seed4/samples_step10000.npy
25,dual_slot,4,50000,0.20029999999999998,0.6802185080953158,0.7997000000000001,25,25,results/grid5-dual-slot-v1/dual_slot_seed4/samples_step50000.npy
49,vanilla,0,10000,0.7597,0.8408630437094595,0.24029999999999996,4,49,results/grid7-50k-v1/vanilla_seed0/samples_step10000.npy
49,vanilla,0,50000,0.6416510204081632,0.7743403918598486,0.4165,14,39,results/grid7-50k-v1/vanilla_seed0/final_samples.npy
49,vanilla,0,100000,0.5912693877551021,0.7506162880239009,0.6924,16,39,results/grid7-150k-v1/vanilla_seed0/samples_step100000.npy
49,vanilla,0,150000,0.5287367346938775,0.6961265875402199,0.7616,20,32,results/grid7-150k-v1/vanilla_seed0/final_samples.npy
49,vanilla,1,10000,0.7541918367346938,0.8387564713021027,0.2509,4,46,results/grid7-50k-v1/vanilla_seed1/samples_step10000.npy
49,vanilla,1,50000,0.6640673469387754,0.7869556465837577,0.3824000000000001,13,38,results/grid7-50k-v1/vanilla_seed1/final_samples.npy
49,vanilla,1,100000,0.5292367346938776,0.7374729931676803,0.7266,20,40,results/grid7-150k-v1/vanilla_seed1/samples_step100000.npy
49,vanilla,1,150000,0.5409367346938775,0.7489921229760856,0.7937000000000001,20,34,results/grid7-150k-v1/vanilla_seed1/final_samples.npy
49,vanilla,2,10000,0.8058,0.8799059311442214,0.19419999999999993,2,45,results/grid7-50k-v1/vanilla_seed2/samples_step10000.npy
49,vanilla,2,50000,0.6745591836734693,0.8058327017945753,0.36060000000000003,10,39,results/grid7-50k-v1/vanilla_seed2/final_samples.npy
49,vanilla,2,100000,0.5620530612244898,0.7110600828686567,0.6468,18,35,results/grid7-150k-v1/vanilla_seed2/samples_step100000.npy
49,vanilla,2,150000,0.4847367346938775,0.7036225684530355,0.7417,24,33,results/grid7-150k-v1/vanilla_seed2/final_samples.npy
49,vanilla,3,10000,0.7476,0.8418236183798127,0.25239999999999996,4,46,results/grid7-50k-v1/vanilla_seed3/samples_step10000.npy
49,vanilla,3,50000,0.6892673469387756,0.8608430423146687,0.34130000000000005,12,38,results/grid7-50k-v1/vanilla_seed3/final_samples.npy
49,vanilla,3,100000,0.6055020408163264,0.7750389639535323,0.6020000000000001,17,40,results/grid7-150k-v1/vanilla_seed3/samples_step100000.npy
49,vanilla,3,150000,0.5737775510204082,0.7523052297924615,0.7228,17,38,results/grid7-150k-v1/vanilla_seed3/final_samples.npy
49,vanilla,4,10000,0.7473000000000001,0.8319094467615007,0.25270000000000004,4,48,results/grid7-50k-v1/vanilla_seed4/samples_step10000.npy
49,vanilla,4,50000,0.6648673469387755,0.8346775599146983,0.3607,10,35,results/grid7-50k-v1/vanilla_seed4/final_samples.npy
49,vanilla,4,100000,0.5308612244897959,0.7229779672412118,0.6723,20,39,results/grid7-150k-v1/vanilla_seed4/samples_step100000.npy
49,vanilla,4,150000,0.4723040816326531,0.7127008630118188,0.7976,24,35,results/grid7-150k-v1/vanilla_seed4/final_samples.npy
49,rsgan,0,10000,0.7474000000000001,0.8272441880604247,0.25259999999999994,4,47,results/grid7-50k-v1/rsgan_seed0/samples_step10000.npy
49,rsgan,0,50000,0.6881673469387755,0.8190053369122128,0.3801,15,39,results/grid7-50k-v1/rsgan_seed0/final_samples.npy
49,rsgan,0,100000,0.5888693877551021,0.7677460158098266,0.6896,16,38,results/grid7-150k-v1/rsgan_seed0/samples_step100000.npy
49,rsgan,0,150000,0.5410448979591836,0.7453910377532,0.7544000000000001,20,32,results/grid7-150k-v1/rsgan_seed0/final_samples.npy
49,rsgan,1,10000,0.7635000000000001,0.8528460912864986,0.23650000000000004,4,46,results/grid7-50k-v1/rsgan_seed1/samples_step10000.npy
49,rsgan,1,50000,0.6313510204081633,0.8003252180683057,0.4235,13,37,results/grid7-50k-v1/rsgan_seed1/final_samples.npy
49,rsgan,1,100000,0.538369387755102,0.7964096236406106,0.6638,20,35,results/grid7-150k-v1/rsgan_seed1/samples_step100000.npy
49,rsgan,1,150000,0.46112040816326527,0.7050819817240934,0.76,25,36,results/grid7-150k-v1/rsgan_seed1/final_samples.npy
49,rsgan,2,10000,0.7519,0.8409617558972726,0.2481,4,44,results/grid7-50k-v1/rsgan_seed2/samples_step10000.npy
49,rsgan,2,50000,0.6561510204081632,0.8057936229035995,0.42369999999999997,14,39,results/grid7-50k-v1/rsgan_seed2/final_samples.npy
49,rsgan,2,100000,0.587569387755102,0.7901939785707577,0.6784000000000001,16,35,results/grid7-150k-v1/rsgan_seed2/samples_step100000.npy
49,rsgan,2,150000,0.47032040816326526,0.7416744851327535,0.7318000000000001,24,33,results/grid7-150k-v1/rsgan_seed2/final_samples.npy
49,rsgan,3,10000,0.7466999999999999,0.8269674473632197,0.2533000000000001,4,45,results/grid7-50k-v1/rsgan_seed3/samples_step10000.npy
49,rsgan,3,50000,0.6786591836734693,0.8078858732307905,0.3508,11,39,results/grid7-50k-v1/rsgan_seed3/final_samples.npy
49,rsgan,3,100000,0.5900020408163266,0.7766362924659521,0.5994999999999999,16,38,results/grid7-150k-v1/rsgan_seed3/samples_step100000.npy
49,rsgan,3,150000,0.5241367346938776,0.7102028737367463,0.7502,20,38,results/grid7-150k-v1/rsgan_seed3/final_samples.npy
49,rsgan,4,10000,0.7757,0.8547613067736376,0.22429999999999994,3,46,results/grid7-50k-v1/rsgan_seed4/samples_step10000.npy
49,rsgan,4,50000,0.6873673469387754,0.8086939735038955,0.36040000000000005,11,37,results/grid7-50k-v1/rsgan_seed4/final_samples.npy
49,rsgan,4,100000,0.5841693877551021,0.767158374076458,0.6753,16,39,results/grid7-150k-v1/rsgan_seed4/samples_step100000.npy
49,rsgan,4,150000,0.598469387755102,0.726859053432201,0.7425,16,36,results/grid7-150k-v1/rsgan_seed4/final_samples.npy
49,paired,0,10000,0.8725,0.9154390866729449,0.12749999999999995,0,37,results/grid7-50k-v1/paired_seed0/samples_step10000.npy
49,paired,0,50000,0.7413000000000001,0.8478898344566717,0.25869999999999993,4,49,results/grid7-50k-v1/paired_seed0/final_samples.npy
49,paired,0,100000,0.4469265306122449,0.6998061130971984,0.5719,26,45,results/grid7-150k-v1/paired_seed0/samples_step100000.npy
49,paired,0,150000,0.30145102040816324,0.6861686485957974,0.7081999999999999,38,49,results/grid7-150k-v1/paired_seed0/final_samples.npy
49,paired,1,10000,0.8427,0.8980314996827502,0.1573,0,47,results/grid7-50k-v1/paired_seed1/samples_step10000.npy
49,paired,1,50000,0.7164999999999999,0.8323714151500272,0.2835,5,47,results/grid7-50k-v1/paired_seed1/final_samples.npy
49,paired,1,100000,0.35951020408163264,0.7600259261253242,0.6535,30,47,results/grid7-150k-v1/paired_seed1/samples_step100000.npy
49,paired,1,150000,0.2146265306122449,0.619314287803391,0.8027,42,47,results/grid7-150k-v1/paired_seed1/final_samples.npy
49,paired,2,10000,0.8654999999999999,0.9138446371386997,0.13450000000000006,0,46,results/grid7-50k-v1/paired_seed2/samples_step10000.npy
49,paired,2,50000,0.7313999999999999,0.8456358499737138,0.26859999999999995,6,48,results/grid7-50k-v1/paired_seed2/final_samples.npy
49,paired,2,100000,0.29429183673469383,0.6183418015817295,0.7058,42,49,results/grid7-150k-v1/paired_seed2/samples_step100000.npy
49,paired,2,150000,0.17979999999999996,0.6596471173730896,0.8202,49,49,results/grid7-150k-v1/paired_seed2/final_samples.npy
49,paired,3,10000,0.8453999999999999,0.9008817840672495,0.15459999999999996,0,49,results/grid7-50k-v1/paired_seed3/samples_step10000.npy
49,paired,3,50000,0.6804,0.8173725604428586,0.3195999999999999,10,49,results/grid7-50k-v1/paired_seed3/final_samples.npy
49,paired,3,100000,0.2983836734693877,0.5933456519164844,0.7024,36,48,results/grid7-150k-v1/paired_seed3/samples_step100000.npy
49,paired,3,150000,0.24192857142857138,0.708306031698775,0.7817000000000001,36,45,results/grid7-150k-v1/paired_seed3/final_samples.npy
49,paired,4,10000,0.8533999999999999,0.9057613456376867,0.14660000000000006,0,46,results/grid7-50k-v1/paired_seed4/samples_step10000.npy
49,paired,4,50000,0.6805836734693878,0.8041661653050878,0.32399999999999995,9,49,results/grid7-50k-v1/paired_seed4/final_samples.npy
49,paired,4,100000,0.3599836734693877,0.6178958839900541,0.6437,34,49,results/grid7-150k-v1/paired_seed4/samples_step100000.npy
49,paired,4,150000,0.2171265306122449,0.5608574465313387,0.7949999999999999,42,49,results/grid7-150k-v1/paired_seed4/final_samples.npy
49,pacgan2,0,10000,0.8461,0.8981568058405158,0.15389999999999993,0,45,results/grid7-pacgan2-v1/pacgan2_seed0/samples_step10000.npy
49,pacgan2,0,50000,0.7089,0.8324585427130589,0.2910999999999999,7,46,results/grid7-pacgan2-v1/pacgan2_seed0/samples_step50000.npy
49,pacgan2,0,100000,0.2763,0.5834082288381335,0.7237,46,49,results/grid7-pacgan2-v1/pacgan2_seed0/samples_step100000.npy
49,pacgan2,0,150000,0.18339999999999995,0.6112427839171525,0.8166,49,49,results/grid7-pacgan2-v1/pacgan2_seed0/samples_step150000.npy
49,pacgan2,1,10000,0.8616999999999999,0.909073096778019,0.13829999999999998,0,44,results/grid7-pacgan2-v1/pacgan2_seed1/samples_step10000.npy
49,pacgan2,1,50000,0.7492,0.8587568688297913,0.2507999999999999,4,48,results/grid7-pacgan2-v1/pacgan2_seed1/samples_step50000.npy
49,pacgan2,1,100000,0.4464510204081633,0.7301942347341586,0.5613999999999999,29,46,results/grid7-pacgan2-v1/pacgan2_seed1/samples_step100000.npy
49,pacgan2,1,150000,0.26723469387755105,0.6674374583925983,0.7475999999999999,42,47,results/grid7-pacgan2-v1/pacgan2_seed1/samples_step150000.npy
49,pacgan2,2,10000,0.8306999999999999,0.8896951543279501,0.1693,0,42,results/grid7-pacgan2-v1/pacgan2_seed2/samples_step10000.npy
49,pacgan2,2,50000,0.7185999999999999,0.8430044266477327,0.2814,5,47,results/grid7-pacgan2-v1/pacgan2_seed2/samples_step50000.npy
49,pacgan2,2,100000,0.30085918367346937,0.6408916945229333,0.7056,35,49,results/grid7-pacgan2-v1/pacgan2_seed2/samples_step100000.npy
49,pacgan2,2,150000,0.18682653061224486,0.5976232185863154,0.8252,42,48,results/grid7-pacgan2-v1/pacgan2_seed2/samples_step150000.npy
49,pacgan2,3,10000,0.8629,0.9099718971013484,0.1371,0,44,results/grid7-pacgan2-v1/pacgan2_seed3/samples_step10000.npy
49,pacgan2,3,50000,0.74,0.8559903408152041,0.26,4,46,results/grid7-pacgan2-v1/pacgan2_seed3/samples_step50000.npy
49,pacgan2,3,100000,0.48339999999999994,0.7080141645166139,0.5166000000000001,20,49,results/grid7-pacgan2-v1/pacgan2_seed3/samples_step100000.npy
49,pacgan2,3,150000,0.2690755102040816,0.702628382599833,0.7321,41,49,results/grid7-pacgan2-v1/pacgan2_seed3/samples_step150000.npy
49,pacgan2,4,10000,0.8676999999999999,0.9143399811957191,0.13229999999999997,0,40,results/grid7-pacgan2-v1/pacgan2_seed4/samples_step10000.npy
49,pacgan2,4,50000,0.7374,0.839760539252824,0.26259999999999994,4,47,results/grid7-pacgan2-v1/pacgan2_seed4/samples_step50000.npy
49,pacgan2,4,100000,0.3447,0.6454859506315151,0.6553,40,49,results/grid7-pacgan2-v1/pacgan2_seed4/samples_step100000.npy
49,pacgan2,4,150000,0.23889183673469377,0.6971748511542388,0.7612000000000001,42,49,results/grid7-pacgan2-v1/pacgan2_seed4/samples_step150000.npy
49,dual_slot,0,10000,0.8804000000000001,0.9211641428398267,0.11959999999999993,0,44,results/grid7-dual-slot-v1/dual_slot_seed0/samples_step10000.npy
49,dual_slot,0,50000,0.7456,0.8489244614082767,0.25439999999999996,4,49,results/grid7-dual-slot-v1/dual_slot_seed0/samples_step50000.npy
49,dual_slot,0,100000,0.44126734693877545,0.7105648424075623,0.5743,29,46,results/grid7-dual-slot-v1/dual_slot_seed0/samples_step100000.npy
49,dual_slot,0,150000,0.2570020408163265,0.6094796696982653,0.7597,42,45,results/grid7-dual-slot-v1/dual_slot_seed0/samples_step150000.npy
49,dual_slot,1,10000,0.8680999999999999,0.910886557103211,0.13190000000000002,0,42,results/grid7-dual-slot-v1/dual_slot_seed1/samples_step10000.npy
49,dual_slot,1,50000,0.6679999999999999,0.8018424245255271,0.33199999999999996,10,49,results/grid7-dual-slot-v1/dual_slot_seed1/samples_step50000.npy
49,dual_slot,1,100000,0.3575673469387755,0.6934113141005104,0.6458999999999999,34,47,results/grid7-dual-slot-v1/dual_slot_seed1/samples_step100000.npy
49,dual_slot,1,150000,0.18801020408163263,0.6393869469892572,0.8258,42,48,results/grid7-dual-slot-v1/dual_slot_seed1/samples_step150000.npy
49,dual_slot,2,10000,0.8704999999999999,0.9174712467106455,0.12949999999999995,0,40,results/grid7-dual-slot-v1/dual_slot_seed2/samples_step10000.npy
49,dual_slot,2,50000,0.7219,0.8264507950441194,0.2781,4,48,results/grid7-dual-slot-v1/dual_slot_seed2/samples_step50000.npy
49,dual_slot,2,100000,0.3580510204081633,0.6910072951004329,0.6579999999999999,36,43,results/grid7-dual-slot-v1/dual_slot_seed2/samples_step100000.npy
49,dual_slot,2,150000,0.23121836734693874,0.5532431340210384,0.7878000000000001,42,42,results/grid7-dual-slot-v1/dual_slot_seed2/samples_step150000.npy
49,dual_slot,3,10000,0.8739999999999999,0.9173943508953035,0.126,0,41,results/grid7-dual-slot-v1/dual_slot_seed3/samples_step10000.npy
49,dual_slot,3,50000,0.7241,0.827890675781905,0.27590000000000003,5,44,results/grid7-dual-slot-v1/dual_slot_seed3/samples_step50000.npy
49,dual_slot,3,100000,0.2738999999999999,0.6138893615020019,0.7261000000000001,49,49,results/grid7-dual-slot-v1/dual_slot_seed3/samples_step100000.npy
49,dual_slot,3,150000,0.16689183673469388,0.656491969814107,0.8332999999999999,49,49,results/grid7-dual-slot-v1/dual_slot_seed3/samples_step150000.npy
49,dual_slot,4,10000,0.8637999999999999,0.9092024411041137,0.1362,0,45,results/grid7-dual-slot-v1/dual_slot_seed4/samples_step10000.npy
49,dual_slot,4,50000,0.7409999999999999,0.8413774554872878,0.259,4,48,results/grid7-dual-slot-v1/dual_slot_seed4/samples_step50000.npy
49,dual_slot,4,100000,0.33018367346938776,0.6634495632152471,0.6708999999999999,42,49,results/grid7-dual-slot-v1/dual_slot_seed4/samples_step100000.npy
49,dual_slot,4,150000,0.20129183673469386,0.5169878327743225,0.8005,49,49,results/grid7-dual-slot-v1/dual_slot_seed4/samples_step150000.npy
