method,seed,original_coverage,extended_coverage,late_mean_coverage,original_valid_fraction,extended_valid_fraction,late_mean_valid_fraction,original_mode_tv,extended_mode_tv,late_mean_mode_tv,late_min_coverage,late_full_coverage_fraction
vanilla,0,8.0,8.0,8.0,0.8595999999999999,0.9373,0.9288000000000001,0.17610000000000003,0.09999999999999999,0.10635454545454547,8,1.0
vanilla,1,8.0,6.0,6.0,0.8393999999999999,0.8991,0.9250090909090911,0.26180000000000003,0.2502,0.24276363636363635,6,0.0
vanilla,2,6.0,6.0,6.0,0.8358,0.937,0.9331454545454545,0.3351,0.27249999999999996,0.27657272727272725,6,0.0
vanilla,3,8.0,7.0,7.0,0.8494999999999999,0.9371,0.9197272727272728,0.19300000000000003,0.15109999999999996,0.16146363636363636,7,0.0
vanilla,4,8.0,7.0,7.0,0.8619,0.9264,0.9288181818181817,0.16379999999999997,0.1421,0.1496090909090909,7,0.0
paired,0,8.0,8.0,8.0,0.8298,0.9364000000000001,0.9236181818181819,0.17020000000000002,0.06359999999999993,0.07638181818181816,8,1.0
paired,1,8.0,8.0,8.0,0.8333,0.938,0.9324545454545455,0.1667,0.06200000000000003,0.06754545454545455,8,1.0
paired,2,8.0,8.0,8.0,0.8321,0.9454,0.9398181818181819,0.16790000000000002,0.05469999999999998,0.06215454545454546,8,1.0
paired,3,8.0,8.0,8.0,0.8314,0.9392,0.926590909090909,0.16859999999999997,0.06079999999999998,0.0734090909090909,8,1.0
paired,4,8.0,8.0,8.0,0.8265,0.8948,0.9316727272727273,0.1735,0.10519999999999999,0.06832727272727272,8,1.0
