step,d_loss,g_loss,training_seconds,seconds_per_step
100,0.42125511169433594,2.579301357269287,2.173869194,0.02173869194
200,0.2482367753982544,3.131843090057373,3.977324384000001,0.01803455190000001
300,0.2465677410364151,3.16776704788208,5.783831970000001,0.018065075860000005
400,0.28463101387023926,2.770801544189453,7.593302602000001,0.01809470632
500,0.4433816075325012,1.706663727760315,9.388084459000002,0.017947818570000003
600,0.5854476690292358,1.9775066375732422,11.182919006000002,0.017948345470000005
700,0.5936578512191772,2.190591812133789,12.982208332000003,0.017992893260000004
800,0.4339222311973572,2.1135518550872803,14.783390539000003,0.018011822070000003
900,0.39080533385276794,2.6913180351257324,16.592805815000002,0.018094152759999992
1000,0.30644291639328003,3.276303768157959,18.406664543,0.018138587279999997
1100,0.24305619299411774,2.752516269683838,20.206931629,0.01800267085999998
1200,0.8380085229873657,2.0935168266296387,22.02404012,0.01817108490999999
1300,0.4050445556640625,2.1579551696777344,23.846626968999995,0.018225868489999967
1400,0.44188249111175537,2.4262499809265137,25.668592578999995,0.018219656099999995
1500,0.475147008895874,1.6188979148864746,27.495050134,0.018264575550000047
1600,0.4816263020038605,2.108743190765381,29.320912654999997,0.018258625209999976
1700,0.7467590570449829,1.663499116897583,31.149918525999997,0.018290058709999998
1800,0.4246070981025696,2.180722236633301,32.98019338099999,0.01830274854999999
1900,0.8447130918502808,1.3474675416946411,34.815124399999995,0.018349310190000027
2000,0.5078003406524658,1.7397713661193848,36.645657223,0.018305328230000056
2100,0.40416476130485535,1.6706502437591553,38.47231152,0.018266542969999976
2200,0.5587712526321411,1.4942777156829834,40.302312948,0.018300014280000027
2300,0.39807045459747314,1.9763686656951904,42.132585847,0.018302728990000006
2400,0.7257876992225647,1.608142375946045,43.965760518,0.01833174671000002
2500,0.6738674640655518,1.7738313674926758,45.801535550000004,0.018357750320000008
2600,0.47097262740135193,1.7508411407470703,47.635630330000005,0.01834094780000001
2700,0.4868919253349304,1.7660436630249023,49.469851088000006,0.018342207580000006
2800,0.4527798295021057,1.9260926246643066,51.308735723000005,0.018388846349999995
2900,0.4282568097114563,2.0597331523895264,53.147280084,0.01838544360999997
3000,0.39737468957901,1.95240318775177,54.98981822600001,0.018425381420000095
3100,0.6084789037704468,1.6753675937652588,56.820823488,0.01831005261999991
3200,0.297757625579834,2.4725921154022217,58.665090387999996,0.01844266899999994
3300,0.4308823347091675,1.9997504949569702,60.511469076,0.018463786880000013
3400,0.37172213196754456,2.1815176010131836,62.360029739,0.018485606630000005
3500,0.2927488386631012,2.352560043334961,64.207292013,0.01847262274000002
3600,0.3818473815917969,1.9791879653930664,66.05557097500001,0.018482789620000092
3700,0.5525990128517151,1.5725135803222656,67.907362547,0.018517915719999962
3800,0.41563349962234497,1.9329843521118164,69.75981954500001,0.018524569980000082
3900,0.5602942109107971,1.507088541984558,71.61536288,0.01855543334999993
4000,0.6178023815155029,1.9014500379562378,73.472949545,0.018575866649999995
4100,0.36878716945648193,1.9738481044769287,75.320226112,0.018472765669999943
4200,0.5724296569824219,2.1006245613098145,77.177453886,0.01857227773999995
4300,0.3276588022708893,2.2413668632507324,79.035392584,0.01857938697999998
4400,0.5369412899017334,1.9131529331207275,80.897400836,0.018620082520000095
4500,0.7211920022964478,1.5199999809265137,82.76086392900001,0.018634630930000073
4600,0.4160601496696472,1.9468729496002197,84.62302346600002,0.018621595370000108
4700,0.38836199045181274,1.9819304943084717,86.48889368800002,0.01865870221999998
4800,0.4317246675491333,1.9293076992034912,88.36012620300002,0.018712325150000028
4900,0.6575979590415955,1.5818194150924683,90.22858101500002,0.01868454811999996
5000,0.4169626235961914,2.1286332607269287,92.09918177100002,0.01870600756000002
5100,0.4258615970611572,1.8595926761627197,93.96121616900002,0.018620343980000058
5200,0.35077589750289917,2.2279772758483887,95.82531214800002,0.01864095978999998
5300,0.5963835716247559,2.1830568313598633,97.69847018000003,0.018731580320000062
5400,0.570527970790863,1.864475965499878,99.57265168600003,0.018741815059999993
5500,0.5560663938522339,1.7513880729675293,101.44677196700003,0.018741202810000034
5600,0.5105158686637878,2.2119176387786865,103.32077377400003,0.01874001806999999
5700,0.4193582534790039,2.5075325965881348,105.19580897700003,0.01875035202999996
5800,0.3446653187274933,2.0114498138427734,107.07605770300003,0.01880248726000005
5900,0.6367387175559998,1.499457836151123,108.95845372900003,0.01882396025999995
6000,0.36735010147094727,2.048034906387329,110.83963961700002,0.018811858879999904
6100,0.5253984928131104,2.0437405109405518,112.70660162400003,0.01866962007000012
6200,0.4089275598526001,1.9969896078109741,114.58418138100004,0.018775797570000065
6300,0.30572307109832764,2.215366840362549,116.46521456600004,0.01881033185000007
6400,0.40688613057136536,1.875383734703064,118.35658263600007,0.01891368070000027
6500,0.38585785031318665,1.9348270893096924,120.23746408300005,0.01880881446999979
6600,0.29735067486763,2.510664701461792,122.12369634900006,0.018862322660000076
6700,0.3125234544277191,2.3275914192199707,124.01256579200006,0.018888694430000044
6800,0.4153710603713989,2.088212490081787,125.89920558000006,0.018866397879999965
6900,0.3101838529109955,2.15604829788208,127.78989444200005,0.018906888619999906
7000,0.4839419722557068,1.98325514793396,129.67931849100003,0.018894240489999846
7100,0.37518808245658875,1.8895930051803589,131.56001787900001,0.018806993879999824
7200,0.3633008897304535,2.0377402305603027,133.44672195,0.01886704070999997
7300,0.6086422801017761,1.5160555839538574,135.343385057,0.018966631069999948
7400,0.44919583201408386,1.9944119453430176,137.239095676,0.01895710618999999
7500,0.4322441816329956,2.190760612487793,139.13280172700001,0.018937060510000093
7600,0.4304506778717041,1.6824532747268677,141.027784227,0.018949824999999976
7700,0.348103404045105,2.0911877155303955,142.925066453,0.018972822259999873
7800,0.41707611083984375,2.008727550506592,144.827491576,0.019024251230000004
7900,0.3689166307449341,1.9759726524353027,146.730139822,0.019026482460000126
8000,0.4544908106327057,1.9261904954910278,148.62948104500003,0.018993412230000218
8100,0.3951709270477295,1.8601667881011963,150.52076809600004,0.01891287051000006
8200,0.5072049498558044,1.8506969213485718,152.42088495800004,0.019001168620000043
8300,0.6006356477737427,1.7755343914031982,154.32040065900003,0.018995157009999843
8400,0.4695647358894348,1.6494333744049072,156.21571671100003,0.018953160519999984
8500,0.35540106892585754,1.9106426239013672,158.11744896100004,0.01901732250000009
8600,0.4965256154537201,1.908764362335205,160.01703310800005,0.01899584147000013
8700,0.53313148021698,1.9077703952789307,161.91825469100004,0.019012215829999946
8800,0.381695955991745,2.2354836463928223,163.82019333800005,0.019019386470000087
8900,0.44887006282806396,2.0106194019317627,165.72365941900006,0.019034660810000048
9000,0.4250801205635071,2.00276255607605,167.62946615900006,0.019058067400000028
9100,0.46754997968673706,1.6603922843933105,169.51723569200007,0.018877695330000107
9200,0.48402655124664307,1.817662000656128,171.41816486600007,0.01900929173999998
9300,0.4303835332393646,1.6240819692611694,173.32248582000005,0.01904320953999985
9400,0.549109697341919,1.77118980884552,175.22299862800006,0.01900512808000002
9500,0.5617449283599854,1.732067346572876,177.12616841400006,0.019031697860000064
9600,0.4813733398914337,1.6250293254852295,179.03417907400006,0.01908010660000002
9700,0.37897199392318726,2.200666904449463,180.93847291200007,0.01904293838000001
9800,0.44943931698799133,1.8707211017608643,182.84448185300008,0.019060089410000102
9900,0.5334414839744568,1.721191644668579,184.75152783300007,0.019070459799999925
10000,0.4017668068408966,1.8328088521957397,186.65872954500006,0.019072017119999885
10100,0.547797679901123,1.527829885482788,188.54876367100005,0.01890034125999989
10200,0.5455410480499268,1.7770683765411377,190.44949911700004,0.019007354459999987
10300,0.4266746938228607,1.6045256853103638,192.35416917000003,0.019046700529999894
10400,0.43900060653686523,1.7641143798828125,194.26163743000004,0.019074682600000017
10500,0.7204983234405518,1.4393501281738281,196.16511179000003,0.0190347435999999
10600,0.4764770269393921,1.6644477844238281,198.07387698000002,0.019087651899999968
10700,0.5564531087875366,1.498661756515503,199.979903081,0.019060261009999805
10800,0.49064114689826965,1.7828304767608643,201.885997006,0.019060939249999933
10900,0.4212650656700134,1.7330316305160522,203.79620334199998,0.019102063359999876
11000,0.5723892450332642,1.5009706020355225,205.70382089999998,0.019076175579999983
11100,0.48310792446136475,1.777720332145691,207.597012445,0.018931915450000076
11200,0.5437467694282532,1.8010696172714233,209.500984383,0.01903971938000012
11300,0.5456798076629639,1.9262785911560059,211.41061102700002,0.019096266440000134
11400,0.42727357149124146,2.279766082763672,213.31485839100003,0.01904247364000014
11500,0.4337192177772522,1.6301223039627075,215.21869612700002,0.019038377359999855
11600,0.4731881022453308,1.6293435096740723,217.13402481300002,0.019153286860000094
11700,0.5618995428085327,1.8327813148498535,219.04659273500002,0.019125679219999938
11800,0.5696264505386353,1.5124531984329224,220.95390210000002,0.019073093650000032
11900,0.5892319083213806,1.5208985805511475,222.86446098500002,0.019105588850000004
12000,0.4947010576725006,1.6467227935791016,224.77205123700003,0.019075902520000056
12100,0.3462137281894684,2.0289649963378906,226.65347069400002,0.01881419456999993
12200,0.45431965589523315,1.7131330966949463,228.551095475,0.018976247809999906
12300,0.380280077457428,1.787721872329712,230.450899525,0.0189980405
12400,0.5039972066879272,1.5782058238983154,232.35161591500002,0.019007163900000137
12500,0.5170895457267761,1.744075059890747,234.25408374800003,0.01902467833000003
12600,0.4503152370452881,1.6836684942245483,236.16207414299998,0.01907990394999956
12700,0.5627123117446899,1.4406317472457886,238.07088079499994,0.01908806651999953
12800,0.5637637972831726,1.702948808670044,239.97783560399995,0.019069548090000124
12900,0.458784282207489,1.9982450008392334,241.8833251009999,0.01905489496999962
13000,0.39668405055999756,1.7221366167068481,243.78903215299994,0.019057070520000254
13100,0.4748688340187073,1.555161952972412,245.68004423699995,0.018910120840000103
13200,0.5477924942970276,1.8356881141662598,247.58729216599994,0.019072479289999934
13300,0.4272337853908539,1.8173584938049316,249.49287040799993,0.0190557824199999
13400,0.4029794931411743,1.8138468265533447,251.4010625049999,0.01908192096999983
13500,0.55379718542099,1.7829105854034424,253.30914080799988,0.01908078302999968
13600,0.3883594870567322,1.9322848320007324,255.2195212339999,0.019103804260000176
13700,0.5290859937667847,1.7584198713302612,257.1307724889999,0.01911251255000025
13800,0.5938079357147217,1.789430856704712,259.04185477999994,0.019110822910000137
13900,0.48409855365753174,1.8703484535217285,260.95174062999996,0.019098858500000232
14000,0.5106878876686096,1.8959364891052246,262.86287951099996,0.019111388809999994
14100,0.4149327576160431,1.9623181819915771,264.75651549699995,0.018936359859999925
14200,0.5619324445724487,1.5502028465270996,266.66227317,0.019057576730000393
14300,0.4994616210460663,1.7720853090286255,268.568621988,0.019063488180000265
14400,0.5837960243225098,1.867042899131775,270.478886111,0.019102641229999905
14500,0.45164424180984497,1.939028024673462,272.392493221,0.019136071099999867
14600,0.37896624207496643,2.214729070663452,274.301558651,0.019090654299999982
14700,0.3527933955192566,2.1737446784973145,276.214743135,0.019131844839999985
14800,0.5147650837898254,1.7529574632644653,278.122644339,0.01907901203999984
14900,0.38993942737579346,2.2239577770233154,280.03141502399995,0.01908770684999979
15000,0.4039347469806671,1.8909869194030762,281.94517203299995,0.01913757008999994
15100,0.3797265887260437,1.8110549449920654,283.84177708399994,0.018966050509999947
15200,0.4364506006240845,2.0280396938323975,285.75064587099996,0.019088687870000173
15300,0.4718499183654785,2.001821756362915,287.65656258499996,0.01905916714
15400,0.44922465085983276,1.9533183574676514,289.5668775479999,0.019103149629999622
15500,0.38754040002822876,2.0189785957336426,291.4755360649999,0.01908658516999992
15600,0.40846776962280273,1.7849798202514648,293.3842262699999,0.01908690204999971
15700,0.437420129776001,2.2498371601104736,295.2907977599999,0.01906571490000033
15800,0.5484073162078857,1.858982801437378,297.2018316629999,0.01911033902999975
15900,0.4716339707374573,1.966483473777771,299.1118484919999,0.019100168290000285
16000,0.5823505520820618,1.8305928707122803,301.0212450489999,0.019093965569999795
16100,0.44709455966949463,2.039849042892456,302.91537625899986,0.01894131209999955
16200,0.4591609239578247,1.8586158752441406,304.82104067399985,0.0190566441499999
16300,0.3660522699356079,1.8682135343551636,306.72682391499984,0.019057832409999947
16400,0.3606148958206177,2.181370735168457,308.63761138999985,0.019107874750000066
16500,0.46829262375831604,1.8214071989059448,310.54607804399984,0.019084666539999944
16600,0.39540478587150574,2.116425037384033,312.45827632799984,0.019121982839999985
16700,0.3786041736602783,2.053226947784424,314.3706971219998,0.019124207939999565
16800,0.4474062919616699,1.8078364133834839,316.28366090799983,0.019129637860000343
16900,0.4779188632965088,1.8402143716812134,318.1968646949998,0.01913203786999986
17000,0.5373150706291199,2.4164953231811523,320.1083252939998,0.019114605990000085
17100,0.4319901466369629,1.6636569499969482,322.0058798759998,0.01897554581999998
17200,0.5107311010360718,1.7516541481018066,323.9123380479998,0.019064581719999866
17300,0.3752652704715729,1.7883832454681396,325.8215804169998,0.01909242368999969
17400,0.45345646142959595,1.8140122890472412,327.72992624799974,0.019083458309999628
17500,0.3803420066833496,1.8228800296783447,329.64348521499977,0.019135589670000286
17600,0.4128563404083252,1.6341135501861572,331.5554345829998,0.01911949368000023
17700,0.4360600709915161,2.1985201835632324,333.4657936549998,0.019103590720000056
17800,0.4135132431983948,2.081402540206909,335.37953717599976,0.01913743520999958
17900,0.46329838037490845,2.0319290161132812,337.29261904499975,0.019130818689999954
18000,0.42065000534057617,1.8785898685455322,339.20426861599975,0.01911649570999998
18100,0.5234793424606323,1.7248222827911377,341.09883283299973,0.018945642169999815
18200,0.4033312201499939,2.2372183799743652,343.01030159699974,0.019114687640000058
18300,0.46156227588653564,2.035182237625122,344.9203267829998,0.019100251860000413
18400,0.5644177794456482,1.5527534484863281,346.8340674399997,0.019137406569999484
18500,0.3519989848136902,1.8054547309875488,348.7466179899997,0.019125505499999917
18600,0.33344292640686035,1.815316915512085,350.6565411679997,0.019099231779999854
18700,0.49055835604667664,1.9872232675552368,352.5713564569997,0.01914815288999989
18800,0.5146955847740173,1.7138941287994385,354.4844423559997,0.019130858990000093
18900,0.3513648509979248,2.2647600173950195,356.3975258469997,0.01913083491000009
19000,0.47803497314453125,1.7251031398773193,358.30971425799976,0.019121884110000452
19100,0.3051987886428833,2.1632468700408936,360.21050311699975,0.01900788858999988
19200,0.43067294359207153,2.175806999206543,362.1180563769998,0.01907553260000043
19300,0.4132281541824341,2.314178466796875,364.0306257799998,0.019125694030000206
19400,0.4133821129798889,1.7701306343078613,365.94456434899985,0.01913938569000038
19500,0.5217130184173584,2.0282864570617676,367.85741201599984,0.01912847666999994
19600,0.4284091889858246,1.7864651679992676,369.76994184299986,0.019125298270000143
19700,0.5007361173629761,1.68918776512146,371.68260005499985,0.019126582119999968
19800,0.4402477741241455,2.240044116973877,373.59639340899986,0.01913793354000006
19900,0.4593319296836853,1.7257874011993408,375.5160303399998,0.01919636930999957
20000,0.46524035930633545,1.6641590595245361,377.42870330999983,0.019126729700000168
20100,0.51133793592453,1.9255545139312744,379.32643584899984,0.018977325390000032
20200,0.4174085259437561,1.911629319190979,381.2321776449998,0.019057417959999726
20300,0.37918621301651,2.2188191413879395,383.14324186899984,0.019110642240000288
20400,0.46574851870536804,2.0651233196258545,385.05057127799984,0.01907329408999999
20500,0.4149938225746155,1.8629469871520996,386.9634300689998,0.019128587909999623
20600,0.5131880044937134,1.5281484127044678,388.8771712129998,0.01913741144000028
20700,0.3911639451980591,1.95392906665802,390.78788083499984,0.01910709622000013
20800,0.48320233821868896,1.9140269756317139,392.70058531499984,0.01912704480000002
20900,0.48120829463005066,1.9606726169586182,394.6136538649999,0.01913068550000048
21000,0.4226605296134949,1.942413091659546,396.5347279629999,0.019210740980000196
21100,0.4268684685230255,1.9492403268814087,398.42803236999987,0.018933044069999596
21200,0.4026612639427185,1.8690508604049683,400.3393239419999,0.019112915720000387
21300,0.4433669447898865,1.922629952430725,402.2491793429999,0.019098554010000157
21400,0.3310387432575226,2.4140233993530273,404.16383166399993,0.019146523210000054
21500,0.3788740038871765,2.2413077354431152,406.0802926159999,0.019164609519999657
21600,0.46212416887283325,1.9442367553710938,407.99371557299986,0.01913422956999966
21700,0.41530004143714905,2.2324485778808594,409.90841275599985,0.01914697182999987
21800,0.47311872243881226,1.7793676853179932,411.8284622069998,0.019200494509999545
21900,0.45798444747924805,1.9897210597991943,413.7445732939998,0.0191611108699999
22000,0.43059104681015015,1.8995541334152222,415.6607719319998,0.01916198638000026
22100,0.3954904079437256,1.9628071784973145,417.5438749459998,0.018831030139999712
22200,0.38178175687789917,2.4247231483459473,419.44180618899975,0.018979312429999597
22300,0.4506223201751709,1.99062180519104,421.34686846599976,0.019050622770000133
22400,0.30191758275032043,2.0789005756378174,423.25377939899977,0.01906910933000006
22500,0.5082311630249023,1.7196130752563477,425.1590746899997,0.01905295290999959
22600,0.4243931174278259,2.278249740600586,427.0623159729997,0.019032412829999998
22700,0.406399130821228,2.2053298950195312,428.97918865099973,0.019168726780000044
22800,0.44950544834136963,2.213057041168213,430.89046064299976,0.019112719920000246
22900,0.42315149307250977,2.257680892944336,432.7994703249998,0.019090096820000325
23000,0.38682985305786133,1.907686471939087,434.7120746399998,0.0191260431500001
23100,0.4202842712402344,2.1646199226379395,436.61235640099983,0.019002817610000305
23200,0.38013386726379395,2.2599215507507324,438.52301250199986,0.01910656101000029
23300,0.45302730798721313,2.1580047607421875,440.4298828949998,0.01906870392999963
23400,0.339050829410553,2.291372776031494,442.33891896499983,0.01909036070000013
23500,0.4059448838233948,1.9917950630187988,444.25125428999985,0.01912335325000015
23600,0.4527091979980469,1.8731510639190674,446.16777160799984,0.019165173179999898
23700,0.35771915316581726,2.053779125213623,448.0870833989999,0.01919311791000041
23800,0.44932645559310913,2.1525022983551025,450.0043868119999,0.019173034130000134
23900,0.42437732219696045,2.242872476577759,451.92175709699984,0.01917370284999947
24000,0.43379098176956177,2.18601655960083,453.83161395699983,0.019098568599999907
24100,0.4238552153110504,2.2826123237609863,455.7295445789998,0.018979306219999898
24200,0.3629060983657837,1.9636237621307373,457.63197819399977,0.019024336149999498
24300,0.37660837173461914,2.3924856185913086,459.5362255629998,0.01904247369000018
24400,0.4818742871284485,2.4393181800842285,461.4457090069998,0.019094834439999885
24500,0.4044817090034485,2.3723835945129395,463.3626154919998,0.019169064850000268
24600,0.3967221975326538,2.3691043853759766,465.27064337499985,0.019080278830000453
24700,0.34387028217315674,2.140430450439453,467.1822906709999,0.019116472960000692
24800,0.430777370929718,1.997545838356018,469.0905379799999,0.019082473089999896
24900,0.38908421993255615,2.2838897705078125,471.00375952299987,0.019132215429999634
25000,0.3688391447067261,2.0115914344787598,472.9175208359999,0.019137613130000092
25100,0.41323623061180115,1.8837201595306396,474.8100843289999,0.018925634930000115
25200,0.45707938075065613,2.166252613067627,476.7147678319999,0.01904683503000001
25300,0.4358636140823364,2.105865240097046,478.6216012169998,0.019068333849999133
25400,0.36464452743530273,1.9921963214874268,480.5287335589999,0.01907132342000068
25500,0.39068278670310974,1.9771199226379395,482.43869641699985,0.019099628579999715
25600,0.3247106075286865,2.196174144744873,484.3444963689999,0.01905799952000052
25700,0.38349443674087524,2.2702436447143555,486.25455681099993,0.01910060442000031
25800,0.3319542407989502,2.0701773166656494,488.1640154259999,0.019094586149999485
25900,0.43551069498062134,2.4316225051879883,490.07576339699995,0.01911747971000068
26000,0.41819244623184204,2.077721357345581,491.986467219,0.019107038220000733
26100,0.3429151177406311,2.2608697414398193,493.877044499,0.018905772800000022
26200,0.41414493322372437,2.227980136871338,495.77854468500004,0.01901500186000021
26300,0.4124409258365631,2.47473406791687,497.68258845700007,0.019040437720000226
26400,0.4751136898994446,1.9913246631622314,499.59016156200005,0.019075731049999833
26500,0.3733905851840973,2.5633652210235596,501.49707582100007,0.019069142590000185
26600,0.4445785880088806,2.2259340286254883,503.40524333300016,0.019081675120000908
26700,0.40755683183670044,2.2784264087677,505.31331813600013,0.019080748029999768
26800,0.3719889521598816,2.5157999992370605,507.22090511500005,0.01907586978999916
26900,0.34356093406677246,2.1729159355163574,509.132826335,0.019119212199999538
27000,0.3947378695011139,2.0924291610717773,511.04574951199993,0.019129231769999252
27100,0.38836705684661865,1.81850004196167,512.9442908679998,0.01898541355999896
27200,0.3937714993953705,2.448147773742676,514.8494003789999,0.019051095110000915
27300,0.42434877157211304,2.4967589378356934,516.7602170299999,0.019108166510000045
27400,0.31206831336021423,2.3213858604431152,518.6698131899999,0.01909596159999978
27500,0.44050464034080505,2.1715750694274902,520.5819551139999,0.01912141924000025
27600,0.45575064420700073,2.1380419731140137,522.4916033569999,0.019096482429999923
27700,0.43601810932159424,1.946091890335083,524.4044972679999,0.01912893910999969
27800,0.43982958793640137,1.9293179512023926,526.3144132299999,0.019099159620000136
27900,0.43346738815307617,1.9453519582748413,528.2239062139998,0.019094929839999396
28000,0.42777401208877563,2.0153865814208984,530.1349048229998,0.019109986089999892
28100,0.3957520127296448,2.337681770324707,532.0288419889998,0.018939371660000006
28200,0.366787314414978,2.0231709480285645,533.9314400299999,0.01902598041000033
28300,0.40569061040878296,2.3156628608703613,535.8365518579999,0.01905111828000031
28400,0.34452298283576965,2.27899169921875,537.7445413099998,0.01907989451999924
28500,0.3981665074825287,2.414062976837158,539.6546205439997,0.01910079233999909
28600,0.4699341356754303,2.0716757774353027,541.5614933459998,0.01906872802000066
28700,0.44598591327667236,2.177060127258301,543.4735394409998,0.019120460950000508
28800,0.4210798740386963,2.353210687637329,545.3827429409998,0.019092034999999896
28900,0.5647243857383728,2.5624661445617676,547.2928103859999,0.01910067445000095
29000,0.4291659891605377,2.1362226009368896,549.2037938799999,0.019109834939999928
29100,0.4878672659397125,1.9118536710739136,551.09557931,0.018917854300000272
29200,0.3526906967163086,2.1570217609405518,552.9971535149999,0.019015742049999743
29300,0.4280482530593872,1.9359130859375,554.9040490389999,0.01906895523999992
29400,0.416572630405426,1.8458929061889648,556.8122720559999,0.019082230169999548
29500,0.3426417410373688,2.082106828689575,558.7188332589999,0.019065612030000238
29600,0.34428757429122925,2.3473470211029053,560.6267526969999,0.019079194380000216
29700,0.5089211463928223,2.1480727195739746,562.535329814,0.019085771170000498
29800,0.3472543954849243,2.463989019393921,564.4434840839999,0.019081542699999544
29900,0.38192713260650635,2.1466121673583984,566.3514686269999,0.019079845429999978
30000,0.34266021847724915,1.799802541732788,568.2612967989999,0.01909828171999948
30100,0.3634629547595978,2.4335241317749023,570.1529172669998,0.01891620467999928
30200,0.3790507912635803,2.7064945697784424,572.0549377839999,0.019020205170000963
30300,0.3655751943588257,2.117464780807495,573.956583898,0.019016461140000728
30400,0.373828649520874,2.2160167694091797,575.863176994,0.019065930960000515
30500,0.3857264518737793,1.931630253791809,577.769089138,0.019059121440000125
30600,0.40991100668907166,2.297964334487915,579.67486338,0.01905774242000007
30700,0.4288472533226013,2.194617748260498,581.582122369,0.01907258988999956
30800,0.45494353771209717,2.1994357109069824,583.4889778600001,0.019068554910001013
30900,0.3457603454589844,2.026909351348877,585.3980790420002,0.019091011820000857
31000,0.31592750549316406,2.0353384017944336,587.3075327550002,0.019094537130000616
31100,0.3594489097595215,2.066887855529785,589.1972644360002,0.01889731680999944
31200,0.39097559452056885,1.9141865968704224,591.0997976480003,0.01902533212000094
31300,0.3794969916343689,2.238992214202881,593.0049501860003,0.019051525380000385
31400,0.3397727608680725,2.3417139053344727,594.9181582410002,0.019132080549999275
31500,0.5591332912445068,1.9484519958496094,596.8273599220003,0.019092016810000133
31600,0.33646678924560547,2.394084930419922,598.7348807280002,0.019075208059999797
31700,0.336622029542923,2.2333407402038574,600.6437181850002,0.019088374570000042
31800,0.44877129793167114,2.0561306476593018,602.5501789550003,0.019064607700000805
31900,0.3961693048477173,2.2390880584716797,604.4610092190004,0.01910830264000083
32000,0.35806024074554443,2.3704800605773926,606.3698750440004,0.01908865825000021
32100,0.4583444893360138,2.1830267906188965,608.2589623940004,0.018890873499999544
32200,0.31774866580963135,2.216571569442749,610.1615945920004,0.01902632197999992
32300,0.3751125931739807,2.101076602935791,612.0639728410003,0.019023782489999804
32400,0.4406048059463501,2.2501697540283203,613.9713733060003,0.019074004649999098
32500,0.3918966054916382,2.4204936027526855,615.8782549000003,0.01906881594000083
32600,0.3290783166885376,2.107308864593506,617.7870917180003,0.019088368179999406
32700,0.44441914558410645,1.9395864009857178,619.6955518030003,0.019084600850000015
32800,0.30218276381492615,2.1405415534973145,621.6084244520003,0.019128726490000646
32900,0.3685465157032013,2.217073440551758,623.5184429320003,0.019100184799999625
33000,0.40929508209228516,2.114590644836426,625.4280461450004,0.01909603213000082
33100,0.4037982225418091,2.126821756362915,627.3198655430004,0.018918193980000525
33200,0.40834301710128784,2.1909728050231934,629.2272253130004,0.01907359769999971
33300,0.392386257648468,2.689964771270752,631.1345757650005,0.019073504520000596
33400,0.4774811267852783,2.0074238777160645,633.0466717200005,0.019120959550000406
33500,0.3412489593029022,2.3898799419403076,634.9559488170006,0.019092770970000856
33600,0.43743807077407837,1.962681531906128,636.8650126920006,0.019090638750000152
33700,0.4502921402454376,2.469707489013672,638.7726801050006,0.019076674130000127
33800,0.3439297378063202,2.181511402130127,640.6819884750006,0.019093083699999625
33900,0.37704694271087646,2.2788431644439697,642.5905860120006,0.019085975369999914
34000,0.3752892315387726,2.1611037254333496,644.5034305930005,0.019128445809999447
34100,0.4025813043117523,2.2472457885742188,646.3967683900006,0.01893337797000072
34200,0.39967483282089233,2.2422447204589844,648.2980654860006,0.019012970960000077
34300,0.6458150744438171,2.458914279937744,650.2016491240006,0.019035836379999865
34400,0.3514465391635895,2.2351415157318115,652.1096720330006,0.019080229090000102
34500,0.36862045526504517,2.0858449935913086,654.0180733500007,0.019084013170000844
34600,0.3433801829814911,2.2361769676208496,655.9278373210008,0.01909763971000075
34700,0.3466607928276062,2.8147196769714355,657.8374501080008,0.019096127870000146
34800,0.35674840211868286,2.273050546646118,659.7414260540008,0.019039759460000596
34900,0.30377984046936035,2.3014109134674072,661.6504529600008,0.01909026906000008
35000,0.4941560626029968,2.1532580852508545,663.5559010330009,0.019054480730000024
35100,0.388407826423645,2.1800169944763184,665.4473401590008,0.018914391259999094
35200,0.4132235646247864,2.137678384780884,667.3489577790008,0.019016176200000245
35300,0.38960039615631104,2.418748378753662,669.2576967200008,0.019087389410000242
35400,0.37050914764404297,2.458069086074829,671.1670514640008,0.019093547439999838
35500,0.2830974757671356,2.3781585693359375,673.0811324530008,0.019140809890000127
35600,0.34680411219596863,2.3698103427886963,674.9989418010008,0.019178093479999915
35700,0.3998571038246155,2.402099132537842,676.9106921270009,0.019117503260000602
35800,0.4157680571079254,2.283540964126587,678.8231952120009,0.01912503085000026
35900,0.3438158333301544,2.3616554737091064,680.735638745001,0.019124435330001008
36000,0.3225557804107666,2.4137163162231445,682.6482893870009,0.019126506419999034
36100,0.31432005763053894,2.2467260360717773,684.5428800190009,0.018945906320000178
36200,0.473417729139328,1.914552927017212,686.444109655001,0.019012296360000392
36300,0.3844600319862366,2.459369659423828,688.3527368630009,0.019086272079999845
36400,0.38039112091064453,2.4565248489379883,690.2700773470009,0.019173404839999648
36500,0.34436577558517456,2.548959493637085,692.1772444400009,0.019071670929999982
36600,0.31620967388153076,2.0024938583374023,694.0821399450009,0.019048955050000132
36700,0.36909568309783936,2.184910774230957,695.9921696520009,0.01910029707000035
36800,0.3289645314216614,2.2565507888793945,697.897918418001,0.019057487660001017
36900,0.3032919764518738,2.8361401557922363,699.8083521740011,0.019104337560000885
37000,0.3615618646144867,2.471050500869751,701.7168337810011,0.01908481606999999
37100,0.37371090054512024,2.3600986003875732,703.6075589200011,0.018907251389999827
37200,0.34479475021362305,2.1915979385375977,705.5085238580011,0.019009649380000156
37300,0.3787685036659241,2.117060661315918,707.410561689001,0.01902037830999916
37400,0.4407578110694885,2.4983201026916504,709.3142083580011,0.01903646669000068
37500,0.3747846484184265,2.1763646602630615,711.2231947160011,0.01908986357999993
37600,0.41589221358299255,2.4376463890075684,713.1285834080011,0.019053886919999742
37700,0.41003185510635376,2.454789161682129,715.0366330360011,0.019080496280000716
37800,0.34179314970970154,2.5929598808288574,716.9458100730011,0.019091770369999494
37900,0.4164033830165863,2.063772201538086,718.8544369830012,0.019086269100000663
38000,0.32329803705215454,2.795520305633545,720.7627080630012,0.01908271080000077
38100,0.3178676962852478,2.4720687866210938,722.6537613340013,0.018910532710000327
38200,0.3433346450328827,2.867093563079834,724.5548977050013,0.01901136371000007
38300,0.4049699902534485,2.234602689743042,726.4561656390013,0.019012679339999748
38400,0.3187664747238159,2.320693016052246,728.3625719600012,0.01906406320999963
38500,0.32100698351860046,2.4729013442993164,730.2686352700013,0.01906063310000036
38600,0.39683154225349426,2.336934804916382,732.1741570670013,0.01905521797000006
38700,0.39756202697753906,2.612945318222046,734.0842298840013,0.01910072817000014
38800,0.29113349318504333,2.2841458320617676,735.9928779620012,0.01908648077999942
38900,0.4161102771759033,2.7653255462646484,737.9020803660012,0.019092024039999843
39000,0.3986852765083313,2.485527515411377,739.8099145340012,0.01907834168000022
39100,0.3060680627822876,2.3213260173797607,741.7054186770011,0.018955041429999254
39200,0.35544443130493164,2.2953972816467285,743.6079878560012,0.01902569179000011
39300,0.319289892911911,2.2888715267181396,745.5157256950012,0.01907737838999992
39400,0.4460086226463318,2.4546315670013428,747.4209002300012,0.019051745350000145
39500,0.39041686058044434,2.2419447898864746,749.3285507440012,0.01907650514000011
39600,0.4060879647731781,2.1739935874938965,751.2374412990013,0.019088905550000847
39700,0.3345046639442444,2.7970683574676514,753.1472122250012,0.019097709259999648
39800,0.6242871880531311,2.326934337615967,755.0570351980012,0.019098229730000183
39900,0.2893666625022888,2.4296011924743652,756.9667831020013,0.01909747904000028
40000,0.3562641143798828,2.8367373943328857,758.8776596770012,0.019108765749999746
40100,0.3382498025894165,2.405792713165283,760.7765254930011,0.018988658159998978
40200,0.41617780923843384,2.4125707149505615,762.6809244540012,0.019043989610000835
40300,0.29211995005607605,2.55149245262146,764.5898587370012,0.019089342830000078
40400,0.3474201560020447,2.333807945251465,766.5002861220012,0.019104273849999343
40500,0.2909485101699829,2.4360830783843994,768.4094441140012,0.019091579920000185
40600,0.3721999526023865,2.2811126708984375,770.3200017970012,0.01910557682999979
40700,0.2999436855316162,2.494785785675049,772.2319461550011,0.019119443579999142
40800,0.370217502117157,2.6255593299865723,774.1460934200011,0.01914147264999997
40900,0.4055003523826599,2.47712779045105,776.0582474800011,0.019121540600000344
41000,0.3470920920372009,2.4477126598358154,777.9698031950011,0.019115557149999633
41100,0.34756824374198914,2.176344633102417,779.8649202300011,0.018951170349999984
41200,0.3776303827762604,2.3899502754211426,781.7671702580011,0.019022500280000257
41300,0.349845826625824,2.486832618713379,783.6709139160012,0.01903743658000053
41400,0.31686168909072876,2.4779152870178223,785.5779918110012,0.019070778950000433
41500,0.36008214950561523,2.5495102405548096,787.4855164280012,0.019075246170000355
41600,0.3797001540660858,2.524123430252075,789.3910742960013,0.019055578680000736
41700,0.4099414348602295,2.691141128540039,791.3027223000013,0.019116480039999714
41800,0.28688374161720276,2.5117387771606445,793.2102423430013,0.01907520042999977
41900,0.2993162274360657,2.4995269775390625,795.1211018690012,0.019108595259999674
42000,0.4277431070804596,2.5878753662109375,797.0368662990013,0.01915764430000081
42100,0.3337026536464691,2.6600279808044434,798.9368430230013,0.018999767239999982
42200,0.3162282109260559,2.3226399421691895,800.8521530210013,0.01915309997999998
42300,0.33014440536499023,2.258199453353882,802.7554920840013,0.019033390629999758
42400,0.27995938062667847,2.2334957122802734,804.6642674120013,0.01908775328000047
42500,0.34777945280075073,2.3667123317718506,806.5719829940012,0.019077155819999234
42600,0.3699111342430115,2.5618104934692383,808.4823650260013,0.019103820320000294
42700,0.32115882635116577,2.6309990882873535,810.3903836000013,0.019080185740000387
42800,0.3072476089000702,2.6410131454467773,812.3000583850013,0.01909674784999993
42900,0.40011125802993774,2.4512763023376465,814.2100147990013,0.019099564140000212
43000,0.3328494429588318,2.7728700637817383,816.1222622850014,0.019122474860000693
43100,0.29835548996925354,2.482344388961792,818.0171148250014,0.01894852539999988
43200,0.26782041788101196,2.796452045440674,819.9221328950015,0.019050180700000963
43300,0.3462764024734497,2.7748727798461914,821.8457023630015,0.019235694679999825
43400,0.3036577105522156,2.4173452854156494,823.7568348880014,0.01911132524999971
43500,0.3671429753303528,2.6668338775634766,825.6678175600014,0.01910982671999932
43600,0.31159573793411255,2.578969955444336,827.5802646950013,0.019124471349999794
43700,0.30229997634887695,2.8441038131713867,829.4905528410013,0.019102881459999707
43800,0.38372212648391724,2.2827954292297363,831.4015274680013,0.01910974626999973
43900,0.302947461605072,2.4395885467529297,833.3145546590013,0.01913027190999969
44000,0.2703455686569214,2.364485740661621,835.2229186140013,0.01908363955000027
44100,0.35769468545913696,2.6530709266662598,837.1124387720013,0.01889520157999982
44200,0.32331323623657227,2.4028124809265137,839.0157306010013,0.01903291829000068
44300,0.3752846121788025,2.587409496307373,840.9225957280014,0.0190686512700006
44400,0.32641473412513733,2.203199625015259,842.8294331100013,0.019068373819999353
44500,0.3094215393066406,2.45265793800354,844.7382006020014,0.01908767492000038
44600,0.3997393548488617,2.6295995712280273,846.6470507250013,0.01908850122999979
44700,0.3946146070957184,2.536982774734497,848.5555751800014,0.0190852445500002
44800,0.3076756000518799,2.8194234371185303,850.4647176290014,0.01909142449000001
44900,0.29711174964904785,2.6842403411865234,852.3712335390014,0.019065159100000527
45000,0.3189344108104706,2.556267738342285,854.2833909020014,0.01912157363000006
45100,0.31853875517845154,2.474008083343506,856.1769114160014,0.01893520513999988
45200,0.3834640383720398,2.5432288646698,858.0804313820014,0.019035199659999762
45300,0.3543556332588196,2.5738160610198975,859.9840276900013,0.01903596307999919
45400,0.3155398368835449,2.692243814468384,861.8908414120012,0.019068137219999243
45500,0.31947290897369385,2.868255615234375,863.8012259150012,0.01910384502999932
45600,0.28906798362731934,2.611785888671875,865.7123550270012,0.01911129112000026
45700,0.27187103033065796,2.4239370822906494,867.6202303290012,0.019078753019999794
45800,0.3201540410518646,2.506563425064087,869.5313461170011,0.019111157879999608
45900,0.3526594042778015,2.714750289916992,871.4414302910011,0.019100841739999624
46000,0.340786874294281,3.0709452629089355,873.3527868040011,0.01911356512999987
46100,0.33338117599487305,2.6033198833465576,875.2495803320011,0.018967935279999893
46200,0.36778825521469116,2.671010971069336,877.151152999001,0.019015726669999823
46300,0.29977136850357056,2.8280205726623535,879.054926077001,0.01903773077999972
46400,0.4172077476978302,2.451158285140991,880.962523630001,0.019075975529999595
46500,0.29628920555114746,2.5272722244262695,882.869996698001,0.019074730680000585
46600,0.3242630958557129,2.628690242767334,884.775538289001,0.019055415909999738
46700,0.2760876417160034,2.5743000507354736,886.686307611001,0.019107693219999645
46800,0.3491935729980469,2.460303783416748,888.592563989001,0.019062563779999663
46900,0.34766674041748047,3.143252372741699,890.504293859001,0.019117298700000448
47000,0.4086496829986572,2.574617385864258,892.4128836830009,0.019085898239999323
47100,0.31650859117507935,2.8913967609405518,894.303172255001,0.018902885720000314
47200,0.2700722813606262,2.9397547245025635,896.2082034210009,0.01905031165999958
47300,0.2907175123691559,2.5152788162231445,898.115604724001,0.019074013030000288
47400,0.3327844738960266,2.6277456283569336,900.0217042000008,0.019060994759998947
47500,0.3392590284347534,2.718148708343506,901.9289964130008,0.01907292213000005
47600,0.2768305540084839,3.0617361068725586,903.8350602700008,0.019060638569999355
47700,0.31999993324279785,2.329925060272217,905.7455101350007,0.019104498649999187
47800,0.28677940368652344,2.6055104732513428,907.6581420610007,0.019126319260000173
47900,0.26313847303390503,3.0616648197174072,909.5680911650007,0.019099491040000204
48000,0.4564450681209564,2.71478533744812,911.4804172920009,0.019123261270001423
48100,0.2965853810310364,2.593240737915039,913.3824693350008,0.019020520429999122
48200,0.29921624064445496,2.908842086791992,915.2869990230007,0.019045296879999115
48300,0.32376524806022644,2.489347457885742,917.1958151830007,0.01908816160000015
48400,0.2838282883167267,2.7258427143096924,919.1074661120007,0.01911650928999961
48500,0.2810831367969513,2.5035767555236816,921.0259721900007,0.01918506078000064
48600,0.5269169211387634,2.9640591144561768,922.9386072370008,0.019126350470000945
48700,0.2617734968662262,2.8961682319641113,924.8462420250008,0.01907634787999996
48800,0.3057187795639038,3.337162971496582,926.7625178340007,0.01916275808999899
48900,0.265842080116272,2.5009336471557617,928.6774598690007,0.019149420349999672
49000,0.286994993686676,2.6755356788635254,930.5872639460007,0.019098040769999897
49100,0.2634543776512146,2.3537039756774902,932.4787530770008,0.018914891310000712
49200,0.26920583844184875,2.8935556411743164,934.3822380760008,0.019034849990000567
49300,0.3100978136062622,2.8718085289001465,936.2942174600008,0.019119793840000055
49400,0.2587870955467224,2.6498141288757324,938.1980503030007,0.019038328429999182
49500,0.2333073914051056,2.5030651092529297,940.1078913030007,0.01909840999999915
49600,0.3065345585346222,2.8204636573791504,942.0163464960007,0.01908455193000009
49700,0.3220497965812683,3.1443490982055664,943.9268838050008,0.019105373090001196
49800,0.2919708788394928,2.9639086723327637,945.8350361650006,0.019081523599998037
49900,0.3144817650318146,2.6945321559906006,947.7443601270007,0.01909323962000144
50000,0.3531520962715149,3.176119089126587,949.6576179920006,0.019132578649998778
50100,0.2853356599807739,2.9004344940185547,951.5513138030007,0.018936958110000433
50200,0.24982409179210663,3.0140292644500732,953.4530083990006,0.0190169459599997
50300,0.19899195432662964,2.7052688598632812,955.3661641150005,0.01913155715999892
50400,0.34183982014656067,2.7290992736816406,957.2762596880006,0.01910095573000035
50500,0.2896597981452942,2.971734046936035,959.1879245090005,0.019116648209999313
50600,0.286765992641449,2.7595016956329346,961.0973650730006,0.019094405640000787
50700,0.2765864431858063,2.817357301712036,963.0055911450007,0.019082260720001614
50800,0.327042818069458,2.932225227355957,964.9216092370008,0.019160180920000585
50900,0.32072019577026367,2.7329556941986084,966.8403005910008,0.01918691353999975
51000,0.29564356803894043,2.946535348892212,968.7533532480007,0.019130526569999803
51100,0.2930701673030853,2.881741523742676,970.6458068130006,0.01892453564999869
51200,0.2854534387588501,2.4430928230285645,972.5480372150006,0.019022304019999867
51300,0.26972755789756775,3.0550661087036133,974.4596264540006,0.019115892390000225
51400,0.2405792772769928,2.7693874835968018,976.3639832600007,0.019043568060001233
51500,0.23963549733161926,3.00797700881958,978.2687638260007,0.019047805659999993
51600,0.3044913411140442,2.629716157913208,980.1983689850007,0.019296051589999478
51700,0.23238416016101837,3.121567487716675,982.1045754590008,0.019062064740001005
51800,0.24963118135929108,2.720475196838379,984.0146019300008,0.019100264710000373
51900,0.2734382748603821,3.3121771812438965,985.9218202690007,0.019072183389998828
52000,0.31146156787872314,2.8133888244628906,987.8312627240006,0.019094424549998622
52100,0.2703078091144562,2.752890110015869,989.7323283110005,0.019010655869999483
52200,0.2481502741575241,2.734982967376709,991.6359204700003,0.019035921589997996
52300,0.2807517945766449,2.862217903137207,993.5438996840004,0.01907979214000079
52400,0.3812936544418335,2.7243499755859375,995.4502752220004,0.019063755380000203
52500,0.2666442394256592,2.9244089126586914,997.3595020070003,0.019092267849998734
52600,0.3178146779537201,2.7340359687805176,999.2723072370003,0.019128052300000035
52700,0.5515171885490417,2.1036436557769775,1001.1824652270003,0.01910157990000016
52800,0.2520627975463867,3.068673610687256,1003.0923361890003,0.019098709620000136
52900,0.23402312397956848,2.706812858581543,1005.0021580300003,0.01909821840999939
53000,0.2469414323568344,2.8499107360839844,1006.9097733750001,0.0190761534499984
53100,0.24721947312355042,2.7487001419067383,1008.8005733220001,0.01890799947000005
53200,0.24666154384613037,2.561967134475708,1010.7031187600002,0.01902545438000061
53300,0.3918808698654175,3.012723684310913,1012.6090061740002,0.019058874140000626
53400,0.2729400396347046,3.0173096656799316,1014.5181455270002,0.019091393530000004
53500,0.2848069369792938,2.920106887817383,1016.4276615240002,0.019095159969999713
53600,0.28424715995788574,2.7029976844787598,1018.3394800960003,0.019118185720001294
53700,0.29025015234947205,3.5679612159729004,1020.2597944890005,0.019203143930001262
53800,0.23829644918441772,3.08235502243042,1022.1706822620005,0.01910887773000013
53900,0.31857120990753174,2.811959743499756,1024.0787015310007,0.019080192690000785
54000,0.3126797676086426,3.549197196960449,1025.9876773510007,0.019089758200000233
54100,0.23656105995178223,3.093747854232788,1027.8810080240007,0.018933306730000366
54200,0.3356955945491791,2.8754067420959473,1029.7823651640008,0.019013571400000727
54300,0.258687824010849,3.003880023956299,1031.6855539860007,0.019031888219999474
54400,0.2661002278327942,3.216397285461426,1033.596285888001,0.019107319020001796
54500,0.29335641860961914,3.1022467613220215,1035.505559036001,0.01909273148000011
54600,0.37297672033309937,2.8026034832000732,1037.4178764070011,0.01912317371000199
54700,0.3319263160228729,2.5027928352355957,1039.329427554001,0.019115511469999548
54800,0.2860293388366699,3.1046838760375977,1041.241810180001,0.019123826259999532
54900,0.2723996639251709,2.9816973209381104,1043.153532426001,0.019117222459999538
55000,0.2719631791114807,3.1158242225646973,1045.061649508001,0.019081170819999896
55100,0.2524760961532593,3.0654191970825195,1046.9542211100008,0.018925716019998616
55200,0.28753799200057983,3.0626373291015625,1048.861059988001,0.01906838878000144
55300,0.25982850790023804,2.9383416175842285,1050.767766608001,0.019067066200000225
55400,0.33437514305114746,3.5400729179382324,1052.682767852001,0.019150012439999954
55500,0.25866207480430603,3.016667127609253,1054.595150968001,0.019123831160000007
55600,0.43115758895874023,2.848628044128418,1056.503915837001,0.01908764868999924
55700,0.3005593419075012,3.359234094619751,1058.411561005001,0.019076451680000446
55800,0.275242418050766,2.776963949203491,1060.321076808001,0.019095158029999768
55900,0.3021431565284729,3.230912923812866,1062.2386121450008,0.019175353369998902
56000,0.24453973770141602,2.9543561935424805,1064.1496358760007,0.019110237309998866
56100,0.29430919885635376,2.8279659748077393,1066.0449070120007,0.018952711360000193
56200,0.4624421000480652,2.7930171489715576,1067.9516825750006,0.01906775562999883
56300,0.2460785061120987,3.1329541206359863,1069.8583449580005,0.019066623829999116
56400,0.23010379076004028,3.481499195098877,1071.7791686850005,0.0192082372699997
56500,0.26341354846954346,2.760469675064087,1073.6896037950005,0.019104351099999802
56600,0.2450019270181656,3.6923954486846924,1075.5957419610004,0.019061381659998915
56700,0.2909022867679596,3.3008179664611816,1077.5057655130004,0.019100235519999842
56800,0.3272463083267212,3.019641399383545,1079.4129521620005,0.019071866490000956
56900,0.2515939772129059,2.990015983581543,1081.3216985820004,0.019087464199999432
57000,0.22437237203121185,2.532595634460449,1083.2307032280005,0.01909004646000085
57100,0.2543655037879944,3.222280979156494,1085.1217104020006,0.018910071740001512
57200,0.2318645417690277,2.7964553833007812,1087.0271804360007,0.01905470034000018
57300,0.2931292653083801,2.782776117324829,1088.9305912540008,0.019034108180001112
57400,0.22348859906196594,3.0866618156433105,1090.8355736620008,0.019049824080000236
57500,0.2959732711315155,3.0994906425476074,1092.7433423720008,0.019077687100000275
57600,0.2616419196128845,2.788149118423462,1094.648758823001,0.019054164510000648
57700,0.31469568610191345,2.8201048374176025,1096.5546470710008,0.019058882479998828
57800,0.3056982755661011,2.948615789413452,1098.4651308060008,0.01910483735000071
57900,0.24270033836364746,3.0761845111846924,1100.3763049390009,0.019111741330000313
58000,0.24707475304603577,2.985931873321533,1102.286387689001,0.019100827500001288
58100,0.23659425973892212,2.8687899112701416,1104.181784759001,0.018953970699999444
58200,0.25088438391685486,2.8900020122528076,1106.086240870001,0.01904456110999945
58300,0.24920350313186646,3.1519250869750977,1107.9906340380007,0.019043931679998422
58400,0.21098127961158752,3.2175607681274414,1109.8969588930006,0.019063248549998663
58500,0.27087995409965515,3.3347182273864746,1111.8095123740006,0.019125534810000316
58600,0.318364679813385,2.79699444770813,1113.7207526210004,0.01911240246999796
58700,0.2930145859718323,2.809682846069336,1115.6283346980006,0.019075820770001427
58800,0.29009735584259033,3.0947489738464355,1117.5403873600005,0.01912052661999951
58900,0.2777988910675049,3.4345850944519043,1119.4552796330006,0.019148922730000777
59000,0.25357362627983093,2.99080753326416,1121.3753185760006,0.019200389430000086
59100,0.3050650954246521,3.192580223083496,1123.2599124130006,0.018845938370000113
59200,0.2799723744392395,3.197704315185547,1125.1462281480005,0.018863157349999257
59300,0.267326682806015,3.092799425125122,1127.0473743370005,0.019011461889999737
59400,0.22434216737747192,3.1946492195129395,1128.9420557520004,0.018946814149999228
59500,0.20952583849430084,2.990767478942871,1130.8387116870003,0.01896655934999899
59600,0.2704960107803345,3.22776460647583,1132.7374816510005,0.018987699640001666
59700,0.2595604956150055,2.9922661781311035,1134.6340718270005,0.018965901760000178
59800,0.2528921961784363,3.203514575958252,1136.5346730190006,0.019006011920000673
59900,0.26559436321258545,3.2256052494049072,1138.4370153870004,0.01902342367999836
60000,0.24840429425239563,3.248033046722412,1140.3388985700003,0.019018831829998816
60100,0.26161277294158936,3.038778781890869,1142.2285513430002,0.018896527729998523
60200,0.22366079688072205,3.4070398807525635,1144.1355224850001,0.01906971141999975
60300,0.23579293489456177,3.390827178955078,1146.0385053880002,0.019029829030000656
60400,0.3386722505092621,3.1931023597717285,1147.9408575890002,0.019023522009999853
60500,0.5588922500610352,3.2041282653808594,1149.850418507,0.019095609179998974
60600,0.3137972950935364,3.208596706390381,1151.756968245,0.01906549737999967
60700,0.24446627497673035,3.934305429458618,1153.6658795120002,0.019089112670001213
60800,0.33205294609069824,3.032679557800293,1155.5737904130003,0.019079109010001503
60900,0.25653204321861267,3.6352601051330566,1157.4814035720003,0.01907613158999993
61000,0.2565770149230957,2.979231357574463,1159.3893917010002,0.01907988128999932
61100,0.233836367726326,3.5409727096557617,1161.2798284300002,0.0189043672899993
61200,0.20835037529468536,3.0622310638427734,1163.1823920240004,0.01902563594000185
61300,0.2478603720664978,3.664767265319824,1165.0868277450004,0.019044357210000272
61400,0.2772018611431122,3.3365278244018555,1166.9897984490003,0.019029707039999268
61500,0.22083985805511475,3.217797040939331,1168.8954956770003,0.01905697228000008
61600,0.2196005880832672,3.318570613861084,1170.8036814300003,0.01908185752999998
61700,0.2300318330526352,3.4452550411224365,1172.7079375840003,0.01904256153999995
61800,0.22856667637825012,2.863940477371216,1174.6162101140003,0.019082725299999766
61900,0.2139163464307785,3.084038257598877,1176.5222300260002,0.019060199119999198
62000,0.26875096559524536,3.786993980407715,1178.4278780510003,0.019056480250001187
62100,0.19487902522087097,3.3351681232452393,1180.3171766510004,0.018892986000000746
62200,0.2196582853794098,3.3931615352630615,1182.2163349120003,0.018991582609999114
62300,0.22649314999580383,3.782498359680176,1184.1233047930002,0.019069698809998953
62400,0.1916096806526184,3.761561393737793,1186.0275886700001,0.01904283876999898
62500,0.24570956826210022,3.4937920570373535,1187.9315617710001,0.019039731010000196
62600,0.23876410722732544,3.3454082012176514,1189.840466461,0.01908904689999872
62700,0.2697506546974182,3.3763647079467773,1191.749492054,0.01909025593000024
62800,0.2361546754837036,3.9048943519592285,1193.657577075,0.019080850210000336
62900,0.27361297607421875,2.972609758377075,1195.563177543,0.01905600467999875
63000,0.19816917181015015,3.0781402587890625,1197.4740194259998,0.019108418829998756
63100,0.19074787199497223,3.713442802429199,1199.3657801649997,0.01891760738999892
63200,0.2931610941886902,3.6479921340942383,1201.2759865509997,0.01910206386000027
63300,0.2663278579711914,3.269207000732422,1203.1789899989997,0.019030034479999357
63400,0.28406456112861633,3.1760451793670654,1205.0863946909997,0.01907404692
63500,0.2433808445930481,3.5619778633117676,1206.9939006249997,0.01907505934000028
63600,0.2289702594280243,3.5134668350219727,1208.9092887299998,0.019153881050001473
63700,0.21474391222000122,3.76214337348938,1210.8175986479998,0.01908309917999986
63800,0.18170231580734253,3.1484434604644775,1212.7265084559997,0.01908909807999862
63900,0.24952641129493713,3.3536033630371094,1214.6346038389997,0.019080953830000455
64000,0.2162575125694275,3.442950487136841,1216.5459529479997,0.01911349108999957
64100,0.19143736362457275,3.2021584510803223,1218.4353212299998,0.018893682820000778
64200,0.2638218402862549,3.264183521270752,1220.3366297539997,0.019013085239998874
64300,0.28538328409194946,3.468073844909668,1222.2417332139996,0.019051034599999638
64400,0.1962476223707199,3.108736276626587,1224.1495668949997,0.019078336810000564
64500,0.2713163495063782,3.5556797981262207,1226.0561256329997,0.019065587380000578
64600,0.27151238918304443,3.469332695007324,1227.9649231899996,0.019087975569998434
64700,0.23358067870140076,3.3948655128479004,1229.8766474969996,0.01911724306999986
64800,0.23632803559303284,3.872828960418701,1231.7877168669995,0.0191106936999995
64900,0.25075891613960266,2.877139091491699,1233.6984231599997,0.01910706293000203
65000,0.3020673394203186,2.8937628269195557,1235.6105788299997,0.019121556699999473
65100,0.25037792325019836,3.2892513275146484,1237.5046327869998,0.018940539570000966
65200,0.21754899621009827,3.5326595306396484,1239.414872699,0.019102399120001792
65300,0.27429842948913574,3.2337474822998047,1241.3223566699999,0.019074839709999195
65400,0.21978898346424103,2.7342095375061035,1243.2273457789997,0.01904989108999871
65500,0.2049722522497177,3.043710231781006,1245.1376060159996,0.01910260236999875
65600,0.27150487899780273,2.9291059970855713,1247.0496672179997,0.01912061202000132
65700,0.19111990928649902,3.095582962036133,1248.9587684969997,0.019091012789999695
65800,0.20962418615818024,3.361344814300537,1250.8701511309998,0.019113826340001198
65900,0.1559230089187622,3.561966896057129,1252.7775074789997,0.019073563479998938
66000,0.21133914589881897,3.5358328819274902,1254.6932951499998,0.019157876710000892
66100,0.20378583669662476,3.857888698577881,1256.5853094329998,0.018920142829999806
66200,0.17434585094451904,3.55206561088562,1258.4855934879997,0.019002840549999293
66300,0.13570594787597656,4.413752555847168,1260.3899098929996,0.019043164049999176
66400,0.16426238417625427,4.039333343505859,1262.2994982319997,0.01909588339000038
66500,0.22139330208301544,4.069974899291992,1264.2133229149997,0.0191382468300003
66600,0.19219328463077545,3.497150182723999,1266.1215352489996,0.01908212333999927
66700,0.28476566076278687,3.5198676586151123,1268.0272764809997,0.01905741232000082
66800,0.2632654905319214,3.6834864616394043,1269.9346847799998,0.019074082990000532
66900,0.26483291387557983,3.089444875717163,1271.8483698119999,0.01913685032000103
67000,0.15900853276252747,3.815288543701172,1273.7684046949998,0.01920034882999971
67100,0.19238759577274323,3.629432201385498,1275.6731825979998,0.019047779029999674
67200,0.27934926748275757,3.6669657230377197,1277.5731104189997,0.01899927820999892
67300,0.2329706847667694,3.925908088684082,1279.4796105829998,0.019065001640001356
67400,0.25248292088508606,3.632082462310791,1281.3843812169998,0.019047706339999877
67500,0.1943494975566864,3.813349723815918,1283.288907182,0.019045259650001752
67600,0.22966963052749634,3.563802719116211,1285.207211151,0.019183039689999078
67700,0.8849060535430908,2.425128936767578,1287.116122058,0.01908910907000063
67800,0.20333218574523926,3.29699969291687,1289.0215168900002,0.019053948320001835
67900,0.2009868621826172,3.516145706176758,1290.9369891970002,0.019154723070000726
68000,0.2046922743320465,3.445699691772461,1292.8450621430002,0.019080729459999474
68100,0.2022024691104889,3.2603659629821777,1294.7434025860002,0.01898340443000052
68200,0.21175459027290344,3.3374013900756836,1296.6515146340003,0.01908112048000021
68300,0.2191055715084076,3.163985252380371,1298.5572236500002,0.01905709015999946
68400,0.2267100065946579,3.3438146114349365,1300.468940011,0.019117163609998898
68500,0.2010730803012848,2.9976093769073486,1302.3815425750001,0.019126025640000533
68600,0.21842870116233826,4.276366233825684,1304.2960582480002,0.019145156730000962
68700,0.215751051902771,3.489072322845459,1306.206761997,0.01910703748999822
68800,0.24853113293647766,2.965491771697998,1308.127586534,0.019208245370000442
68900,0.23214152455329895,3.585139274597168,1310.0438355110002,0.01916248977000123
69000,0.25380825996398926,3.650825023651123,1311.952790748,0.01908955236999873
69100,0.24557557702064514,3.077690362930298,1313.84478865,0.018919979019999575
69200,0.26291781663894653,3.2692642211914062,1315.7463789990002,0.019015903490001165
69300,0.25051388144493103,3.989544153213501,1317.6495587740003,0.01903179775000126
69400,0.25833138823509216,4.283263206481934,1319.5555627700003,0.019060039959999813
69500,0.21900399029254913,3.8183889389038086,1321.4643343450002,0.01908771574999946
69600,0.22483307123184204,4.3097028732299805,1323.372487947,0.019081536019998565
69700,0.22609558701515198,4.084186553955078,1325.279865595,0.019073776479999652
69800,0.23863181471824646,4.29595422744751,1327.1890135820001,0.01909147987000097
69900,1.2939350605010986,13.257661819458008,1329.098310005,0.01909296422999887
70000,0.23726201057434082,3.4050233364105225,1331.0075437110002,0.019092337060001227
70100,0.24356165528297424,3.6682093143463135,1332.9022568640003,0.018947131530001115
70200,0.13933949172496796,3.423959970474243,1334.8119963490003,0.019097394850000456
70300,0.2227535843849182,3.594076633453369,1336.7173871190003,0.0190539076999994
70400,0.22382333874702454,3.7852306365966797,1338.6327130260004,0.01915325907000124
70500,0.2349180281162262,3.756970167160034,1340.5415051540003,0.01908792127999959
70600,0.22525976598262787,3.362215042114258,1342.4491984420004,0.019076932880000185
70700,0.23488907516002655,4.056239128112793,1344.3600529570003,0.019108545149999826
70800,0.12593363225460052,3.656524181365967,1346.2716362140002,0.019115832569998475
70900,0.22809842228889465,3.5772035121917725,1348.1823085770002,0.019106723630000034
71000,0.13849982619285583,4.087170600891113,1350.0933619830002,0.019110534060000645
71100,0.25903835892677307,3.4964523315429688,1351.9827553190003,0.018893933360000118
71200,0.24320784211158752,3.9428791999816895,1353.8865326400003,0.019037773210000067
71300,0.3063529133796692,3.7869558334350586,1355.7934065720003,0.01906873932000053
71400,0.22644245624542236,3.8423562049865723,1357.6966536980003,0.019032471259999965
71500,0.2182961106300354,3.1251027584075928,1359.6070944150003,0.019104407170000285
71600,0.19298933446407318,4.139436721801758,1361.5126716220004,0.019055772070000785
71700,0.21484342217445374,3.953000545501709,1363.4242628390004,0.019115912170000228
71800,0.2663467526435852,3.888076066970825,1365.3313332500004,0.019070704109999496
71900,0.18469306826591492,3.6804604530334473,1367.2375853380006,0.01906252088000201
72000,0.20814691483974457,4.040009498596191,1369.1460788870006,0.019084935490000135
72100,0.5386300683021545,5.123604774475098,1371.0327059670005,0.018866270799999255
72200,0.258995920419693,3.036630630493164,1372.9349952880004,0.019022893209998983
72300,0.22379957139492035,3.4537715911865234,1374.8378214150005,0.019028261270000256
72400,0.23477694392204285,3.173283100128174,1376.7456826160005,0.019078612010000596
72500,0.15940184891223907,4.032041072845459,1378.6532286020006,0.01907545986000059
72600,0.22346022725105286,3.5319533348083496,1380.5597238220005,0.019064952199998972
72700,0.16412419080734253,3.709047794342041,1382.4678545650004,0.019081307429999014
72800,0.17931824922561646,3.585684061050415,1384.3747433230003,0.01906888757999923
72900,0.18350093066692352,3.9285476207733154,1386.2834128420004,0.019086695190001137
73000,0.15534496307373047,3.554192066192627,1388.1912769420005,0.019078641000000972
73100,0.1800004541873932,3.6617565155029297,1390.0788320860006,0.01887555144000089
73200,0.17754803597927094,3.3861467838287354,1391.9792370020007,0.019004049160000706
73300,0.23747748136520386,4.422495365142822,1393.8819864520008,0.019027494500001012
73400,0.20858824253082275,3.6659181118011475,1395.7852043730009,0.019032179210000777
73500,0.22410720586776733,3.8521270751953125,1397.6926511200008,0.019074467469999946
73600,0.1880354881286621,3.8505804538726807,1399.5999159390008,0.019072648189999198
73700,0.22314009070396423,3.612941026687622,1401.507582084001,0.01907666145000121
73800,0.2909815311431885,4.175197601318359,1403.415550738001,0.01907968654000115
73900,0.18664537370204926,3.4206414222717285,1405.320250894001,0.019047001559999898
74000,0.20598790049552917,3.9003796577453613,1407.2285309630008,0.019082800689998295
74100,0.20637747645378113,3.8450393676757812,1409.1261350680008,0.018976041050000277
74200,0.2389606237411499,4.0481109619140625,1411.0332715060008,0.019071364379999522
74300,0.18563926219940186,4.164150238037109,1412.944427870001,0.01911156364000135
74400,0.17994284629821777,3.46484375,1414.847078512001,0.01902650642000026
74500,0.20376092195510864,3.9710633754730225,1416.7606726810009,0.019135941689999072
74600,0.23660719394683838,3.457003116607666,1418.6751124600007,0.019144397789998494
74700,0.19585156440734863,3.5533089637756348,1420.5858803850006,0.019107679249998455
74800,0.2321508377790451,3.2150719165802,1422.4959001890006,0.019100198040000578
74900,0.1802905797958374,3.5150279998779297,1424.4129896020006,0.019170894129999852
75000,0.18630386888980865,3.7315359115600586,1426.3195206400005,0.019065310379999117
75100,0.17978592216968536,4.122613906860352,1428.2096632040004,0.01890142563999916
75200,0.1925393044948578,3.898416757583618,1430.1100993830003,0.019004361789998255
75300,0.18123026192188263,3.6441195011138916,1432.0119486580004,0.019018492750001316
75400,0.1657308042049408,4.191008567810059,1433.9179551000004,0.019060064420000345
75500,0.11995857208967209,4.3929362297058105,1435.8243769460005,0.019064218460000573
75600,0.1887412965297699,3.973186492919922,1437.7308220090006,0.01906445063000092
75700,0.194482684135437,4.051339149475098,1439.6396066930006,0.01908784684000011
75800,0.08404892683029175,4.421026706695557,1441.5455642390007,0.019059575460000814
75900,0.13887909054756165,4.091266632080078,1443.4551135730007,0.01909549334000076
76000,0.16266068816184998,3.673032760620117,1445.3614339240007,0.019063203509999765
76100,0.2455832064151764,3.4906692504882812,1447.2539476210009,0.018925136970001404
76200,0.23336026072502136,3.3586435317993164,1449.1566315150008,0.019026838939998923
76300,0.17662838101387024,3.900861978530884,1451.0598094190007,0.019031779039999037
76400,0.20900355279445648,3.6898488998413086,1452.9657526840008,0.019059432650001328
76500,0.20333418250083923,4.739195346832275,1454.8720979190007,0.019063452349998896
76600,0.28690940141677856,4.5912861824035645,1456.7755573660008,0.019034594470001595
76700,0.17789113521575928,3.942741632461548,1458.685730850001,0.019101734840000974
76800,0.1988414227962494,3.9051945209503174,1460.592461409001,0.019067305590001523
76900,0.23470665514469147,3.860297203063965,1462.502097291001,0.01909635881999975
77000,0.37381094694137573,2.671556234359741,1464.408892626001,0.019067953349999698
77100,0.2313552349805832,3.3307361602783203,1466.304919442001,0.01896026815999903
77200,0.15069150924682617,4.132293701171875,1468.2091393270011,0.019042198850002023
77300,0.2044060379266739,3.741722583770752,1470.1135565580012,0.01904417231000025
77400,0.1572451889514923,3.5922091007232666,1472.0216071290013,0.019080505710001035
77500,0.18174858391284943,3.7913107872009277,1473.9282891670014,0.01906682038000099
77600,0.17003649473190308,4.134406089782715,1475.8350205120014,0.019067313450000255
77700,0.2093539834022522,3.9173667430877686,1477.7456183390013,0.01910597826999947
77800,0.13968560099601746,3.980666160583496,1479.6526288210014,0.019070104820000326
77900,0.2385246902704239,3.7961647510528564,1481.5614191970012,0.019087903759998425
78000,0.21962177753448486,4.035387992858887,1483.4667536520012,0.01905334455000002
78100,0.19257402420043945,3.928307056427002,1485.3563183310011,0.018895646789999318
78200,0.20950308442115784,3.7230820655822754,1487.2579730400012,0.01901654709000013
78300,0.16499954462051392,3.918452262878418,1489.1645690040011,0.01906595963999962
78400,0.1783054769039154,4.51667594909668,1491.068969448001,0.01904400443999975
78500,0.21915015578269958,3.2380330562591553,1492.974594426001,0.019056249779998778
78600,0.1714131087064743,4.093047142028809,1494.883222483001,0.01908628056999987
78700,0.2070067822933197,4.138856887817383,1496.788252022001,0.019050295389999975
78800,0.14807671308517456,4.332868576049805,1498.6972836470009,0.019090316249998976
78900,0.12252610176801682,3.6216986179351807,1500.6044675370008,0.01907183889999942
79000,0.10313236713409424,4.231163501739502,1502.5147897660008,0.019103222290000305
79100,0.19425788521766663,4.036104202270508,1504.4047960320008,0.018900062660000005
79200,0.18582233786582947,4.0754804611206055,1506.306679255001,0.019018832230001406
79300,0.19417008757591248,3.8910446166992188,1508.211082250001,0.01904402995000055
79400,0.30408182740211487,4.532549858093262,1510.117665575001,0.019065833249999286
79500,0.2157450020313263,3.7785282135009766,1512.023539247001,0.01905873672000098
79600,0.1959584653377533,3.8171401023864746,1513.930881899001,0.019073426519998975
79700,0.12220454961061478,4.475330352783203,1515.843574038001,0.019126921390000006
79800,0.1952258050441742,3.928267002105713,1517.751305064001,0.01907731025999965
79900,0.19027170538902283,4.656864166259766,1519.660248091001,0.019089430270000776
80000,0.17330314218997955,4.1177473068237305,1521.565674348001,0.019054262570000445
80100,0.16476520895957947,4.190004825592041,1523.453404854001,0.018877305060000252
80200,0.16057050228118896,3.822566032409668,1525.353739239001,0.01900334384999951
80300,0.1832539588212967,4.215025901794434,1527.2551449490009,0.019014057099998354
80400,0.15615415573120117,3.6444578170776367,1529.1602977810007,0.019051528319998852
80500,0.19514212012290955,3.7260236740112305,1531.0682503810006,0.019079525999998168
80600,0.1774805188179016,3.8805956840515137,1532.9726913250004,0.01904440943999816
80700,0.16999423503875732,3.8519363403320312,1534.8826727970004,0.019099814720000267
80800,0.1773645579814911,4.283761978149414,1536.7893502130003,0.01906677415999866
80900,0.1951713263988495,4.432463645935059,1538.6948825590002,0.01905532345999973
81000,0.1913752555847168,3.8328020572662354,1540.6041450850003,0.019092625260000204
81100,0.1832883059978485,3.944864273071289,1542.4951405410002,0.01890995455999928
81200,0.10866083204746246,6.418651580810547,1544.3949612370002,0.018998206960000062
81300,0.22114455699920654,4.680405139923096,1546.2943669420001,0.018994057049999357
81400,0.2342452108860016,3.528557300567627,1548.1962888690002,0.019019219270001032
81500,0.19394631683826447,4.335921764373779,1550.1023697380003,0.01906080869000107
81600,0.15647053718566895,3.866715669631958,1552.0069948540004,0.01904625116000034
81700,0.21968376636505127,3.784733533859253,1553.9147185110003,0.01907723656999906
81800,0.15917831659317017,3.729236602783203,1555.8225151130002,0.019077966019999622
81900,0.1993081122636795,4.460434913635254,1557.7295591900001,0.019070440769999097
82000,0.18483063578605652,4.292216777801514,1559.639083472,0.019095242819998928
82100,0.1678943634033203,4.415722370147705,1561.532512233,0.018934287609999954
82200,0.12561927735805511,4.291743278503418,1563.4353559290003,0.01902843696000218
82300,0.1580560803413391,3.9439706802368164,1565.3382561510002,0.019029002219999713
82400,0.15853668749332428,3.470146656036377,1567.244595568,0.019063394169997992
82500,0.19638381898403168,3.8595385551452637,1569.15037529,0.01905779722000034
82600,0.10114786028862,5.664062976837158,1571.056855027,0.01906479736999927
82700,0.29048019647598267,3.478732109069824,1572.965455585,0.01908600557999989
82800,0.1274392306804657,4.108744144439697,1574.872717444,0.01907261859000073
82900,0.19194988906383514,4.293087959289551,1576.780150625,0.019074331809999876
83000,0.19940301775932312,3.8530025482177734,1578.688802554,0.01908651928999916
83100,0.17611852288246155,3.9255237579345703,1580.575951819,0.01887149265000062
83200,0.18550541996955872,3.8764851093292236,1582.4748487489999,0.018988969299998645
83300,0.16081279516220093,5.160799980163574,1584.376835162,0.019019864130000314
83400,0.34591323137283325,3.3779239654541016,1586.277856042,0.019010208800000327
83500,0.17920729517936707,3.9063076972961426,1588.183398247,0.019055422050000742
83600,0.19155952334403992,3.850674629211426,1590.089224748,0.01905826501000092
83700,0.21544255316257477,4.138748645782471,1591.9951866190002,0.01905961871000045
83800,0.13140666484832764,3.9657797813415527,1593.899978779,0.019047921599999428
83900,0.1869187355041504,3.9450387954711914,1595.8093961370002,0.019094173580001553
84000,0.14527146518230438,3.738802433013916,1597.7167168170001,0.019073206799998844
84100,0.13698577880859375,3.767805576324463,1599.6092247070003,0.01892507890000161
84200,0.1353408545255661,4.712032318115234,1601.5120701710002,0.01902845463999938
84300,0.15116596221923828,3.938350200653076,1603.4163310960002,0.01904260925000017
84400,0.13835680484771729,4.200411319732666,1605.3236123740003,0.019072812780000278
84500,0.17947445809841156,4.4143853187561035,1607.2293529300005,0.019057405560001826
84600,0.17396122217178345,4.409447193145752,1609.1346728880003,0.01905319957999836
84700,0.16420739889144897,4.593796730041504,1611.0437715770004,0.01909098689000075
84800,0.1619822084903717,4.641081809997559,1612.9509362080005,0.019071646310001144
84900,0.1607210785150528,4.099721431732178,1614.8597866900004,0.019088504819999342
85000,0.13572143018245697,4.538418769836426,1616.7683541830004,0.01908567492999964
85100,0.16610507667064667,3.8910560607910156,1618.6574724240004,0.018891182410000054
85200,0.17524240911006927,4.4429779052734375,1620.5600011750003,0.019025287509998635
85300,0.18220281600952148,3.9229021072387695,1622.4666839050003,0.019066827300000568
85400,0.1636015772819519,4.323540687561035,1624.3728533590001,0.01906169453999837
85500,0.1423494815826416,3.9266443252563477,1626.2818293700002,0.0190897601100005
85600,0.14650438725948334,4.089702606201172,1628.1896103640001,0.019077809939999496
85700,0.1260499805212021,4.161391258239746,1630.095304997,0.01905694632999939
85800,0.1420833170413971,4.090007305145264,1632.0033258400001,0.01908020843000031
85900,0.13905498385429382,4.622579574584961,1633.9122697070002,0.019089438670000618
86000,0.1953132152557373,4.453539848327637,1635.822181786,0.019099120789999233
86100,0.22547033429145813,4.183224678039551,1637.717564152,0.018953823659999217
86200,0.11631925404071808,5.324174880981445,1639.6191631460001,0.019015989940000963
86300,0.14246873557567596,4.765892028808594,1641.524832201,0.01905669054999862
86400,0.1602019965648651,4.291872024536133,1643.431317347,0.019064851460000226
86500,0.17550843954086304,4.144327163696289,1645.338545089,0.019072277420000318
86600,0.19979718327522278,3.697859764099121,1647.2462028520001,0.019076577630000882
86700,0.1828533411026001,4.893618583679199,1649.1550202820001,0.019088174299999993
86800,0.44730234146118164,3.520392894744873,1651.063142427,0.019081221449998794
86900,0.15109902620315552,4.402164936065674,1652.9742999339999,0.019111575069998707
87000,0.18167820572853088,4.211087703704834,1654.8811002139998,0.019068002799999702
87100,0.13962887227535248,4.35747766494751,1656.772264496,0.018911642820000907
87200,0.16120252013206482,4.113814830780029,1658.6723767499998,0.019001122539998506
87300,0.18014350533485413,3.7662978172302246,1660.5745071119998,0.019021303619999798
87400,0.1295250654220581,3.921113967895508,1662.4766264079997,0.019021192959999097
87500,0.1872558891773224,4.176261901855469,1664.3824479229995,0.019058215149998434
87600,0.137937992811203,4.499969005584717,1666.2893578379997,0.01906909915000142
87700,0.16053128242492676,4.149004936218262,1668.1977972539996,0.019084394159999647
87800,0.1638685166835785,3.8323798179626465,1670.1045772769996,0.0190678002300001
87900,0.15233460068702698,4.188344955444336,1672.0133151689997,0.0190873789200009
88000,0.1583784967660904,4.519399642944336,1673.9227948129999,0.019094796440001574
88100,0.22247880697250366,4.112800598144531,1675.8145880739999,0.018917932609999754
88200,0.10941638052463531,4.050554275512695,1677.7164860369999,0.019018979630000103
88300,0.16718801856040955,4.354596138000488,1679.6186374369997,0.01902151399999866
88400,0.18695837259292603,5.096595764160156,1681.5230052139998,0.019043677770000614
88500,0.21757546067237854,4.023952484130859,1683.4284436439998,0.01905438430000004
88600,0.30443572998046875,5.118553638458252,1685.3337087009998,0.019052650569999514
88700,0.19758212566375732,3.9789230823516846,1687.2437143279997,0.019100056269999187
88800,0.22637136280536652,4.724508762359619,1689.1505452609997,0.019068309330000376
88900,0.20868080854415894,4.360048294067383,1691.0583595839998,0.019078143230001388
89000,0.18802428245544434,5.200464248657227,1692.9712757429998,0.01912916158999906
89100,0.20123600959777832,3.968557596206665,1694.8601830859996,0.018889073429998005
89200,0.23303359746932983,3.8330442905426025,1696.7605604259995,0.01900377339999977
89300,0.190622478723526,4.0568013191223145,1698.6672749699997,0.01906714544000124
89400,0.15162833034992218,4.055422306060791,1700.5793220329997,0.019120470630000455
89500,0.15907767415046692,4.374722480773926,1702.4975857819998,0.019182637490000615
89600,0.1281333863735199,3.8543455600738525,1704.4061794289998,0.019085936470000887
89700,0.16052573919296265,3.8307604789733887,1706.319640518,0.01913461089000066
89800,0.14672663807868958,4.287209987640381,1708.229485091,0.019098445730001003
89900,0.13838188350200653,4.282481670379639,1710.153451785,0.019239666940000007
90000,0.139735147356987,4.816521167755127,1712.061860548,0.019084087629998976
90100,0.1620706021785736,4.168338775634766,1713.9574960759999,0.01895635527999957
90200,0.11758032441139221,4.614221096038818,1715.8724262489998,0.019149301729999024
90300,0.12141863256692886,4.412045478820801,1717.7774073409998,0.019049810920000708
90400,0.16560235619544983,4.799318790435791,1719.6871058259999,0.019096984850000352
90500,0.2037765085697174,4.691924095153809,1721.596079836,0.019089740100000654
90600,0.1898714303970337,3.8006465435028076,1723.507943895,0.019118640589999812
90700,0.27991509437561035,4.149130821228027,1725.415122117,0.019071782220000843
90800,0.206182062625885,4.236142635345459,1727.324391465,0.019092693479999524
90900,0.20287752151489258,4.728481292724609,1729.232303559,0.019079120940000395
91000,0.17242194712162018,3.9771909713745117,1731.14343697,0.01911133411000037
91100,0.15336287021636963,4.804396629333496,1733.033218704,0.01889781734000053
91200,0.2104744166135788,5.363447666168213,1734.9342907900002,0.019010720860001128
91300,0.15258637070655823,4.6306538581848145,1736.8375050910001,0.019032143009999346
91400,0.1829298436641693,5.007233619689941,1738.7425657530002,0.01905060662000096
91500,0.1403791606426239,3.976943016052246,1740.6481496740003,0.019055839210000158
91600,0.1811211109161377,5.062276840209961,1742.5588669910003,0.019107173170000352
91700,0.2206336408853531,3.7865540981292725,1744.4652907410002,0.019064237499999307
91800,0.1167871505022049,4.3003153800964355,1746.3700769250001,0.019047861839999312
91900,1.3824502229690552,5.466670036315918,1748.2789954580003,0.019089185330001326
92000,0.18493787944316864,4.2725911140441895,1750.1855064530002,0.019065109949999624
92100,0.15237930417060852,4.276491641998291,1752.0769999740003,0.018914935210000296
92200,0.13284699618816376,3.923624038696289,1753.9782788480004,0.01901278874000127
92300,0.14283588528633118,4.731133460998535,1755.8825713940005,0.01904292546000079
92400,0.15382975339889526,4.493204116821289,1757.8210239190005,0.019384525250000024
92500,0.12831495702266693,4.515413761138916,1759.7342169200003,0.019131930009998542
92600,0.08728718757629395,4.281278610229492,1761.6417889040004,0.019075719840000147
92700,0.15278640389442444,4.537175178527832,1763.5521627850003,0.019103738809999413
92800,0.1238105520606041,4.477546691894531,1765.4597148830003,0.019075520979999965
92900,0.14218032360076904,3.835761547088623,1767.373413553,0.019136986699998033
93000,0.29926797747612,5.432929039001465,1769.286149112,0.019127355589998844
93100,0.17082291841506958,4.1343512535095215,1771.1851619430001,0.018990128310001637
93200,0.10946112126111984,4.272492408752441,1773.09789706,0.019127351169997836
93300,0.1648084819316864,4.22578239440918,1775.0087276719998,0.01910830611999927
93400,0.12601512670516968,4.64268684387207,1776.9200393079998,0.019113116359999367
93500,0.13563203811645508,4.378273963928223,1778.8372720049997,0.019172326969999175
93600,0.152689591050148,4.700688362121582,1780.7499095569997,0.019126375519999784
93700,0.09512574970722198,5.137343406677246,1782.6607123959996,0.01910802838999871
93800,0.11438282579183578,4.211274147033691,1784.5753955689995,0.019146831729999578
93900,0.1500651240348816,4.320961952209473,1786.4905112419997,0.01915115673000173
94000,0.11760255694389343,4.263762474060059,1788.4007545089996,0.019102432669999416
94100,0.10997973382472992,4.23814058303833,1790.3044143239997,0.019036598150000826
94200,0.21621081233024597,4.270884990692139,1792.2175327979996,0.019131184739999297
94300,0.24881741404533386,4.851363182067871,1794.1282536159997,0.019107208180000727
94400,0.2513156235218048,4.457319259643555,1796.0410164289997,0.01912762812999972
94500,0.12898515164852142,4.340758800506592,1797.9521591149996,0.019111426859999482
94600,0.18940229713916779,4.795143127441406,1799.8627435549997,0.019105844400000932
94700,0.15139347314834595,4.413784503936768,1801.7761424069997,0.019133988520000002
94800,0.12684714794158936,5.152887344360352,1803.6860727909998,0.01909930384000063
94900,0.11908546835184097,5.011521816253662,1805.5991335219996,0.019130607309998594
95000,0.1337774097919464,4.7345685958862305,1807.5158407029996,0.019167071809999926
95100,0.10578055679798126,4.4120941162109375,1809.4130507099997,0.018972100070000122
95200,0.14368538558483124,4.950622081756592,1811.3231053669997,0.01910054657000046
95300,0.20034301280975342,4.2740278244018555,1813.2319193009998,0.01908813934000136
95400,0.17724791169166565,4.4391865730285645,1815.1445501649998,0.019126308639999933
95500,0.1422598659992218,4.927420616149902,1817.0558367269998,0.019112865619999867
95600,0.14460551738739014,5.118984699249268,1818.9706900029998,0.01914853276000031
95700,0.23155243694782257,4.4872145652771,1820.8871880069998,0.019164980040000047
95800,1.106802225112915,3.8364486694335938,1822.806878039,0.019196900320000623
95900,0.1774224489927292,4.269524574279785,1824.725629662,0.01918751623000162
96000,0.10084610432386398,4.738314151763916,1826.6373540190002,0.019117243570001392
96100,0.13911902904510498,4.740536689758301,1828.5326320120002,0.01895277993000036
96200,0.16596569120883942,4.048708915710449,1830.435191262,0.019025592499997402
96300,0.12327498942613602,4.935464382171631,1832.3427177910003,0.01907526529000279
96400,0.11826956272125244,4.806384086608887,1834.2522759600006,0.0190955816900032
96500,0.15275615453720093,4.215212345123291,1836.1637800880007,0.019115041280001605
96600,0.1611216813325882,4.1127543449401855,1838.0771885000004,0.01913408411999626
96700,0.1410420536994934,3.986772060394287,1839.9911714810005,0.019139829810001174
96800,0.17399607598781586,4.404198169708252,1841.9012924700005,0.019101209890000064
96900,0.1200820803642273,4.698206424713135,1843.8096304590003,0.01908337988999847
97000,0.12186018377542496,4.913664817810059,1845.7263189820005,0.019166885230001752
97100,0.1622844636440277,4.77516508102417,1847.6108796550006,0.018845606730001237
97200,0.1571229249238968,4.163881301879883,1849.4999132930006,0.018890336380000008
97300,0.13941872119903564,4.335735321044922,1851.394138954001,0.018942256610002914
97400,0.11639153957366943,5.205564022064209,1853.2954279220007,0.019012889679997896
97500,0.21789652109146118,4.0835723876953125,1855.1974511570006,0.01902023234999888
97600,0.22357416152954102,4.2446746826171875,1857.0984251360005,0.019009739789999
97700,0.1705852448940277,4.432063102722168,1859.0016820420005,0.01903256906000024
97800,0.12969346344470978,4.951190948486328,1860.9066202590002,0.019049382169996534
97900,0.1493436098098755,4.77021598815918,1862.813884365,0.019072641059997297
98000,0.14339320361614227,4.635231018066406,1864.725663053,0.019117786880001403
98100,0.13898998498916626,4.167712211608887,1866.612526427,0.018868633739998586
98200,0.16868473589420319,4.485340595245361,1868.5111094079998,0.018985829809998904
98300,0.14118975400924683,4.813577175140381,1870.412064215,0.019009548070002893
98400,0.11810039728879929,4.290470600128174,1872.3142237850002,0.019021595700000945
98500,0.18533453345298767,4.067774772644043,1874.2189949010003,0.019047711160001198
98600,0.11480145901441574,4.597097873687744,1876.1272611910003,0.019082662900000286
98700,0.1533125340938568,4.036142826080322,1878.0371052680002,0.01909844076999889
98800,0.14820849895477295,4.754125118255615,1879.9429917349999,0.019058864669996182
98900,0.20755861699581146,4.50511360168457,1881.8503446099999,0.01907352875000015
99000,0.11754308640956879,4.507105827331543,1883.7549663629998,0.01904621752999901
99100,0.16636157035827637,4.181156158447266,1885.6359348109995,0.018809684479997486
99200,0.1333627998828888,4.7692646980285645,1887.5335288849992,0.018975940739996987
99300,0.06948422640562057,5.290672302246094,1889.430354225999,0.018968253409998397
99400,0.14845120906829834,4.15922212600708,1891.325277419999,0.018949231940000574
99500,0.20193473994731903,5.258636951446533,1893.2212135259988,0.018959361059996807
99600,0.20936395227909088,3.7974512577056885,1895.1173760379988,0.018961625120000464
99700,0.16423332691192627,4.646015644073486,1897.0153149629991,0.018979389250002896
99800,0.1277715563774109,4.93641996383667,1898.9167652239994,0.019014502610002638
99900,0.10086353123188019,4.5146403312683105,1900.8192477129996,0.01902482489000249
100000,0.15924860537052155,4.224287986755371,1902.7268192619995,0.019075715489998403
